,0
thrL,ECK0001
thrA,"ECK0002,Hs,thrA1,thrA2,thrD"
thrB,ECK0003
thrC,ECK0004
yaaX,ECK0005
yaaA,ECK0006
yaaJ,ECK0007
talB,"ECK0008,yaaK"
mog,"bisD,chlG,ECK0009,mogA,yaaG"
satP,"ECK0010,yaaH"
yaaW,ECK0011
mbiA,"ECK0012,htgA,htpY"
yaaI,ECK0013
dnaK,"ECK0014,groPAB,groPC,groPF,grpC,grpF,seg"
dnaJ,"ECK0015,groP,grpC"
insL1,"ECK0016,yi81-1"
mokC,"ECK0018,gefL"
hokC,"ECK0017,gef"
sokC,"ECK0019,sof"
nhaA,"ant,antA,ECK0020"
nhaR,"antO,ECK0021,yaaB"
insB1,ECK0022
insA1,ECK0023
rpsT,"ECK0024,sup(s20),supS,supS20"
yaaY,ECK0025
ribF,"ECK0026,yaaC"
ileS,"ECK0027,ilvS"
lspA,"ECK0028,lsp"
fkpB,"ECK0029,slpA,yaaD"
ispH,"ECK0030,lytB,yaaE"
rihC,"ECK0031,yaaF"
dapB,ECK0032
carA,"arg,cap,ECK0033,pyrA"
carB,"cap,ECK0034,pyrA"
caiF,ECK0035
caiE,ECK0036
caiD,"ECK0037,yaaL"
caiC,"ECK0038,yaaM"
caiB,"ECK0039,yaaN"
caiA,"ECK0040,yaaO"
caiT,"ECK0041,yaaP"
fixA,"ECK0042,yaaQ"
fixB,"ECK0043,yaaR"
fixC,"ECK0044,yaaS"
fixX,"ECK0045,yaaT"
yaaU,"ECK0046,yabE"
kefF,"ECK0047,yabF"
kefC,"ECK0048,trkC"
folA,"ECK0049,tmr,tmrA"
apaH,"cfcB,ECK0050"
apaG,ECK0051
rsmA,"ECK0052,ksgA"
pdxA,ECK0053
surA,ECK0054
lptD,"ECK0055,imp,ostA,yabG"
djlA,"ECK0056,yabH"
yabP,"b4659,ECK0057"
yabQ,"b4659,ECK0058"
rluA,"ECK0059,yabO"
rapA,"ECK0060,hepA,yabA"
polB,"dinA,ECK0061"
araD,ECK0062
araA,ECK0063
araB,ECK0064
araC,ECK0065
yabI,ECK0066
thiQ,"ECK0067,sfuC,yabJ"
thiP,"ECK0068,sfuB,yabK"
thiB,"ECK0069,sfuA,tbpA,yabL"
sroA,"ECK4619,tpe79"
sgrR,"ECK0070,yabN"
sgrS,"ECK0071,ryaA"
sgrT,ECK4477
setA,"ECK0072,yabM"
leuD,ECK0073
leuC,ECK0074
leuB,ECK0075
leuA,ECK0076
leuL,"ECK0077,leuIP,leulL,leulLP,leuLP"
leuO,ECK0078
yabR,ECK4583
ilvI,ECK0079
ilvH,"brnP,ECK0080"
cra,"ECK0081,fruC,fruR,shl"
mraZ,"ECK0082,yabB"
rsmH,"ECK0083,mraW,yabC"
ftsL,"ECK0084,mraR,yabD"
ftsI,"ECK0085,pbpB,sep"
murE,ECK0086
murF,"ECK0087,mra"
mraY,"ECK0088,murX"
murD,ECK0089
ftsW,ECK0090
murG,ECK0091
murC,ECK0092
ddlB,"ddl,ECK0093"
ftsQ,ECK0094
ftsA,"divA,ECK0095"
ftsZ,"ECK0096,sfiB,sulB"
lpxC,"asmB,ECK0097,envA"
secM,"ECK0098,srrA,yacA"
secA,"azi,ECK0099,pea,prlD"
mutT,"ECK0100,nudA"
yacG,ECK0101
zapD,"ECK0102,yacF"
coaE,"ECK0103,yacE"
yacM,ECK4584
guaC,ECK0104
hofC,"ECK0105,hopC,yacD"
hofB,"ECK0106,hopB"
ppdD,ECK0107
nadC,ECK0108
ampD,ECK0109
ampE,ECK0110
aroP,"aroR,ECK0111"
pdhR,"aceC,ECK0112,genA,yacB"
aceE,ECK0113
aceF,ECK0114
lpd,"dhl,ECK0115,lpdA"
yacH,ECK0116
acnB,"ECK0117,yacI,yacJ"
yacL,ECK0118
speD,ECK0119
speE,ECK0120
yacC,ECK0121
cueO,"ECK0122,yacK"
gcd,ECK0123
hpt,ECK0124
can,"ECK0125,yadF"
yadG,ECK0126
yadH,ECK0127
yadI,"agaX,ECK0128"
yadE,ECK0129
panD,ECK0130
rpnC,"ECK0131,yadD"
panC,ECK0132
panB,ECK0133
yadC,ECK0134
yadK,ECK0135
yadL,ECK0136
yadM,ECK0137
htrE,ECK0138
yadV,"ECK0139,ecpD"
yadN,ECK0140
folK,ECK0141
pcnB,ECK0142
gluQ,"ECK0143,yadB"
dksA,"ECK0144,msmA"
sfsA,"ECK0145,sfs,sfs1"
thpR,"ECK0146,ligT,yadP"
hrpB,"ECK0147,yadO"
mrcB,"ECK0148,pbpF,ponB"
fhuA,"ECK0149,T1,T5rec,tonA"
fhuC,ECK0150
fhuD,ECK0151
fhuB,ECK0152
hemL,"ECK0153,gsa,popC"
yadX,ECK4622
clcA,"ECK0154,eriC,yadQ"
yadW,ECK4585
erpA,"ECK0155,yadR"
yadS,ECK0156
btuF,"ECK0157,yadT"
mtn,"ECK0158,mtnN,pfs,yadA"
dgt,"ECK0159,optA"
degP,"ECK0160,htrA,ptd"
cdaR,"ECK0161,sdaR,yaeG"
yaeH,ECK0162
yaeI,ECK0163
dapD,"ECK0164,ssa"
glnD,"ECK0165,glnD5"
map,ECK0166
tff,"ECK0167,t44"
rpsB,ECK0168
tsf,ECK0169
pyrH,"ECK0170,smbA,umk"
frr,"ECK0171,rrf"
dxr,"ECK0172,ispC,yaeM"
uppS,"ECK0173,ispU,rth,yaeS"
cdsA,"cds,ECK0174"
rseP,"ecfE,ECK0175,yaeL"
bamA,"ecfK,ECK0176,yaeT,yzzN,yzzY"
skp,"ECK0177,firA,hlpA,ompH"
lpxD,"ECK0178,firA,omsA"
fabZ,"ECK0179,sabA1,sefA,sfhC21,yaeA"
lpxA,ECK0180
lpxB,"ECK0181,pgsB"
rnhB,ECK0182
dnaE,"ECK0183,polC,sdgC"
accA,ECK0184
ldcC,"ECK0185,ldc,ldcH"
yaeR,ECK0186
tilS,"ECK0187,mesJ,yaeN"
rof,"ECK0188,yaeO"
yaeP,ECK0189
yaeQ,ECK0190
arfB,"ECK0191,yaeJ"
nlpE,"cutF,ECK0192"
yaeF,"ECK0193,yaeK"
proS,"drp,drpA,ECK0194"
trmO,"ECK0195,tsaA,yaeB"
rcsF,ECK0196
metQ,"ECK0197,metD,yaeC"
metI,"ECK0198,metD,yaeE"
metN,"abc,ECK0199,metD"
gmhB,"ECK0200,yaeD"
rrsH,ECK0201
ileV,ECK0202
alaV,ECK0203
rrlH,ECK0204
rrfH,ECK0205
aspU,ECK0206
dkgB,"ECK0207,yafB"
yafC,ECK0208
yafD,ECK0209
yafE,ECK0210
mltD,"dniR,ECK0211,yafG"
gloB,"ECK0212,yafR"
yafS,ECK0213
rnhA,"cer,dasF,ECK0214,herA,rnh,sdrA,sin"
dnaQ,"ECK0215,mutD"
aspV,ECK0216
yafT,ECK0217
ykfM,ECK4397
yafU,ECK0218
yafF,ECK0219
yafV,ECK0220
ivy,"ECK0221,ykfE"
fadE,"ECK0222,yafH"
gmhA,"ECK0223,lpcA,tfrA,yafI"
yafJ,ECK0224
ldtF,"ECK0225,yafK"
yafQ,ECK0226
dinJ,"ECK0227,sosA"
yafL,ECK0228
rayT,"ECK0229,yafM"
lfhA,"ECK0230,fhiA"
lafU,"ECK0231,mbhA"
dinB,"dinP,ECK0232"
yafN,ECK0233
yafO,ECK0234
yafP,ECK0235
ykfJ,ECK0236
prfH,ECK0237
pepD,"ECK0238,pepH"
gpt,"ECK0239,glyD,gpp,gxu"
frsA,"ECK0240,yafA"
crl,ECK0241
insB9,ECK4567
insA9,ECK4566
phoE,"ECK0242,ompE"
proB,"ECK0243,pro(2),pro2"
proA,"ECK0244,pro(1),pro1"
thrW,ECK0245
ykfN,ECK4458
ykfI,ECK0246
yafW,ECK0247
ykfH,ECK0248
ykfG,ECK0249
yafX,ECK0250
ykfF,ECK0251
ykfB,ECK0252
yafY,ECK0253
ykfL,ECK4445
ykfK,ECK4444
yafZ,ECK0254
ykfA,ECK0255
perR,ECK0256
insN,"b0255,b0257,ECK0257,yi91a"
insI1,"ECK0258,tra8-1"
eyeA,ECK4506
ykfC,ECK0260
insH1,"ECK0261,trs5,trs5-1,yi52_1"
mmuP,"ECK0262,ykfD"
mmuM,"ECK0263,yagD"
afuC,"ECK0264,fbpC,yagC"
afuB,"ECK0265,fbpB"
insB2,ECK0022
insA2,ECK0023
insI2,"ECK0258,tra8-2"
insX,"ECK0266,ECK4473,ykgN"
yagB,ECK0267
yagA,ECK0268
yagE,ECK0269
yagF,ECK0270
yagG,ECK0271
yagH,ECK0272
xynR,"ECK0273,yagI"
argF,ECK0274
argL,ECK4623
ykgS,ECK4504
insB3,ECK0022
insA3,ECK0023
yagJ,ECK0275
yagK,ECK0276
yagL,ECK0277
yagM,ECK0278
ykgV,ECK4586
yagN,ECK0279
intF,"ECK0280,yagO"
yagP,"b4695,ECK0281,ykgT"
paoD,"ECK0282,yagQ"
paoC,"ECK0283,yagR"
paoB,"ECK0284,yagS"
paoA,"ECK0285,yagT"
yagU,ECK0286
ykgJ,ECK0287
ecpE,"ECK0288,matF,yagV"
ecpD,"ECK0289,matE,yagW"
ecpC,"ECK0290,matD,yagX"
ecpB,"ECK0291,matC,yagY"
ecpA,"ECK0292,matB,yagZ"
ecpR,"ECK0293,matA,ykgK"
ykgL,ECK0294
ykgO,ECK0295
ykgM,ECK0296
ykgR,ECK4486
ykgP,ECK4446
eaeH,ECK0297
insE1,ECK0298
insF1,"ECK0299,tra5-5"
ykgA,ECK0300
ykgQ,ECK4454
rclC,"ECK0301,ykgB"
rclB,"ECK0302,ykgI"
rclA,"ECK0303,ykgC"
rclR,"ECK0304,ykgD"
ykgE,ECK0305
ykgF,ECK0306
ykgG,ECK0307
ykgH,ECK0308
betA,ECK0309
betB,ECK0310
betI,ECK0311
betT,ECK0312
yahV,ECK4587
pdeL,"ECK0313,yahA"
yahB,ECK0314
yahC,ECK0315
yahD,ECK0316
yahE,ECK0317
yahF,ECK0318
yahG,ECK0319
yahH,ECK0320
yahI,ECK0321
yahJ,ECK0322
yahK,ECK0323
yahL,ECK0324
yahM,ECK0325
yahN,ECK0326
yahO,ECK0327
prpR,"ECK0328,yahP"
prpB,"ECK0329,yahQ"
prpC,"ECK0330,yahS,yzzD"
prpD,"acnC,ECK0331,yahT"
prpE,"ECK0332,yahU"
codB,ECK0333
codA,ECK0334
cynR,ECK0335
cynT,ECK0336
cynS,"cnt,cyaN,ECK0337"
cynX,ECK0338
lacA,ECK0339
lacY,ECK0340
lacZ,ECK0341
lacI,ECK0342
mhpR,ECK0343
mhpA,ECK0344
mhpB,ECK0345
mhpC,ECK0346
mhpD,"ECK0347,mhpS"
mhpF,ECK0348
mhpE,ECK0349
mhpT,"ECK0350,yaiK"
yaiL,ECK0351
frmB,"ECK0352,yaiM"
frmA,"adhC,ECK0353"
frmR,"ECK0354,yaiN"
yaiO,ECK0355
yaiX,"b0359,b0362,ECK0356,ECK0359,yaiF"
insC1,"ECK0357,yi21-1"
insD1,"ECK0358,yi22-1"
yaiP,ECK0360
ykiC,ECK4588
yaiS,ECK0361
tauA,"ECK0362,ssiA,yaiR"
tauB,"ECK0363,ssiB,yaiQ"
tauC,"ECK0364,ssiC,yaiJ"
tauD,"ECK0365,ssiD,yaiG"
hemB,"ECK0366,ncf"
yaiT,"b0371,b0374,ECK0368,ECK0369,yaiU"
ytiB,ECK4624
insF2,"ECK0299,tra5-1"
insE2,ECK0298
iprA,"ECK0370,yaiV"
ampH,"ECK0371,yaiH"
sbmA,ECK0372
yaiW,ECK0373
yaiY,ECK0374
yaiZ,ECK0375
ddlA,ECK0376
iraP,"ECK0377,yaiB"
phoA,"ECK0378,psiA"
psiF,ECK0379
dgcC,"adrA,ECK0380,yaiC"
proC,"ECK0381,pro(3),Pro2,pro3"
yaiI,ECK0382
aroL,ECK0383
yaiA,ECK0384
aroM,ECK0385
ppnP,"ECK0386,yaiE"
ykiA,ECK0387
ykiD,ECK4589
rdgC,"ECK0388,yaiD"
mak,"ECK0389,yajF"
araJ,"araT,ECK0390"
sbcC,ECK0391
sbcD,"ECK0392,yajA"
phoB,"ECK0393,phoRc,phoT"
phoR,"ECK0394,nmpB,phoR1,R1pho"
brnQ,"ECK0395,hrbA"
proY,"ECK0396,yajM"
malZ,ECK0397
acpH,"ECK0398,yajB"
queA,"ECK0399,tsaA"
tgt,"ECK0400,vacC(S.f.)"
yajC,ECK0401
secD,ECK0402
secF,ECK0403
yajD,ECK0404
tsx,"ECK0405,nupA,T6rec"
yajI,ECK0406
nrdR,"ECK0407,ybaD"
ribD,"ECK0408,nusII,ribG,ybaE"
ribE,"ECK0409,nusIII,ribH,ybaF"
nusB,"ECK0410,groNB,ssaD,ssyB"
thiL,"ECK0411,thiJ"
pgpA,"ECK0412,yajN"
yajO,ECK0413
dxs,"ECK0414,yajP"
ispA,ECK0415
xseB,"ECK0416,yajE"
thiI,"ECK0417,nuvA,yajK"
yajL,"ECK0418,thiJ"
panE,"apbA,ECK0419"
yajQ,ECK0420
yajR,ECK0421
cyoE,ECK0422
cyoD,ECK0423
cyoC,ECK0424
cyoB,ECK0425
cyoA,ECK0426
ampG,ECK0427
yajG,ECK0428
bolA,ECK0429
tig,ECK0430
clpP,"ECK0431,lopP"
clpX,"ECK0432,lopC"
lon,"capR,deg,dir,ECK0433,lopA,muc"
hupB,"dbhB,dpeA,ECK0434,hopD"
ppiD,"ECK0435,ybaU"
ybaV,"comEA,ECK0436"
fadM,"ECK0437,tesC,ybaW"
queC,"ECK0438,ybaX"
ybaE,ECK0439
cof,ECK0440
decR,"cyuR,ECK0441,ybaO"
mdlA,"ECK0442,mdl"
mdlB,"ECK0443,mdl"
glnK,"ECK0444,ybaI"
amtB,"ECK0445,ybaG"
tesB,ECK0446
ybaY,ECK0447
ybaZ,"atl,ECK0448"
ffs,ECK0449
ybaA,ECK0450
pdeB,"ECK0451,ylaB"
ylaC,ECK0452
maa,"ECK0453,ylaD"
hha,ECK0454
tomB,"ECK0455,ybaJ"
acrB,"acrE,ECK0456"
acrA,"ECK0457,lir,Mb,mbl,mtcA,nbsA,sipB"
acrR,"ECK0458,ybaH"
mscK,"aefA,ECK0459,kefA"
ybaM,ECK0460
priC,ECK0461
ybaN,ECK0462
apt,ECK0463
dnaX,"dnaZ,ECK0464"
ybaB,ECK0465
recR,ECK0466
htpG,ECK0467
adk,"dnaW,ECK0468,plsA"
hemH,"ECK0469,popA,visA"
aes,"ECK0470,ybaC"
gsk,ECK0471
ybaL,"ECK0472,ylaA"
fsr,ECK0473
ushA,ECK0474
ybaK,ECK0475
chiX,"ECK4396,micM,rybC,sroB"
ybaP,ECK0476
ybaQ,ECK0477
copA,"ECK0478,ybaR"
glsA,"ECK0479,ybaS"
ybaT,ECK0480
cueR,"copR,ECK0481,ybbI"
ybbJ,ECK0482
qmcA,"ECK0483,ybbK"
fetA,"ECK0484,ybbL"
fetB,"ECK0485,ybbM"
cnoX,"ECK0486,ybbN"
ybbO,ECK0487
tesA,"apeA,ECK0488,pldC"
ybbA,ECK0489
ybbP,ECK0490
rhsD,ECK0491
ybbC,ECK0492
ylbH,"ECK0493,rhsH"
ybbD,"b0500,ECK0494"
ylbI,ECK4441
ylbG,ECK0495
selU,"ECK0496,mnmH,ybbB"
allS,"ECK0497,glxA1,ybbS"
allA,"ECK0498,glxA2,ybbT"
allR,"ECK0499,glxA3,ybbU"
gcl,ECK0500
hyi,"ECK0501,gip,ybbG"
glxR,"ECK0502,glxB1,ybbQ"
ybbW,"allP,ECK0504,glxB2"
allB,"ECK0505,glxB3,ybbX"
ybbY,"ECK0506,glxB4"
glxK,"ECK0507,glxB5,ybbZ"
allE,"ECK0508,glxB6,ughY,ylbA"
allC,"ECK0509,glxB7,ylbB"
allD,"ECK0510,glxB8,ylbC"
fdrA,"ECK0511,ylbD"
ylbE,"b0519,b4507,ECK0512,G0-10554"
ylbF,ECK0513
ybcF,ECK0514
purK,"ECK0515,purE2"
purE,"ade,ade(f),ade3,ECK0516,Pur2"
lpxH,"ECK0517,ybbF"
ppiB,ECK0518
cysS,"ECK0519,syc"
ybcI,ECK0520
ybcJ,ECK0521
folD,"ads,ECK0522"
sfmA,ECK0523
sfmC,ECK0524
sfmD,ECK0525
sfmH,ECK0526
sfmF,"ECK0527,ybcG"
fimZ,"ECK0528,ybcA"
argU,"dnaY,ECK0529,pin"
intD,"ECK0530,int"
xisD,"ECK4435,ybcB"
exoD,"ECK0531,ybcC"
peaD,"ECK0532,ybcD"
renD,"ECK0533,ybcE"
insE3,ECK0298
insF3,"ECK0299,tra5-2"
emrE,"eb,ECK0534,mvrC"
ylcJ,ECK4590
ybcK,ECK0535
ybcL,ECK0536
ybcM,ECK0537
ylcH,ECK4398
ybcN,ECK0538
ninE,ECK0539
ybcO,ECK0540
rusA,"ECK0541,rus,ybcP"
ylcG,ECK0542
quuD,"ECK0543,ybcQ"
nmpC,"ECK0544,phmA"
insH2,"ECK0261,trs5-2,yi52_2"
essD,"ECK0545,vlyS,ybcR"
rrrD,"ECK0546,lycV,ybcS"
rzpD,"ECK0547,ybcT"
rzoD,ECK0548
borD,"bor,ECK0549,iss,vboR,ybcU"
ybcV,ECK0550
ybcW,ECK0551
ylcI,ECK4399
nohD,"ECK0552,nohB"
aaaD,"ECK4439,ylcF"
tfaD,"ECK0553,ybcX"
ybcY,ECK0554
tfaX,"ECK0555,ylcE"
appY,ECK0556
ompT,ECK0557
envY,ECK0558
ybcH,ECK0559
nfrA,ECK0560
nfrB,ECK0561
cusS,"ECK0562,ybcZ"
cusR,"ECK0563,ylcA"
cusC,"ECK0564,ibeB,ylcB"
cusF,"cusX,ECK0565,ylcC"
cusB,"ECK0566,ylcD"
cusA,"ECK0567,ybdE"
pheP,ECK0568
ybdG,ECK0569
nfsB,"dprA,ECK0570,nfnB,ntr"
ybdF,ECK0571
ybdJ,ECK0572
ybdK,ECK0573
sokE,ECK4512
hokE,"ECK0574,ybdY"
insL2,"ECK0016,yi81-2"
entD,ECK0575
fepA,"cbr,cbt,ECK0576,fep,feuB"
fes,ECK0577
ybdZ,ECK0578
entF,ECK0579
fepE,ECK0580
fepC,ECK0581
fepG,ECK0582
fepD,ECK0583
entS,"ECK0584,ybdA"
fepB,ECK0585
entC,"ECK0586,fepF"
entE,ECK0587
entB,"ECK0588,entG"
entA,ECK0589
entH,"ECK0590,ybdB"
cstA,"ECK0591,ybdC"
ybdD,ECK0592
hcxA,"ECK0593,ybdH"
ybdL,ECK0594
ybdM,ECK0595
ybdN,ECK0596
ybdO,ECK0597
dsbG,"ECK0598,ybdP"
ahpC,"ECK0599,ssi8,tpx"
ahpF,ECK0600
uspG,"ECK0601,UP12,ybdQ,yzzU"
ybdR,ECK0602
yldA,ECK4591
rnk,ECK0603
rna,"ECK0604,rnsA"
citT,"ECK0605,ybdS"
citG,"ECK0606,ybdT"
citX,"ECK0607,ybdU"
citF,"ECK0608,ybdV"
citE,"ECK0609,ybdW"
citD,"ECK0610,ybdX"
citC,"ECK0611,ybeO"
dpiB,"citA,ECK0612,mpdB,ybeP"
dpiA,"citB,criR,ECK0613,mpdA"
dcuC,ECK0614
pagP,"crcA,ECK0615,ybeG"
cspE,"ECK0616,gicA,msmC"
crcB,"ECK0617,ybeI"
ybeM,"b0625,b0626,ECK0618,ECK0619,ybeH"
tatE,"ECK0620,ybeC"
lipA,"ECK0621,lip"
ybeF,ECK0622
lipB,"cde,ECK0623,lip"
ybeD,ECK0624
dacA,"ECK0625,pfv"
rlpA,ECK0626
mrdB,"ECK0627,rodA"
mrdA,"ECK0628,pbpA"
rlmH,"ECK0629,ybeA"
rsfS,"ECK0630,rsfA,ybeB"
cobC,"ECK0631,phpB"
nadD,"ECK0632,fusB,ybeN"
holA,ECK0633
lptE,"ECK0634,rlpB"
leuS,"ECK0635,syl"
ybeL,ECK0636
ybeQ,ECK0637
ybeR,ECK0638
djlB,"ECK0639,ybeS"
ybeT,ECK0640
ybeU,ECK0641
djlC,"ECK0642,hsc56,hscD,ybeV"
hscC,"ECK0643,ybeW"
rihA,"ECK0644,ybeK"
gltL,ECK0645
gltK,ECK0646
gltJ,ECK0647
sroC,"ECK4620,HB_314"
gltI,"ECK0648,ybeJ,yzzK"
insH3,"ECK0261,trs5-3,yi52_3"
lnt,"cutE,ECK0649"
ybeX,ECK0650
ybeY,ECK0651
ybeZ,"ECK0652,phoL"
miaB,"ECK0653,yleA"
ubiF,"ECK0654,yleB"
glnX,"ECK0655,glnV-beta,glnVbeta,supE"
glnV,"ECK0656,glnValpha,Su2,suII,supE"
metU,"ECK0657,metT-beta,metTbeta"
glnW,"ECK0658,glnU-beta,glnUbeta"
glnU,"ECK0659,glnUalpha,supB,trnA"
leuW,"ECK0660,feeB"
metT,"ECK0661,metTalpha"
asnB,ECK0662
umpH,"ECK0663,nagD"
nagC,"ECK0664,nagR"
nagA,ECK0665
nagB,"ECK0666,glmD"
nagE,"ECK0667,pstN,ptsN"
glnS,ECK0668
chiP,"ECK0669,ybfM"
chiQ,"ECK0670,ybfN"
fur,ECK0671
uof,ECK4461
fldA,ECK0672
ybfE,ECK0673
ybfF,ECK0674
seqA,"ECK0675,hsm-1"
pgm,"blu,ECK0676"
ybfP,ECK0677
ybfG,"b0690,ECK0678,ECK0679,ybfH"
ybfI,ECK4436
potE,ECK0680
speF,ECK0681
speFL,ECK4660
kdpE,ECK0682
kdpD,"ECK0683,kac"
kdpC,"ECK0684,kac"
kdpB,"ECK0685,kac"
kdpA,"ECK0686,kac"
kdpF,ECK0687
ybfA,ECK0688
rhsC,ECK0689
ybfB,ECK0690
ybfO,ECK0691
ybfC,ECK0692
ybfQ,ECK0693
ybfL,ECK0694
ybfD,ECK0695
ybgA,"ECK0696,tkp"
phr,"ECK0697,phrB"
dtpD,"ECK0698,ybgH"
ybgI,ECK0699
pxpB,"ECK0700,ybgJ"
pxpC,"ECK0701,ybgK"
pxpA,"ECK0702,ybgL"
nei,ECK0703
abrB,"ECK0704,ybgN"
ybgO,ECK0705
ybgP,ECK0706
ybgQ,ECK0707
ybgD,ECK0708
gltA,"ECK0709,gluT,icdB"
ybgV,ECK4625
ybgU,ECK4592
sdhC,"cybA,cybL,dhsC,ECK0710"
sdhD,"cybS,dhsD,ECK0711"
sdhA,"dhsA,ECK0712"
sdhB,"dhsB,ECK0713"
sucA,"ECK0714,lys+met"
sucB,ECK0715
sucC,ECK0716
sucD,ECK0717
sdhX,"ECK4621,rybD"
mngR,"ECK0718,farR,ybgB"
mngA,"ECK0719,frx,hrsA"
mngB,"ECK0720,ybgG"
cydA,"cyd-1,ECK0721"
cydB,"cyd-2,ECK0722"
cydX,"ECK0723,ybgT"
ybgE,ECK0724
ybgC,ECK0725
tolQ,"ECK0726,fii,tolP"
tolR,ECK0727
tolA,"cim,ECK0728,excC,lky,tol-2"
tolB,"ECK0729,lky,lkyA,tol-3"
pal,"ECK0730,excC"
cpoB,"ECK0731,ybgF"
lysT,"ECK0732,lysTalpha,sua,supG,supL,Su[beta]"
valT,"ECK0733,valTa,valTalpha"
lysW,"ECK0734,lysT-beta,lysTbeta,su"
valZ,"ECK0735,valTb,valTbeta"
lysY,"ECK0736,lysTg,lysTgamma"
lysZ,ECK0737
lysQ,ECK0738
nadA,"ECK0739,nicA"
pnuC,ECK0740
zitB,"ECK0741,ybgR"
ybgS,ECK0742
aroG,ECK0743
gpmA,"ECK0744,gpm"
galM,ECK0745
galK,"ECK0746,galA"
galT,"ECK0747,galB"
galE,"ECK0748,galD"
modF,"chlD,ECK0749,phrA"
modE,"chlD,ECK0750,modR"
acrZ,"ECK0751,ybhT"
modA,ECK0752
modB,"chlJ,ECK0753,tslJ"
modC,"chlD,ECK0754,narD"
ybhA,ECK0755
pgl,"ECK0756,ybhE"
ybhD,ECK0757
ybhH,ECK0758
ybhI,ECK0759
ybhJ,ECK0760
ybhC,ECK0761
ybhB,ECK0762
bioA,ECK0763
bioB,ECK0764
bioF,ECK0765
bioC,ECK0766
bioD,ECK0767
uvrB,"dar-1,dar-6,ECK0768"
ybhK,ECK0769
moaA,"bisA,chlA,chlA1,ECK0770,narA"
moaB,"chlA2,ECK0771"
moaC,"chlA3,ECK0772"
moaD,"chlA4,chlM,ECK0773"
moaE,"chlA5,ECK0774"
ybhL,ECK0775
ybhM,ECK0776
ybhN,ECK0777
clsB,"ECK0778,ybhO"
ybhP,ECK0779
ybhQ,ECK0780
ybhR,ECK0781
ybhS,ECK0782
ybhF,ECK0783
ybhG,ECK0784
cecR,"ECK0785,ybiH"
rhlE,ECK0786
ybiA,ECK0787
dinG,"ECK0788,rarB"
ybiB,ECK0789
hcxB,"ECK0790,ybiC"
ybiE,ECK4626
ybiJ,ECK0791
ybiI,ECK0792
ybiX,ECK0793
fiu,"ECK0794,ybiL"
mcbA,"ECK0795,ybiM"
rlmF,"ECK0796,ybiN"
ybiO,ECK0797
glnQ,ECK0798
glnP,ECK0799
glnH,ECK0800
dps,"ECK0801,pexB,vtm"
rhtA,"ECK0802,ybiF"
yliM,ECK4593
ompX,"ECK0803,ompP,ybiG"
opgE,"ECK0804,ybiP"
rybA,ECK0806
mntS,"ECK4517,G0-8881"
mntR,"ECK0807,ybiQ"
ybiR,ECK0808
ldtB,"ECK0809,ybiS"
ybiT,ECK0810
ybiU,ECK0811
ybiV,"ECK0812,supH"
ybiW,"ECK0813,pflF"
ybiY,"ECK0814,pflE"
fsaA,"ECK0815,fsa,mipB,ybiZ"
moeB,"chlN,ECK0816"
moeA,"bisB,chlE,ECK0817,narE"
iaaA,"ECK0818,spt,ybiK"
gsiA,"ECK0819,yliA"
gsiB,"ECK0820,yliB"
gsiC,"ECK0821,yliC"
gsiD,"ECK0822,yliD"
pdeI,"ECK0823,yliE"
dgcI,"ECK0824,yliF"
rimO,"ECK0825,yliG"
bssR,"ECK0826,yliH"
yliI,ECK0827
gstB,"ECK0828,yliJ"
dacC,ECK0829
deoR,"ECK0830,nucR"
ybjG,ECK0831
mdfA,"cmlA,cmr,ECK0832"
ybjH,ECK0833
ybjI,ECK0834
ybjJ,ECK0835
rcdA,"ECK0836,ybjK"
rybB,"ECK0837,p25"
ybjL,ECK0838
ybjM,ECK0839
grxA,"ECK0840,grx"
ybjC,ECK0841
nfsA,"ECK0842,mda18,mdaA,ybjB"
rimK,"ECK0843,nek"
ybjN,ECK0844
potF,ECK0845
potG,ECK0846
potH,ECK0847
potI,ECK0848
ybjO,ECK0849
rlmC,"ECK0850,rumB,ybjF"
artJ,ECK0851
artM,ECK0852
artQ,ECK0853
artI,ECK0854
artP,ECK0855
ybjP,ECK0856
ybjQ,ECK0857
amiD,"ECK0858,ybjR"
ybjS,ECK0859
ybjT,ECK0860
ltaE,"ECK0861,ltaA,ybjU"
poxB,ECK0862
hcr,"ECK0863,ybjV"
hcp,"ECK0864,priS,ybjW"
lysO,"ECK0865,ybjE"
aqpZ,"bniP,ECK0866"
ybjD,ECK0867
ybjX,ECK0868
macA,"ECK0869,ybjY"
macB,"ECK0870,ybjZ"
cspD,"cspH,ECK0871,ybjA"
yljB,ECK4627
clpS,"ECK0872,yljA"
clpA,"ECK0873,lopD"
serW,ECK0874
infA,"bypA1,ECK0875"
aat,"ECK0876,ycaA"
cydC,"ECK0877,mdrA,mdrH,surB,ycaB"
cydD,"ECK0878,htrD"
trxB,"ECK0879,trxR"
lrp,"alsB,ECK0880,ihb,livR,lrs,lss,lstR,mbf,oppI,rblA"
ftsK,"dinH,ECK0881"
lolA,"ECK0882,lplA,yzzV"
rarA,"ECK0883,mgsA,ycaJ"
serS,ECK0884
dmsA,ECK0885
dmsB,ECK0886
dmsC,ECK0887
ycaC,ECK0888
ycaD,ECK0889
ycaM,ECK0890
ycaN,ECK0891
ycaK,ECK0892
pflA,"act,ECK0893"
pflB,"ECK0894,pfl"
focA,"ECK0895,ycaE"
ycaO,ECK0896
ycaP,ECK0897
serC,"ECK0898,pdxC,pdxF"
aroA,ECK0899
ycaL,ECK0900
cmk,"ECK0901,mssA,ycaF,ycaG"
rpsA,"ECK0902,ssyF"
ihfB,"ECK0903,himD,hip"
ycaI,ECK0904
msbA,ECK0905
lpxK,"ECK0906,ycaH"
ycaQ,"alkZ,ECK0907"
ycaR,ECK0908
kdsB,ECK0909
ycbJ,ECK0910
elyC,"ECK0911,ycbC"
cmoM,"ECK0912,smtA,ycbD"
mukF,"ECK0913,kicB"
mukE,"ECK0914,kicA,ycbA"
mukB,ECK0915
ldtD,"ECK0916,ycbB"
mepK,"ECK0917,ycbK"
gloC,"ECK0918,ycbL"
aspC,ECK0919
ompF,"cmlB,cry,ECK0920,nfxB,tolF"
asnS,"ECK0921,lcs,tss"
pncB,ECK0922
pepN,ECK0923
ssuB,"ECK0924,ycbE"
ssuC,"ECK0925,ycbM"
ssuD,"ECK0926,ssi6,ycbN"
ssuA,"ECK0927,ycbO"
ssuE,"ECK0928,ssi4,ycbP"
elfA,"ECK0929,ycbQ"
elfD,"ECK0930,ycbR"
elfC,"ECK0931,ycbS"
elfG,"ECK0932,ycbT"
ycbU,ECK0933
ycbV,ECK0934
ycbF,ECK0935
pyrD,ECK0936
zapC,"ECK0937,ycbW"
ycbX,ECK0938
rlmL,"ECK0939,rlmK,rlmKL,ycbY"
uup,"ECK0940,ycbH,ycbI"
pqiA,"ECK0941,pqi5,pqi5A"
pqiB,"ECK0942,pqi5,pqi5B"
pqiC,"ECK0943,ymbA"
rmf,"ECK0944,res,rimF"
fabA,ECK0945
ycbZ,ECK0946
matP,"ECK0947,ycbG"
ompA,"con,ECK0948,tolG,tut"
sulA,"ECK0949,sfiA,suf"
sxy,"ECK0950,yccR"
yccS,ECK0951
yccF,ECK0952
helD,"ECK0953,srjB"
mgsA,"ECK0954,mgs,yccG"
yccT,ECK0955
yccU,ECK0956
hspQ,"ECK0957,yccV"
rlmI,"ECK0958,yccW"
yccX,ECK0959
tusE,"ECK0960,yccK"
yccA,ECK0961
serT,"divE,ECK0962"
hyaA,ECK0963
hyaB,ECK0964
hyaC,"cybH,ECK0965"
hyaD,ECK0966
hyaE,ECK0967
hyaF,ECK0968
appC,"cbdA,cyxA,ECK0969"
appB,"cbdB,cyxB,ECK0970"
appX,"cbdX,ECK4402,yccB"
appA,ECK0971
etk,"ECK0972,yccC"
etp,"ECK0973,yccY"
gfcE,"ECK0974,yccZ"
gfcD,"ECK0975,ymcA"
gfcC,"ECK0976,ymcB"
gfcB,"ECK0977,ymcC"
gfcA,"ECK0978,ymcD"
insA4,ECK0023
insB4,ECK0022
cspH,"cspK,ECK0979"
cspG,ECK0980
ymcF,ECK4580
ymcE,ECK0981
gnsA,"ECK0982,sfa,yccL"
yccM,ECK0983
torS,"ECK0984,yccI"
torT,"ECK0985,yccH"
torR,ECK0986
torC,ECK0987
torA,ECK0988
torD,ECK0989
cbpM,"ECK0990,yccD"
cbpA,ECK0991
yccE,ECK0992
agp,ECK0993
yccJ,ECK0994
wrbA,ECK0995
ymdF,ECK0996
rutG,"ECK0997,ycdG"
rutF,"ECK0998,ycdH"
rutE,"ECK0999,ycdI"
rutD,"ECK1000,ycdJ"
rutC,"ECK1001,ycdK"
rutB,"ECK1002,ycdL"
rutA,"ECK1003,ycdM"
rutR,"ECK1004,ycdC"
putA,"ECK1005,poaA,putC"
ymdG,ECK4594
putP,"ECK1006,putC"
efeU,"b1016,b1017,ECK1007,ycdN"
efeO,"ECK1008,ycdO"
efeB,"ECK1009,ycdB"
phoH,"ECK1010,psiH"
pgaD,"ECK1011,hmsS,ycdP"
pgaC,"ECK1012,hmsR,ycdQ"
pgaB,"ECK1013,hmsF,ycdR"
pgaA,"ECK1014,hmsH,ycdS"
dgcT,"ECK1015,ycdT"
insF4,"ECK0299,tra5-3"
insE4,ECK0298
ymdE,ECK1016
ycdU,ECK1017
serX,ECK1018
ghrA,"ECK1019,ycdW"
ycdX,ECK1020
ycdY,ECK1021
ycdZ,"ECK1022,nupT"
csgG,ECK1023
csgF,ECK1024
csgE,ECK1025
csgD,ECK1026
csgB,ECK1027
csgA,ECK1028
csgC,"ECK1029,ycdE"
ymdA,ECK1030
ymdB,ECK1031
clsC,"ECK1032,ymdC"
opgC,"ECK1033,mdoC,ymdD"
opgG,"ECK1034,mdoA,mdoG"
opgH,"ECK1035,mdoA,mdoH"
yceK,ECK1036
msyB,ECK1037
mdtG,"ECK1038,yceE"
lpxL,"ECK1039,htrB,waaM"
trhO,"ECK1040,yceA"
yceI,ECK1041
yceJ,ECK1042
yceO,ECK1043
solA,ECK1044
bssS,"ECK1045,yceP"
dinI,ECK1046
pyrC,ECK1047
yceB,ECK1048
grxB,ECK1049
mdtH,"ECK1050,yceL"
rimJ,"ECK1051,tcp"
yceH,ECK1052
yceM,"ECK1053,mviM"
murJ,"ECK1054,mviN,yceN"
flgN,ECK1055
flgM,ECK1056
flgA,"ECK1057,flaU"
flgB,"ECK1058,flbA"
flgC,"ECK1059,flaW"
flgD,"ECK1060,flaV"
flgE,"ECK1061,flaK"
flgF,"ECK1062,flaX"
flgG,"ECK1063,flaL"
flgH,"ECK1064,flaY"
flgI,"ECK1065,flaM"
flgJ,"ECK1066,flaZ"
flgK,"ECK1067,flaS"
flgL,"ECK1068,flaT"
rne,"ams,ECK1069,hmp1,smbB"
yceQ,ECK1070
rluC,"ECK1071,yceC"
yceF,ECK1072
sraB,"ECK1073,pke20,psrA4,psrD"
yceD,ECK1074
rpmF,ECK1075
plsX,ECK1076
fabH,ECK1077
fabD,"ECK1078,tfpA"
fabG,ECK1079
acpP,ECK1080
fabF,"cvc,ECK1081,fabJ,vtr,vtrB"
pabC,ECK1082
mltG,"ECK1083,yceG"
tmk,"ECK1084,ycfG"
holB,ECK1085
ycfH,ECK1086
ptsG,"car,cat,catB2,CR,ECK1087,glcA,gptA,tgl,umg,umgC"
fhuE,ECK1088
hinT,"ECK1089,ycfF"
ycfL,ECK1090
lpoB,"ECK1091,ycfM"
thiK,"ECK1092,ycfN"
nagZ,"ECK1093,ycfO"
ycfP,ECK1094
ndh,ECK1095
ycfJ,ECK1096
comR,"ECK1097,ycfQ"
bhsA,"comC,ECK1098,ycfR"
ldtC,"ECK1099,ycfS"
mfd,ECK1100
ycfT,ECK1101
lolC,"ECK1102,ycfU"
lolD,"ECK1103,ycfV"
lolE,"ECK1104,ycfW"
nagK,"ECK1105,ycfX"
cobB,"ECK1106,ycfY"
ycfZ,ECK1107
ymfA,ECK1108
potD,ECK1109
potC,ECK1110
potB,ECK1111
potA,ECK1112
pepT,ECK1113
roxA,"ECK1114,ycfD"
phoQ,ECK1115
phoP,ECK1116
purB,"ade,ade(h),ECK1117"
hflD,"ECK1118,hslZ,ycfC"
mnmA,"asuE,ECK1119,trmU,ycfB"
nudJ,"ECK1120,ymfB"
rluE,"ECK1121,ymfC"
icd,"ECK1122,icdA,icdE"
ymfD,ECK1123
ymfE,ECK1124
lit,ECK1125
intE,"ECK1126,int(Lambda),ycfI"
xisE,"ECK1127,ymfG"
ymfH,ECK1128
ymfI,ECK1129
ymfJ,ECK1130
ymfK,"cohE,ECK1131"
ymfT,"croE,ECK1132"
ymfL,ECK1133
ymfM,ECK1134
ymfN,ECK1135
oweE,ECK4507
aaaE,ECK1135
ymfR,ECK1136
beeE,"ECK1137,ymfO"
jayE,"ECK1138,ymfP"
ymfQ,ECK1139
ycfK,"ECK1140,stfP"
tfaP,"ECK1141,ymfS"
tfaE,"ECK1142,ycfA"
stfE,"ECK1143,ycfE"
pinE,"ECK1144,pin"
mcrA,"ECK1145,rglA"
icdC,ECK1146
iraM,"ECK1147,elb1,elbA,ycgW"
ymgK,ECK4595
ymgL,ECK4596
ycgX,ECK1148
bluR,"ECK1149,ycgE"
bluF,"ECK1150,ycgF"
ycgZ,ECK1151
ymgA,ECK1152
ariR,"ECK1153,ymgB"
ymgC,ECK1154
pdeG,"ECK1155,ycgG"
ymgF,ECK1156
ycgH,"b1169,b1170,ECK1157"
ymgD,ECK1158
ymgG,ECK1159
ymgI,ECK4403
ymgJ,ECK4404
ycgI,"b1173,ECK1160,ECK1161,ymgH"
minE,"ECK1162,minB"
minD,"ECK1163,minB"
minC,"ECK1164,minB"
ycgJ,ECK1165
pliG,"ECK1166,ycgK"
ycgL,ECK1167
ycgM,ECK1168
ycgN,ECK1169
hlyE,"clyA,ECK1170,hpr,sheA,ycgD"
umuD,ECK1171
umuC,"ECK1172,uvm"
dsbB,"dsbX,ECK1173,iarB,rosB,roxB,ycgA"
nhaB,ECK1174
fadR,"dec,ECK1175,ole,oleR,thdB"
ycgB,ECK1176
dadA,"dadR,ECK1177"
dadX,"alnA,alnB,dadB,ECK1178"
ymgM,ECK4597
cvrA,"ECK1179,ycgO"
ldcA,"ECK1180,ycgQ"
emtA,"ECK1181,mltE,sltZ,ycgP"
ycgR,ECK1182
ymgE,"ECK1183,tag"
ycgY,ECK1184
treA,"ECK1185,osmA,tre"
dhaM,"dhaH,ECK1186,ptsD,ycgC"
dhaL,"dhaK2,ECK1187,ycgS,ysgS"
dhaK,"dhaK1,ECK1188,ycgT"
dhaR,"ECK1189,ycgU"
ycgV,ECK1190
ychF,"ECK1191,gtp1"
pth,"ECK1192,rap"
ychH,ECK1193
dauA,"ECK1194,ychM"
prs,"dnaR,ECK1195,prsA"
ispE,"ECK1196,ipk,ychB"
lolB,"ECK1197,hemM,ychC"
hemA,"ECK1198,gtrA"
prfA,"ECK1199,sueB,uar,ups?"
prmC,"ECK1200,hemK"
ychQ,"ECK1201,sirB2"
ychA,"ECK1202,sirB1"
kdsA,ECK1203
ldrA,ECK1204
rdlA,ECK1205
ldrB,ECK1206
rdlB,ECK1207
ldrC,ECK1208
rdlC,ECK1209
chaA,ECK1210
chaB,ECK1211
chaC,ECK1212
ychN,ECK1213
ychO,"ECK1214,ychP"
narL,"ECK1215,frdR,narR"
narX,"ECK1216,frd1,frdR,narR"
narK,ECK1217
narG,"chlC,ECK1218,narC"
narH,"chlC,ECK1219"
narJ,ECK1220
narI,"chlI,ECK1221"
ychS,ECK1222
rttR,"ECK1223,rtT"
tpr,ECK1224
tyrV,"ECK1225,tyrTbeta"
tyrT,"ECK1226,su(c),Su-3,Su-4,suIII,supC,supFsupO,tyrTalpha"
purU,"ECK1227,tgs,ychI"
ychJ,ECK1228
rssA,"ECK1229,ychK"
rssB,"ECK1230,hnr,sprE,ychL"
galU,"ECK1231,ychD"
hns,"B1,bglY,cur,drc,drdX,drs,ECK1232,fimG,H1,hnsA,irk,msyA,osmZ,pilG,topS,topX,virR"
tdk,ECK1233
insZ,"b1239,b1240,ECK1234,ychG"
adhE,"adhC,ana,ECK1235"
ychT,ECK4627
ychE,ECK1236
insH21,ECK4568
oppA,ECK1237
oppB,ECK1238
oppC,ECK1239
oppD,ECK1240
oppF,ECK1241
yciU,ECK1242
clsA,"cls,ECK1243,nov,yciJ"
yciY,ECK4405
kch,ECK1244
yciI,ECK1245
tonB,"ECK1246,exbA,T1rec"
yciA,ECK1247
yciB,ECK1248
yciC,ECK1249
ompW,"ECK1250,yciD"
yciE,ECK1251
yciF,ECK1252
yciG,ECK1253
trpA,"ECK1254,try,tryp"
trpB,ECK1255
trpC,"ECK1256,trpCF,trpF"
trpD,"ECK1257,trpGD"
trpE,"anth,ECK1258,tryD,tryp-4"
trpL,"ECK1259,trpEE"
yciV,"ECK1260,trpH"
yciO,ECK1261
yciQ,"ECK1262,yciP"
rluB,"ECK1263,yciL"
btuR,"cobA,ECK1264"
yciK,ECK1265
sohB,ECK1266
yciN,ECK1267
topA,"ECK1268,supX"
cysB,ECK1269
ymiA,"ECK4433,yciX_1"
yciX,"ECK1270,yciX_2"
ymiC,ECK4598
acnA,"acn,ECK1271"
ribA,ECK1272
pgpB,ECK1273
lapA,"ECK1274,yciS"
lapB,"ECK1275,yciM"
pyrF,ECK1276
yciH,ECK1277
osmB,ECK1278
yciT,"deoT,ECK1279"
yciZ,"deoL,ECK4406"
ymiD,ECK4629
pdeR,"ECK1280,gmr,yciR"
ymiB,ECK4487
rnb,ECK1281
yciW,ECK1282
fabI,"ECK1283,envM,gts,qmeA"
ycjD,ECK1284
sapF,ECK1285
sapD,"ECK1286,trkE"
sapC,ECK1287
sapB,ECK1288
sapA,ECK1289
ymjA,ECK1290
puuP,"ECK1291,ycjJ"
ymjE,ECK4599
puuA,"ECK1292,ycjK"
puuD,"ECK1293,ycjL"
puuR,"ECK1294,ycjC"
puuC,"aldH,ECK1295"
puuB,"ECK1296,ordL,ycjA"
puuE,"ECK1297,goaG"
pspF,"ECK1298,ycjB"
pspA,"cog,ECK1299"
pspB,ECK1300
pspC,ECK1301
pspD,ECK1302
pspE,ECK1303
ycjM,"ECK1304,ggaP"
ycjN,ECK1305
ycjO,ECK1306
ycjP,ECK1307
ycjQ,ECK1308
ycjR,"dte,ECK1309"
ycjS,ECK1310
ycjT,ECK1311
ycjU,"ECK1312,pgmB"
ycjV,ECK1313
ymjB,ECK1314
ompG,ECK1315
ycjW,ECK1316
ycjX,ECK1317
ycjF,ECK1318
tyrR,ECK1319
tpx,"ECK1320,yzzJ"
ycjG,"ECK1321,ycjH"
mpaA,"ECK1322,ycjI"
ymjC,ECK1323
ymjD,ECK4488
ycjY,ECK1324
pgrR,"ECK1325,ycjZ"
mppA,"ECK1326,ynaH"
ynaI,ECK1327
insH4,"ECK0261,trs5-4,yi52_4"
ynaJ,ECK1328
uspE,"ECK1329,ydaA"
fnr,"ECK1330,nirA,nirR,ossA,oxrA"
ogt,ECK1331
abgT,"ECK1332,ydaH"
abgB,"ECK1333,ydaI"
abgA,"ECK1334,ydaJ"
abgR,ECK1335
mcaS,"ECK1336,IS061,isrA"
smrA,"ECK1337,ydaL"
dgcM,"ECK1338,ydaM"
ynaN,ECK4630
zntB,"ECK1339,ydaN"
fnrS,"ECK4511,rydA"
ynaL,"C0343,ECK4600"
dbpA,"ECK1340,rhlC"
ttcA,"ECK1341,ydaO"
intR,"ECK1342,ydaP"
xisR,"ECK1343,ydaQ"
rcbA,"ECK1344,ydaC"
ralA,ECK4571
ralR,"ECK1345,lar,ydaB"
recT,ECK1346
recE,"ECK1347,rac,rmuB,sbcA"
racC,"ECK1348,sbcA"
ydaE,ECK1349
kilR,"ECK1350,kil,ydaD"
sieB,ECK1351
ydaF,ECK1352
ydaG,"ECK1353,gatA"
racR,"ECK1354,rarC,ydaR"
ydaS,ECK1355
ydaT,ECK1356
ydaU,ECK1357
ydaV,ECK1358
ydaW,ECK1359
rzpR,"ECK1360,ydaX"
rzoR,ECK1361
trkG,ECK1362
ynaK,ECK1363
ydaY,ECK1364
ynaA,"ECK1365,tmpR"
lomR,"b1369,b1371,ECK1366"
insH5,"ECK0261,trs5-5,yi52_5"
stfR,"ECK1367,ynaB"
tfaR,"ECK1368,ynaC"
pinR,"ECK1369,ynaD"
ynaE,ECK1370
ynaM,ECK4601
ttcC,ECK4447
uspF,"ECK1371,UP03,ynaF,yzzL"
ompN,"ECK1372,ynaG"
micC,"ECK1373,IS063,tke8"
ydbK,"ECK1374,pfo"
ydbJ,ECK1375
hslJ,"ECK1376,ydbI"
ldhA,"ECK1377,hslF,hslI,htpH"
ydbH,ECK1378
ynbE,ECK1379
ydbL,ECK1380
feaR,"ECK1381,maoB,maoX,ydbM"
feaB,"ECK1382,padA,ydbG"
tynA,"ECK1383,feaA,maoA"
paaZ,"ECK1384,maoC,ydbN"
paaA,"ECK1385,ydbO"
paaB,"ECK1386,ynbF"
paaC,"ECK1387,ydbP"
paaD,"ECK1388,ydbQ"
paaE,"ECK1389,ydbR"
paaF,"ECK1390,ydbR,ydbS"
paaG,"ECK1391,ydbT"
paaH,"ECK1392,hbdH,ydbU"
paaI,"ECK1393,ydbV"
paaJ,"ECK1394,ydbW"
paaK,ECK1395
paaX,"ECK1396,ydbY"
paaY,"ECK1397,ydbZ"
ynbG,ECK4489
ydbA,"b1401,b1405,ECK1398"
insD2,"ECK0358,yi22-2"
insC2,"ECK0357,yi21-2"
pdxI,"ECK1399,ydbC"
ydbD,ECK1400
ynbA,ECK1401
ynbB,ECK1402
ynbC,ECK1403
ynbD,ECK1404
azoR,"acpD,ECK1405"
hrpA,ECK1406
ydcF,ECK1407
aldA,"ald,ECK1408"
gapC,"b1416,b1417,ECK1409"
cybB,ECK1410
rydC,ECK4407
ydcA,ECK1411
yncP,ECK4631
hokB,"ECK1412,ydcB"
mokB,ECK1413
sokB,ECK1414
trg,ECK1415
ydcI,ECK1416
ydcJ,ECK1417
opgD,"ECK1418,mdoD,ydcG,yzzZ"
ydcH,ECK1419
rimL,ECK1420
ydcK,ECK1421
tehA,ECK1422
tehB,ECK1423
ydcL,ECK1424
yncK,"b4530,b4531,ECK1425,insP"
insQ,"ECK1426,ydcM"
ydcO,ECK1427
sutR,"ECK1428,ydcN"
rlhA,"ECK1429,ydcP"
yncJ,ECK1430
hicA,"ECK1431,yncN"
hicB,"ECK1432,ydcQ"
ydcR,ECK1433
ydcS,ECK1434
ydcT,ECK1435
ydcU,ECK1436
ydcV,ECK1437
patD,"ECK1438,prr,ydcW"
yncL,ECK4408
ortT,"ECK1439,ydcX"
ydcY,ECK1440
ydcZ,ECK1441
mnaT,"ECK1442,yncA"
curA,"ECK1443,yncB"
mcbR,"ECK1444,yncC"
yncD,ECK1445
yncE,ECK1446
ansP,"ECK1447,yncF"
yncG,ECK1448
yncH,ECK1449
rhsE,ECK1450
ydcD,ECK1451
yncO,ECK4602
yncI,"b1458,ECK1452,ECK1453,yncM"
ydcC,ECK1454
pptA,"ECK1455,ydcE"
yddH,ECK1456
nhoA,"ECK1457,yddI"
yddE,ECK1458
narV,"chlZ,ECK1459"
narW,"chlZ,ECK1460"
narY,"chlZ,ECK1461"
narZ,"chlZ,ECK1462"
narU,"ECK1463,yddF"
yddJ,ECK1464
yddK,ECK1465
yddL,ECK1466
yddG,ECK1467
fdnG,ECK1468
fdnH,ECK1469
fdnI,ECK1470
yddM,ECK1471
adhP,"ECK1472,yddN"
maeA,"ECK1473,sfcA"
sra,"ECK1474,rpsV"
bdm,"ECK1475,yddX"
osmC,ECK1476
ddpF,"ECK1477,yddO"
ddpD,"ECK1478,yddP"
ddpC,"ECK1479,yddQ"
ddpB,"ECK1480,yddR"
ddpA,"ECK1481,yddS"
ddpX,"ECK1482,vanX,yddT"
dosP,"dos,ECK1483,pdeO,yddU"
dosC,"dgcO,ECK1484,yddV"
yddY,ECK4603
digH,"ECK1485,yddW"
gadC,"acsA,ECK1486,xasA"
gadB,ECK1487
pqqL,"ECK1488,pqqE,pqqM,yddC"
yddB,ECK1489
yddA,ECK1490
yneP,ECK4604
ydeM,ECK1491
ydeN,ECK1492
ydeO,ECK1493
safA,"ECK4475,yneN"
ydeP,ECK1494
ydeQ,ECK1495
ydeR,ECK1496
ydeS,ECK1497
ydeT,"ECK1498,fmlC"
yneL,ECK1499
hipA,ECK1500
hipB,ECK1501
yneO,"b1509,b1510,ECK1502,ECK1503,orfT,ydeK,ydeU"
lsrK,"ECK1504,ydeV"
lsrR,"ECK1505,ydeW"
lsrA,"ECK1506,ego,ydeX"
lsrC,"ECK1507,ydeY"
lsrD,"ECK1508,ydeZ"
lsrB,"ECK1509,yneA"
lsrF,"ECK1510,yneB"
lsrG,"ECK1511,yneC"
tam,"ECK1512,lsrE,yneD"
yneE,ECK1513
uxaB,ECK1514
dgcF,"ECK1515,yneF"
yneG,ECK1516
glsB,"ECK1517,yneH"
sad,"ECK1518,yneI"
yneJ,ECK1519
yneK,ECK1520
ydeA,ECK1521
marC,"ECK1522,ydeB,ydeC"
marR,"cfxB,ECK1523,inaR,soxQ"
marA,"cfxB,ECK1524,inaR,nfxC,norB,soxQ"
marB,ECK1525
eamA,"ECK1526,ydeD"
ydeE,"ECK1527,ydeF"
mgtS,"ECK4409,yneM"
mgtT,ECK4632
mgrR,ECK4510
dgcZ,"ECK1528,ydeG,ydeH"
ydeI,ECK1529
ydeJ,ECK1530
dcp,ECK1531
ydfG,ECK1532
ydfH,ECK1533
ydfZ,ECK1534
ydfI,ECK1535
ydfJ,"ECK1536,ydfJ_2"
ynfT,ECK4605
ydfK,ECK1537
pinQ,"ECK1538,ydfL"
tfaQ,"ECK1539,ydfM"
stfQ,"ECK1540,ydfN"
nohA,"ECK1541,nohQ"
ynfO,ECK1542
ydfO,ECK1543
gnsB,"ECK1544,ydfY"
ynfN,ECK1545
ynfR,ECK4606
ynfQ,ECK4581
cspI,"cspJ,ECK1546"
rzpQ,"ECK1547,ydfP"
rzoQ,ECK4503
rrrQ,"ECK1548,ydfQ"
ydfR,ECK1549
essQ,"ECK1550,ydfS"
ynfU,ECK4633
cspB,ECK1551
cspF,ECK1552
ynfS,ECK4607
ydfT,"ECK1553,quuQ"
ydfU,ECK1554
rem,ECK1555
hokD,"ECK1556,relF"
relE,ECK1557
relB,"ECK1558,RC"
ydfV,ECK1559
flxA,ECK1560
ydfW,"ECK1561,intK"
ydfX,ECK1562
dicC,"ECK1563,ftsT"
dicA,"ECK1564,ftsT"
ydfA,ECK1565
ydfB,ECK1566
ydfC,ECK1567
dicF,ECK1568
dicB,"ECK1569,ftsT"
ydfD,ECK1570
ydfE,ECK1571
insD7,"ECK1572,insD"
intQ,ECK1573
ynfP,"ECK1574,ydfJ_1"
rspB,ECK1575
rspA,ECK1576
ynfA,ECK1577
ynfB,ECK1578
speG,ECK1579
ynfC,ECK1580
ynfD,ECK1581
ynfE,ECK1582
ynfF,ECK1583
ynfG,ECK1584
ynfH,ECK1585
dmsD,"ECK1586,ynfI"
clcB,"ECK1587,mriT,ynfJ"
ynfK,ECK1588
mlc,"dgsA,ECK1589"
ynfL,ECK1590
ynfM,"ECK1591,yzyC"
asr,ECK1592
ydgU,ECK4410
ydgD,ECK1593
mdtI,"ECK1594,ydgE"
mdtJ,"ECK1595,ydgF"
ydgV,ECK4634
tqsA,"ECK1596,ydgG"
pntB,ECK1597
pntA,ECK1598
ydgH,ECK1599
ydgI,"arcD,ECK1600"
folM,"ECK1601,ydgB"
ydgC,ECK1602
rstA,"ECK1603,urpT"
rstB,"ECK1604,uspT"
tus,"ECK1605,tau"
fumC,ECK1606
fumA,ECK1607
manA,"ECK1608,pmi"
ydgA,ECK1609
uidC,"ECK1610,gusC"
uidB,"ECK1611,gusB,uidP"
uidA,"ECK1612,gurA,gusA"
uidR,"ECK1613,gusR"
hdhA,"ECK1614,hsd,hsdH"
malI,ECK1615
malX,ECK1616
malY,ECK1617
add,ECK1618
ydgJ,ECK1619
blr,ECK1620
cnu,"ECK1621,ydgT"
ydgK,"ECK1622,rsxP"
rsxA,"ECK1623,ydgL"
rsxB,"ECK1624,ydgM"
rsxC,"ECK1625,ydgN"
rsxD,"ECK1626,ydgO"
rsxG,"ECK1627,ydgP"
rsxE,"ECK1628,ydgQ"
nth,ECK1629
dtpA,"ECK1630,tppB,ydgR"
gstA,"ECK1631,gst"
pdxY,"ECK1632,ydgS"
tyrS,ECK1633
pdxH,ECK1634
mliC,"ECK1635,ydhA"
anmK,"ECK1636,ydhH"
slyB,ECK1637
slyA,ECK1638
ydhI,ECK1639
ydhJ,ECK1640
ydhK,ECK1641
sodC,ECK1642
ydhF,ECK1643
ydhL,ECK1644
nemR,"ECK1645,ydhM"
nemA,"ECK1646,ydhN"
gloA,ECK1647
rnt,ECK1648
lhr,"ECK1649,rhlF"
grxD,"ECK1650,ydhD"
mepH,"ECK1651,ydhO"
sodB,ECK1652
ydhP,ECK1653
cydH,"ECK4411,ynhF"
purR,ECK1654
ydhB,ECK1655
ydhC,ECK1656
cfa,"cdfA,ECK1657"
ribC,"ECK1658,ribE"
mdtK,"ECK1659,norE,norM,ydhE"
ydhQ,ECK1660
valV,ECK1661
valW,ECK1662
ydhR,ECK1663
ydhS,ECK1664
ydhT,ECK1665
ydhU,ECK1666
ydhX,ECK1667
ydhW,ECK1668
ydhV,ECK1669
ydhY,ECK1670
fumD,"ECK1671,ydhZ"
pykF,ECK1672
lpp,"ECK1673,mlpA"
ldtE,"ECK1674,ynhG"
sufE,"ECK1675,ynhA"
sufS,"csdB,ECK1676,ynhB"
sufD,"ECK1677,ynhC"
sufC,"ECK1678,ynhD"
sufB,"ECK1679,ynhE"
sufA,"ECK1680,ydiC"
rydB,"ECK1681,IS082,tpe7"
ydiH,ECK1682
menI,"ECK1683,ydiI"
ydiJ,ECK1684
ydiK,ECK1685
rprA,"ECK1686,IS083,psrA5"
ydiL,ECK1687
ydiM,ECK1688
ydiN,ECK1689
ydiB,ECK1690
aroD,ECK1691
ydiF,ECK1692
ydiO,ECK1693
ydiP,ECK1694
ydiQ,ECK1695
ydiR,ECK1696
ydiS,ECK1697
ydiT,ECK1698
fadK,"ECK1699,ydiD"
ppsA,"ECK1700,pps"
ppsR,"ECK1701,ydiA"
aroH,ECK1702
ydiE,ECK1703
ydiU,ECK1704
rflP,"ECK1705,ydiV"
nlpC,ECK1706
btuD,ECK1707
btuE,ECK1708
btuC,ECK1709
ihfA,"ECK1710,hid,himA"
pheT,ECK1711
pheS,"ECK1712,phe-act"
pheM,"ECK1713,phtL"
rplT,"ECK1714,pdzA"
rpmI,ECK1715
infC,"ECK1716,fit,srjA"
thrS,ECK1717
arpB,"b1720,b1721,ECK1718,ydiW,ydiX"
yniD,ECK1719
ydiY,ECK1720
pfkB,ECK1721
ydiZ,ECK1722
yniA,ECK1723
yniB,ECK1724
hxpB,"ECK1725,yniC"
ydjM,ECK1726
tcyP,"ECK1727,ydjN"
ydjO,ECK1728
cedA,"ECK1729,ydjP"
katE,ECK1730
chbG,"celG,ECK1731,ydjC"
chbF,"celF,ECK1732,ydjD"
chbR,"celD,ECK1733"
chbA,"celC,ECK1734"
chbC,"celB,ECK1735,hic"
chbB,"celA,ECK1736"
osmE,"anr,ECK1737"
nadE,"ECK1738,efg,ntrL"
cho,"ECK1739,ydjQ"
ves,"ECK1740,ydjR"
spy,ECK1741
astE,"ECK1742,ydjS"
astB,"ECK1743,ydjT"
astD,"ECK1744,ydjU"
astA,"ECK1745,ydjV"
astC,"argM,cstC,ECK1746,ydjW"
xthA,"ECK1747,xth"
ydjX,ECK1748
ydjY,ECK1749
ydjZ,ECK1750
ynjA,ECK1751
ynjB,ECK1752
ynjC,ECK1753
ynjD,ECK1754
ynjE,ECK1755
ynjF,ECK1756
nudG,"ECK1757,orf135,ynjG"
ynjH,ECK1758
gdhA,ECK1759
ynjI,ECK1760
topB,"ECK1761,mutR"
selD,"ECK1762,fdhB"
ydjA,ECK1763
sppA,ECK1764
ansA,ECK1765
pncA,"ECK1766,nam,ydjB"
ydjE,ECK1767
ydjF,ECK1768
ydjG,ECK1769
ydjH,ECK1770
ydjI,ECK1771
ydjJ,ECK1772
ydjK,ECK1773
ydjL,ECK1774
yeaC,ECK1775
msrB,"ECK1776,yeaA"
gapA,"ECK1777,gad,gap1"
yeaD,"ECK1778,yzzQ"
yeaE,ECK1779
mipA,"ECK1780,yeaF"
yeaG,ECK1781
yeaH,ECK1782
cdgI,"ECK1783,yeaI"
dgcJ,"ECK1784,yeaJ"
yeaK,ECK1785
yoaI,ECK1786
yeaL,ECK1787
nimR,"ECK1788,yeaM"
nimT,"ECK1789,yeaN"
yeaO,ECK1790
yoaF,ECK1791
dgcP,"ECK1792,yeaP"
yoaK,ECK4491
yoaJ,ECK4490
yeaQ,ECK1793
yoaG,ECK1794
yeaR,ECK1795
leuE,"ECK1796,yeaS"
dmlR,"ECK1797,yeaT"
dmlA,"ECK1798,ttuC,yeaU"
yeaV,ECK1799
yeaW,ECK1800
yeaX,ECK1801
rnd,ECK1802
fadD,"ECK1803,oldD"
yeaY,ECK1804
tsaB,"ECK1805,yeaZ"
yoaA,ECK1806
yoaB,ECK1807
yoaC,ECK1808
yoaH,ECK1809
pabB,ECK1810
nudL,"ECK1811,yeaB"
sdaA,ECK1812
pdeD,"ECK1813,yoaD"
yoaE,"borG,ECK1814"
yoaL,ECK4608
manX,"ECK1815,gptB,mpt,ptsL,ptsM,ptsX"
manY,"ECK1816,pel,ptsM,ptsP,ptsX"
manZ,"ECK1817,gptB,mpt,ptsM,ptsX"
yobD,ECK1818
mntP,"ECK1819,yebN"
rlmA,"ECK1820,rrmA,yebH"
cspC,"ECK1821,msmB"
yobF,ECK1822
yebO,ECK1823
mgrB,"ECK1824,yobG"
yobH,ECK1825
kdgR,"ECK1826,yebP"
yebQ,ECK1827
htpX,ECK1828
prc,"ECK1829,tsp"
proQ,"ECK1830,yebJ,yobE,yoeC"
msrC,"ECK1831,yebR"
letA,"ECK1832,yebS"
letB,"ECK1833,yebT"
rsmF,"ECK1834,yebU"
yebV,ECK1835
yebW,ECK1836
pphA,"ECK1837,prpA,yebX"
ryeA,"ECK1838,IS091,psrA8,sraC,tkpe79"
sdsR,"ECK1839,ryeB,tkpe79"
yebY,ECK1840
yebZ,ECK1841
yobA,ECK1842
holE,ECK1843
yobB,ECK1844
exoX,"ECK1845,yobC"
ptrB,"ECK1846,tlp"
yebE,ECK1847
yebF,ECK1848
yebG,ECK1849
purT,ECK1850
eda,"ECK1851,hga,kdgA,kga"
edd,ECK1852
zwf,ECK1853
yebK,"ECK1854,hexR(P.a.)"
pykA,ECK1855
lpxM,"ECK1856,mlt,msbB,waaN"
mepM,"ECK1857,yebA"
znuA,"ECK1858,yebL,yzzP"
znuC,"ECK1859,yebM"
znuB,"ECK1860,yebI"
ruvB,ECK1861
ruvA,ECK1862
yobI,ECK4492
yebB,ECK1863
ruvC,ECK1864
yebC,ECK1865
nudB,"ECK1866,ntpA,yebD"
aspS,"ECK1867,tls"
yecD,ECK1868
yecE,ECK1869
yecN,ECK1870
cmoA,"ECK1871,yecO"
cmoB,"ECK1872,yecP"
torZ,"bisZ,ECK1873"
torY,"ECK1874,yecK"
micL,"ECK4574,ryeF,slrA"
cutC,ECK1875
yecM,"ECK1876,yecL"
argS,"ECK1877,lov,lov-1"
yecV,ECK4635
yecT,ECK1878
flhE,ECK1879
flhA,"ECK1880,flaH"
flhB,"ECK1881,flaG,yecQ"
cheZ,ECK1882
cheY,ECK1883
cheB,ECK1884
cheR,"cheX,ECK1885"
tap,ECK1886
tar,"cheM,ECK1887"
cheW,ECK1888
cheA,ECK1889
motB,"ECK1890,flaJ"
motA,"ECK1891,flaJ"
flhC,"ECK1892,flaI"
flhD,"ECK1893,flbB"
insB5,ECK0022
insA5,ECK0023
uspC,"ECK1894,yecG"
otsA,ECK1895
otsB,"ECK1896,otsP"
araH,"b1898,b1899,ECK1897"
araG,ECK1898
araF,ECK1899
ftnB,"ECK1900,yecI"
yecJ,ECK1901
azuC,ECK4478
yecR,ECK1903
ftnA,"ECK1904,ftn,gen-165,rsgA"
yecH,ECK1905
tyrP,ECK1906
yecA,ECK1907
3'ETS-leuZ,ECK4616
leuZ,ECK1908
cysT,ECK1909
glyW,"ECK1910,ins,mutC,suA58,suA78"
pgsA,ECK1911
uvrC,ECK1912
uvrY,"ECK1913,yecB"
yecU,ECK4609
yecF,ECK1914
sdiA,ECK1915
sdsN,ECK4576
tcyN,"ECK1916,yecC"
tcyL,"ECK1917,yecS"
dcyD,"ECK1918,yedO"
tcyJ,"ECK1919,fliY,ssi7,yzzR"
fliZ,"ECK1920,yedH"
fliA,"ECK1921,flaD,rpoF"
fliC,"ECK1922,flaF,H,hag"
fliD,"ECK1923,flbC,rfs"
fliS,ECK1924
fliT,ECK1925
amyA,"ECK1926,yedC"
yedD,ECK1927
yedE,ECK1928
yedF,ECK1929
yedK,"ECK1930,yedG"
yedL,ECK1931
yedN,"b1933,b1934,b1935,ECK1932,ECK1933,yedM"
intG,ECK1934
fliE,"ECK1935,fla,flaAI,flaN"
fliF,"ECK1936,flaAII.1,flaBI"
fliG,"ECK1937,flaAII.2,flaBII"
fliH,"ECK1938,flaAII.3,flaBIII"
fliI,"ECK1939,fla,flaAIII,flaC"
fliJ,"ECK1940,flaO"
fliK,"ECK1941,flaE"
fliL,"cheC1,ECK1942,flaAI,flaQI"
fliM,"cheC2,ECK1943,fla,flaA,flaAII,flaQ,flaQII"
fliN,"ECK1944,motD"
fliO,"ECK1945,flbD"
fliP,"ECK1946,flaR"
fliQ,"ECK1947,flaQ"
fliR,"ECK1948,flaP"
rcsA,"cpsR,ECK1949"
dsrB,ECK1950
yodD,ECK1951
dsrA,ECK1952
yedP,ECK1953
dgcQ,"ECK1954,yedQ"
yodC,ECK1955
yedI,ECK1956
yedA,ECK1957
vsr,ECK1958
dcm,"ECK1959,mec"
yedJ,ECK1960
yedR,ECK1961
rseX,"ECK4412,IS096"
yedS,"b1964,b1965,b1966,ECK1962,yedT"
hchA,"ECK1963,yedU,yzzC"
hprS,"ECK1964,yedV"
hprR,"ECK1965,yedW"
hiuH,"ECK1966,yedX"
msrP,"ECK1967,yedY"
msrQ,"ECK1968,yedZ"
zinT,"ECK1969,yodA"
yodB,ECK1970
serU,"ECK1971,ftsM,Su-1,su1,supD,supH"
mtfA,"ECK1972,yeeI"
asnT,ECK1973
yeeJ,ECK1974
yeeL,"b1979,b1980,ECK1975,yeeK"
shiA,"ECK1976,yeeM"
amn,ECK1977
yeeN,ECK1978
asnW,ECK1979
yeeO,ECK1980
asnU,ECK1981
cbl,ECK1982
nac,ECK1983
asnV,ECK1984
ldtA,"ECK1985,erfK,yeeG,yzzT"
cobT,ECK1986
cobS,ECK1987
cobU,ECK1988
yeeH,ECK4437
insH6,"ECK0261,trs5-6,yi52_6"
yoeG,ECK4451
yoeH,ECK4452
yoeA,"b1995,b1998,ECK1989,ECK1990,yoeE"
insD3,"ECK0358,yi22-3"
insC3,"ECK0357,yi21-3"
yeeP,ECK1991
isrC,"ECK1992,IS102"
flu,"agn,agn43,ECK1993,yeeQ,yzzX"
yeeR,ECK1994
yeeS,ECK1995
yeeT,ECK1996
cbeA,"ECK1997,yeeU"
cbtA,"ECK1998,yeeV"
yeeW,ECK1999
yoeD,ECK4443
yoeF,ECK2000
yeeX,ECK2001
yeeA,ECK2002
sbmC,"dgi,ECK2003,gyrI,yeeB"
dacD,"ECK2004,phsE,yeeC"
sbcB,"cpeA,ECK2005,exoI,rmuA,xonA"
yeeD,ECK2006
yeeE,ECK2007
plaP,"ECK2008,yeeF"
yoeI,ECK4493
yeeY,ECK2009
yeeZ,ECK2010
yoeB,ECK2011
yefM,ECK2012
hisL,ECK2013
hisG,ECK2014
hisD,ECK2015
hisC,ECK2016
hisB,ECK2017
hisH,ECK2018
hisA,ECK2019
hisF,ECK2020
hisI,"ECK2021,hisE,hisIE"
wzzB,"cld,ECK2022,rol,wzz"
ugd,"ECK2023,pmrE,udg,UDG8,yefA"
gnd,ECK2024
wbbL,"b2031,b4540,ECK2025,yefJ"
insH7,"ECK0261,trs5-7,yi52_7"
wbbK,"ECK2026,yefI"
wbbJ,"ECK2027,yefH"
wbbI,"ECK2028,yefG"
wbbH,"ECK2029,rfc,yefF"
glf,"ECK2030,yefE"
rfbX,"ECK2031,wzx,wzxB"
rfbC,"ECK2032,rfbD,rmlC"
rfbA,"ECK2033,rmlA,som"
rfbD,"ECK2034,rmlD"
rfbB,"ECK2035,rmlB,som"
galF,"ECK2036,wcaN,yefG"
wcaM,"ECK2037,yefK"
wcaL,"ECK2038,yefL"
wcaK,ECK2039
wzxC,"ECK2040,wzx"
wcaJ,ECK2041
cpsG,"ECK2042,manB,rfbK"
cpsB,"ECK2043,manC,mni,rfbM"
wcaI,"ECK2044,yefD"
gmm,"ECK2045,nudD,wcaH,yefC"
fcl,"ECK2046,wcaG,yefB"
gmd,"ECK2047,yefA,yefN"
wcaF,ECK2048
wcaE,ECK2049
wcaD,ECK2050
wcaC,ECK2051
wcaB,ECK2052
wcaA,ECK2053
wzc,ECK2054
wzb,ECK2055
wza,ECK2056
yegH,ECK2057
asmA,"ECK2058,yegA"
dcd,"dus,ECK2059,paxA"
udk,ECK2060
dgcE,"ECK2061,yegE"
alkA,"aidA,ECK2062"
yegD,ECK2063
yegI,ECK2064
yegJ,ECK2065
pphC,"ECK2066,yegK"
yegL,ECK2067
sibA,"ECK2068,QUAD1a,ryeC,tp11"
ibsA,ECK4482
sibB,"ECK2069,QUAD1b,ryeD,tpe60"
ibsB,ECK4483
mdtA,"ECK2070,yegM"
mdtB,"ECK2071,yegN"
mdtC,"ECK2072,yegO"
mdtD,"ECK2073,iceT,yegB"
baeS,ECK2074
baeR,ECK2075
yegP,ECK2076
trhP,"ECK2077,yegQ"
cyaR,"ECK2078,ryeE"
ogrK,ECK2079
yegZ,ECK2080
yegR,ECK2081
yegS,ECK2082
gatR,"b2087,b2090,ECK2083"
insE5,ECK0298
insF5,"ECK0299,tra5-4"
gatD,ECK2084
gatC,ECK2085
gatB,ECK2086
gatA,ECK2087
gatZ,ECK2088
gatY,"ECK2089,yegF"
fbaB,"dhnA,ECK2090"
yegT,ECK2091
yegU,ECK2092
yegV,ECK2093
yegW,ECK2094
yegX,ECK2095
thiD,"ECK2096,thiA,thiJ,thiN"
thiM,ECK2097
rcnR,"ECK2098,yohL"
rcnA,"ECK2099,yohM"
rcnB,"ECK2100,yohN"
yehA,ECK2101
yehB,ECK2102
yehC,ECK2103
yehD,ECK2104
yehE,ECK2105
mrp,ECK2106
metG,ECK2107
yehF,"dinO,ECK2108,molR_1,sosF"
yehH,"b2116,b2117,ECK2108,molR,yehG"
yehI,ECK2109
yehK,ECK2110
yehL,ECK2111
yehM,"ECK2112,yehN,yehO"
yehP,ECK2113
yehQ,ECK2114
yehR,ECK2115
yehS,ECK2116
btsR,"ECK2117,yehT"
btsS,"ECK2118,yehU"
mlrA,"ECK2119,yehV"
yohO,ECK2120
yehW,ECK2121
yehX,ECK2122
yehY,ECK2123
osmF,"ECK2124,yehZ"
bglX,"ECK2125,glh,yohA"
dld,"ECK2126,ldh"
pbpG,"ECK2127,yohB"
yohC,ECK2128
yohD,ECK2129
yohF,"ECK2130,yohE"
mdtQ,"b2138,ECK2131,ECK2132,yohG,yohH"
yohP,ECK4494
dusC,"ECK2133,yohI"
yohJ,ECK2134
yohK,ECK2135
cdd,ECK2136
sanA,"ECK2137,sfiXSt,yeiF"
yeiS,ECK2138
preT,"ECK2139,yeiT"
preA,"ECK2140,yeiA"
mglC,"ECK2141,mglP"
mglA,"ECK2142,mgl,mglP"
mglB,ECK2143
galS,"ECK2144,mglD"
yeiB,ECK2145
folE,ECK2146
yeiG,ECK2147
cirA,"cir,ECK2148,feuA"
lysP,"cadR,ECK2149"
yeiE,ECK2150
yeiH,ECK2151
nfo,ECK2152
yeiI,ECK2153
nupX,"ECK2154,yeiJ"
rihB,"ECK2155,yeiK"
yeiL,ECK2156
psuT,"ECK2157,pscT,yeiM"
psuG,"ECK2158,pscG,yeiN"
psuK,"ECK2159,pscK,yeiC"
fruA,"ECK2160,ptsF"
fruK,"ECK2161,fpk"
fruB,"ECK2162,fpr,fruF"
setB,"ECK2163,yeiO"
yeiW,ECK2164
yeiP,ECK2165
yeiQ,ECK2166
yeiR,ECK2167
lpxT,"ECK2168,yeiU"
mepS,"ECK2169,spr,yeiV"
pdeN,"ECK2170,rtn"
yejA,ECK2171
yejB,ECK2172
yejE,ECK2173
yejF,ECK2174
yejG,ECK2175
bcr,"bicA,bicR,ECK2176,sur,suxA"
rsuA,"ECK2177,yejD"
radD,"ECK2178,yejH,yejI,yejJ"
rplY,ECK2179
yejK,"ECK2180,ndpA"
yejL,ECK2181
yejM,"ECK2182,pbgA,yejN"
proL,"ECK2183,proW"
yejO,ECK2184
insH8,"ECK0261,trs5-8,yi52_8"
narP,ECK2185
ccmH,"ECK2186,yejP"
ccmG,"dsbE,ECK2187,yejQ"
ccmF,"ECK2188,yejR"
ccmE,"ECK2189,yejS"
ccmD,"ECK2190,yojM"
ccmC,"ECK2191,yejT,yejU"
ccmB,"ECK2192,yejV"
ccmA,"ECK2193,yejW"
napC,"ECK2194,yejX"
napB,"ECK2195,yejY"
napH,"ECK2196,yejZ"
napG,"ECK2197,yojA,yojB"
napA,"ECK2198,yojC,yojD,yojE"
napD,"ECK2199,yojF"
napF,"ECK2200,yojG"
yojO,ECK4413
eco,"ECK2201,eti"
mqo,"ECK2202,yojH"
yojI,"ECK2203,yojJ"
alkB,"aidD,ECK2204"
ada,ECK2205
ftp,"apbE,ECK2206,yojK,yojL"
ompC,"ECK2207,meoA,par"
micF,"ECK2208,stc"
rcsD,"ECK2209,yojN,yojP,yojQ"
rcsB,ECK2210
rcsC,ECK2211
atoS,ECK2212
atoC,ECK2213
atoD,ECK2214
atoA,ECK2215
atoE,ECK2216
atoB,ECK2217
yfaP,ECK2218
yfaQ,ECK2219
yfaS,"b2227,b2228,ECK2220,yfaR"
yfaT,ECK2221
yfaA,"ECK2222,pufY"
gyrA,"ECK2223,hisW,nalA,nfxA,norA,parD"
ubiG,"ECK2224,pufX,yfaB"
yfaL,"ECK2225,yfaF,yfaJ,yfaK"
ypaB,ECK4414
nrdA,"dnaF,ECK2226"
yoaM,ECK4636
nrdB,"ECK2227,ftsB"
yfaE,ECK2228
inaA,"ECK2229,yfaG"
yfaH,ECK2230
glpQ,ECK2231
glpT,ECK2232
glpA,ECK2233
glpB,"ECK2234,psi-51"
glpC,ECK2235
rpnE,"ECK2236,yfaD"
ypaA,ECK2237
yfaU,ECK2238
yfaV,ECK2239
rhmD,"ECK2240,yfaW"
yfaX,ECK2241
yfaY,ECK2242
yfaZ,ECK2243
nudI,"ECK2244,yfaO"
ais,"ECK2245,pagH,pmrG"
arnB,"ECK2246,pmrH,yfbE"
arnC,"ECK2247,pmrF,yfbF"
arnA,"ECK2248,pmrI,SAF,yfbG"
arnD,"ECK2249,pmrJ,yfbH"
arnT,"ECK2250,pmrK,yfbI"
arnE,"ECK2251,yfbW"
arnF,"ECK2252,yfbJ"
pmrD,ECK2253
menE,ECK2254
menC,ECK2255
menB,ECK2256
menH,"ECK2257,yfbB"
menD,ECK2258
menF,"ECK2259,yfbA"
elaB,"ECK2260,yfbD"
elaA,"ECK2261,yfbC"
rbn,"ECK2262,ecoZ,elaC,rnz,zipD"
elaD,ECK2263
yfbK,ECK2264
yfbL,ECK2265
yfbM,ECK2266
yfbN,ECK2267
yfbO,ECK2268
yfbP,ECK2269
nuoN,ECK2270
nuoM,"ECK2271,nuoA"
nuoL,ECK2272
nuoK,ECK2273
nuoJ,ECK2274
nuoI,ECK2275
nuoH,ECK2276
nuoG,ECK2277
nuoF,ECK2278
nuoE,ECK2279
nuoC,"ECK2280,nuoD"
nuoB,ECK2281
nuoA,ECK2282
lrhA,"ECK2283,genR"
alaA,"ECK2284,yfbQ"
yfbR,ECK2285
yfbS,ECK2286
hxpA,"ECK2287,yfbT"
yfbU,ECK2288
yfbV,ECK2289
ackA,ECK2290
pta,ECK2291
yfcC,ECK2292
yfcD,ECK2293
yfcE,ECK2294
yfcF,ECK2295
yfcG,ECK2296
folX,ECK2297
yfcH,ECK2298
rpnB,"ECK2299,yfcI"
hisP,ECK2300
hisM,ECK2301
hisQ,ECK2302
hisJ,ECK2303
argT,ECK2304
ubiX,"dedF,ECK2305"
purF,"ade,ade(ub),ECK2306,purC"
cvpA,"dedE,ECK2307"
dedD,ECK2308
folC,"dedC,ECK2309"
accD,"dedB,ECK2310,usg"
dedA,ECK2311
truA,"asuC,ECK2312,hisT,leuK"
usg,"ECK2313,usg-1"
pdxB,"ECK2314,usg-2"
flk,"div,ECK2315"
yfcJ,ECK2316
fabB,"ECK2317,fabC"
mnmC,"ECK2318,trmC,yfcK"
yfcL,ECK2319
epmC,"ECK2320,yfcM"
yfcA,ECK2321
mepA,ECK2322
aroC,ECK2323
prmB,"ECK2324,yfcB"
smrB,"ECK2325,yfcN"
yfcO,ECK2326
yfcP,ECK2327
yfcQ,ECK2328
yfcR,ECK2329
yfcS,ECK2330
yfcU,"b2337,b2338,ECK2331,ECK2332,yfcT"
yfcV,ECK2333
sixA,"ECK2334,yfcW"
fadJ,"ECK2335,yfcX"
fadI,"ECK2336,yfcY"
yfcZ,ECK2337
fadL,"ECK2338,ttr"
yfdF,ECK2339
mlaA,"ECK2340,vacJ"
yfdC,ECK2341
argW,ECK2342
intS,"ECK2343,intC,yfdB"
yfdG,"ECK2344,gtrA"
yfdH,"ECK2345,gtrB"
yfdI,"ECK2346,gtrIV,gtrS"
yodE,ECK4637
tfaS,"ECK2347,yfdJ"
yfdK,ECK2348
yfdL,ECK2349
yfdM,"ECK2350,yzyB"
yfdN,"ECK2351,yzyA"
yfdO,"ECK2352,oweS"
yfdP,ECK2353
yfdQ,ECK2354
yfdR,ECK2355
yfdS,ECK2356
yfdT,ECK2357
ypdJ,ECK2358
torI,ECK2359
pawZ,ECK4464
dsdC,ECK2360
dsdX,"dsdC,ECK2361,yfdA,yfdD"
dsdA,ECK2362
emrY,ECK2363
emrK,ECK2364
evgL,ECK4638
evgA,ECK2365
evgS,ECK2366
yfdE,ECK2367
yfdV,ECK2368
oxc,"ECK2369,yfdU"
frc,"ECK2370,yfdW"
yfdX,ECK2371
ypdI,ECK2372
yfdY,ECK2373
lpxP,"ddg,ECK2374"
ypdK,ECK4495
alaC,"ECK2375,yfdZ"
pyrS,"ECK2376,ypdA"
pyrR,"ECK2377,ypdB"
ypdC,ECK2378
fryA,"ECK2379,ypdD"
ypdE,ECK2380
ypdF,ECK2381
fryC,"ECK2382,ypdG"
fryB,"ECK2383,ypdH"
glk,ECK2384
yfeO,ECK2385
ypeC,ECK2386
mntH,"ECK2387,mntA,yfeP"
nupC,"cru,ECK2388"
insL3,"ECK0016,yi81-3"
pdeA,"ECK2389,yfeA"
alaX,"alaWbeta,ECK2390"
alaW,"alaWalpha,ECK2391"
yfeC,ECK2392
yfeD,ECK2393
gltX,"ECK2394,gltM,gluRS"
valU,"ECK2395,valUalpha"
valX,"ECK2396,valU-beta,valUbeta"
valY,"ECK2397,valUgamma"
lysV,"ECK2398,supN"
xapR,"ECK2399,pndR,pRndR,yfeB"
xapB,ECK2400
xapA,"ECK2401,pndA"
yfeN,ECK2402
yfeR,ECK2403
yfeH,ECK2404
ypeB,ECK2405
ligA,"dnaL,ECK2406,lig,lop,pdeC"
zipA,ECK2407
cysZ,ECK2408
cysK,"ECK2409,ssi5"
ptsH,"ctr,ECK2410,hpr"
ptsI,"ctr,ECK2411"
crr,"ECK2412,gsr,iex,tgs,treD"
pdxK,"ECK2413,pdxL,thiJ,yfeI"
yfeK,ECK2414
yfeS,ECK2415
cysM,ECK2416
cysA,ECK2417
cysW,ECK2418
cysU,"cysT,ECK2419"
cysP,ECK2420
ucpA,"ECK2421,yfeF"
murR,"ECK2422,yfeT"
murQ,"ECK2423,yfeU"
murP,"ECK2424,yfeV"
yfeW,ECK2425
yfeX,ECK2426
yfeY,ECK2427
yfeZ,ECK2428
ypeA,ECK2429
amiA,"ECK2430,yfeE"
hemF,"ECK2431,popB,sec"
eutR,"ECK2432,yfeG"
eutK,"ECK2433,yffI"
eutL,"ECK2434,yffJ"
eutC,ECK2435
eutB,ECK2436
intZ,ECK2437
yffL,ECK2438
yffM,ECK2439
yffN,ECK2440
yffO,ECK2441
yffP,ECK2442
yffQ,ECK2443
yffR,ECK2444
yffS,ECK2445
eutA,"ECK2446,yffT"
eutH,"ECK2447,yffU"
eutG,"ECK2448,yffV"
eutJ,"ECK2449,yffW"
eutE,"ECK2450,yffX"
eutN,"cchB,ECK2451,yffY"
eutM,"cchA,ECK2452,yffZ"
eutD,"ECK2453,eutI,ypfA"
eutT,"ECK2454,ypfB"
eutQ,"ECK2455,ypfC"
eutP,"ECK2456,ypfD"
eutS,"ECK2457,ypfE"
maeB,"ECK2458,ypfF"
talA,ECK2459
tktB,ECK2460
ypfG,ECK2461
nudK,"ECK2462,yffH"
aegA,"ECK2463,yffG"
narQ,ECK2464
acrD,"ECK2465,yffA"
ypfM,ECK4415
yffB,ECK2466
dapE,"ECK2467,msgB"
ypfN,ECK2468
ypfH,ECK2469
tmcA,"ECK2470,ypfI"
ypfJ,ECK2471
purC,"ade,ade(g),ECK2472"
bamC,"dapX,ECK2473,nlpB"
dapA,ECK2474
gcvR,"ECK2475,yffD"
bcp,ECK2476
hyfA,"ECK2477,yffE"
hyfB,"ECK2478,yffF"
hyfC,ECK2479
hyfD,ECK2480
hyfE,ECK2481
hyfF,ECK2482
hyfG,ECK2483
hyfH,ECK2484
hyfI,ECK2485
hyfJ,ECK2486
hyfR,ECK2487
focB,ECK2488
yfgO,"ECK2489,perM"
bepA,"ECK2490,yfgC"
yfgD,ECK2491
hda,"ECK2492,idaB,yfgE"
uraA,ECK2493
upp,"ECK2494,uraP"
purM,"ECK2495,purG,purI"
purN,"ade,ade(c),ECK2496"
ppk,ECK2497
ppx,ECK2498
pdeF,"ECK2499,yfgF"
yfgG,ECK2500
yfgH,ECK2501
yfgI,ECK2502
guaA,ECK2503
guaB,"ECK2504,guaR"
xseA,"ECK2505,xse"
yfgJ,ECK2506
der,"ECK2507,engA,yfgK"
bamB,"ECK2508,yfgL"
yfgM,ECK2509
hisS,ECK2510
sroE,"ECK4618,k20"
ispG,"ECK2511,gcpE"
rodZ,"ECK2512,yfgA"
rlmN,"ECK2513,yfgB"
ndk,ECK2514
pbpC,"ECK2515,yfgN"
yfhM,ECK2516
sseA,"ECK2517,mstA"
ryfA,"ECK2518,PAIR3b,tp1"
sseB,ECK2519
pepB,"ECK2520,yfhI"
iscX,"ECK2521,yfhJ"
fdx,ECK2522
hscA,"ECK2523,hsc"
hscB,"ECK2524,yfhE"
iscA,"ECK2525,yfhF"
iscU,"ECK2526,nifU,yfhN"
iscS,"ECK2527,nuvC,yfhO,yzzO"
iscR,"ECK2528,yfhP"
trmJ,"ECK2529,yfhQ"
suhB,"ECK2530,ssyA"
yfhR,ECK2531
csiE,"csi-16,ECK2532"
hcaT,"ECK2533,yfhS"
hcaR,"ECK2534,phdR,yfhT"
iroK,ECK4518
hcaE,"digA,ECK2535,hcaA,hcaA1,phdC1,yfhU"
hcaF,"digB,ECK2536,hcaA,hcaA2,hcaB,phdC2,yfhV"
hcaC,"ECK2537,hcaa3,phdB,yfhW"
hcaB,"ECK2538,phdD,yfhX"
hcaD,"ECK2539,hcaa4,phdA,yfhY"
yphA,ECK2540
yphB,ECK2541
yphC,ECK2542
yphD,ECK2543
yphE,ECK2544
yphF,ECK2545
yphG,ECK2546
yphH,ECK2547
glyA,ECK2548
hmp,"ECK2549,fsrB,hmpA"
glnB,ECK2550
glrR,"ECK2551,qseF,yfhA"
qseG,"ECK2552,yfhG"
glrK,"ECK2553,qseE,yfhK,yfhZ"
glmY,"ECK2554,sroF,tke1"
purL,"ECK2555,purI"
mltF,"ECK2556,yfhD"
tadA,"ECK2557,yfhC"
pgpC,"ECK2558,yfhB"
yfhH,ECK2559
yfhL,ECK2560
shoB,"b4681,ECK4502,ryfB,yphI"
ohsC,"ECK4417,ryfC"
acpS,"dpj,ECK2561"
pdxJ,ECK2562
recO,ECK2563
era,"ECK2564,rbaA,sdgE"
rnc,"ECK2565,ranA"
lepB,"ECK2566,lep"
lepA,ECK2567
rseC,ECK2568
rseB,ECK2569
rseA,"ECK2570,mclA,yfiJ"
rpoE,"ECK2571,sigE"
rseD,ECK4582
nadB,"ECK2572,nic,nicB"
yfiC,"ECK2573,trmM"
srmB,"ECK2574,rbaB,rhlA"
yfiE,ECK2575
eamB,"ECK2576,yfiK"
grcA,"ECK2577,yfiD"
ung,ECK2578
yfiF,ECK2579
trxC,"ECK2580,yfiG"
tapT,"ECK2581,tuaA,yfiP"
patZ,"ECK2582,pka,yfiQ"
pssL,ECK4639
pssA,"ECK2583,pss"
yfiM,ECK2584
kgtP,"ECK2585,witA"
yfiS,ECK4639
rrfG,ECK2586
rrlG,ECK2587
gltW,ECK2588
rrsG,ECK2589
clpB,"ECK2590,htpM"
ryfD,ECK4418
pgeF,"ECK2591,yfiH"
rluD,"ECK2592,sfhB,yfiI,yfil"
bamD,"ecfD,ECK2593,yfiO"
raiA,"ECK2594,pY,urf1,yfiA"
pheL,"ECK2595,pheAE"
pheA,ECK2596
tyrA,ECK2597
aroF,ECK2598
yfiL,ECK2599
yfiR,ECK2600
dgcN,"ECK2601,yfiN"
yfiB,ECK2602
rplS,ECK2603
trmD,ECK2604
rimM,"ECK2605,yfjA"
rpsP,ECK2606
ffh,ECK2607
ypjD,ECK2608
yfjD,"b2612,b2613,ECK2609,ypjE"
grpE,ECK2610
nadK,"ECK2611,yfjB,yfjE"
recN,"ECK2612,radB"
bamE,"ECK2613,smpA,smqA"
yfjF,"ECK2614,ratB"
ratA,"ECK2615,yfjG"
smpB,"ECK2616,smqB"
ssrA,"ECK2617,sipB"
intA,"ECK2618,intX,slpA"
yfjH,ECK2619
alpA,ECK2620
yfjI,ECK2621
yfjJ,ECK2622
abpB,"ECK2623,yfjK"
abpA,"ECK2624,yfjL"
yfjM,ECK2625
rnlA,"ECK2626,std,yfjN"
rnlB,"ECK2627,yfjO"
yfjP,ECK2628
yfjQ,ECK2629
yfjR,ECK2630
ypjK,ECK2631
yfjS,ECK2632
yfjT,ECK2633
yfjU,ECK2634
yfjV,"b2639,b2640,ECK2635,ECK2636,ECK2637,ypjL,ypjM"
yfjW,ECK2638
ypjI,ECK4438
yfjX,ECK2639
yfjY,ECK2640
ypjJ,ECK2641
yfjZ,ECK2642
ypjF,ECK2643
psaA,ECK4465
ypjA,ECK2644
pinH,"ECK2645,ypjG"
ypjB,ECK2646
ypjC,ECK2647
ileY,ECK2648
ygaQ,"b2654,b2655,b2656,b2657,b2658,ECK2649,G7391,G7392,G7393,ygaR,yqaC,yqaD"
glaH,"csi-12,csiD,ECK2653,ygaT"
lhgD,"ECK2654,lhgO,ygaF"
gabD,ECK2655
gabT,ECK2656
gabP,ECK2657
glaR,"csiR,ECK2658,gabC,ygaE"
kbp,"ECK2659,ygaU,yzzM"
yqaE,ECK2660
ygaV,ECK2661
ygaP,ECK2662
stpA,"ECK2663,hnsB"
alaE,"ECK2664,ygaW"
ygaC,ECK2665
ygaM,ECK2666
nrdH,"ECK2667,ygaN"
nrdI,"ECK2668,ygaO"
nrdE,ECK2669
nrdF,"ECK2670,ygaD"
proV,"ECK2671,osrA,proU"
proW,"ECK2672,osrA,proU"
proX,"ECK2673,osrA,proU"
ygaY,"b2680,ECK2674,ECK2675,ygaX"
ygaZ,ECK2676
ygaH,ECK2677
mprA,"ECK2678,emrR"
emrA,ECK2679
emrB,ECK2680
luxS,"ECK2681,ygaG"
micA,"ECK2682,psrA10,sraD"
gshA,"ECK2683,gsh-I"
yqaA,ECK2684
yqaB,ECK2685
argQ,"argVdelta,ECK2686"
argZ,"argVgamma,ECK2687"
argY,"argVbeta,ECK2688"
argV,"argValpha,ECK2689"
serV,"ECK2690,supD"
csrA,"ECK2691,zfiA"
alaS,"act,ala-act,ECK2692,lovB"
recX,"ECK2693,oraA"
recA,"ECK2694,lexB,recH,rnmB,srf,tif,umuB,zab"
pncC,"ECK2695,ygaD"
mltB,"ECK2696,slt"
srlA,"ECK2697,gutA,sbl,srlA-1"
srlE,"ECK2698,gutA,gutE,sbl,srlA,srlA-2"
srlB,"ECK2699,gutB"
srlD,"ECK2700,gutD"
gutM,"ECK2701,gut,srlM"
srlR,"ECK2702,gutR"
gutQ,"ECK2703,srlQ"
norR,"ECK2704,ygaA"
norV,"ECK2705,ygaI,ygaJ,ygaK"
norW,"ECK2706,ygaL,ygbD"
hypF,"ECK2707,hydA"
hydN,ECK2708
ascG,"ECK2709,sac"
ascF,"ECK2710,sac"
ascB,"ECK2711,sac"
hycI,ECK2712
hycH,"ECK2713,hevH"
hycG,"ECK2714,hevG"
hycF,"ECK2715,hevF"
hycE,"ECK2716,hevE"
hycD,"ECK2717,hevD"
hycC,"ECK2718,hevC"
hycB,"ECK2719,hevB"
hycA,"ECK2720,hevA"
hypA,ECK2721
hypB,"ECK2722,hydB"
hypC,ECK2723
hypD,"ECK2724,hydF"
hypE,"ECK2725,hydB"
fhlA,"ECK2726,fhl"
ygbA,ECK2727
mutS,"ant,ECK2728,fdv,plm"
pphB,"ECK2729,prpB,ygbH"
ygbI,ECK2730
ygbJ,ECK2731
ygbK,ECK2732
ygbL,ECK2733
ygbM,ECK2734
ygbN,ECK2735
rpoS,"abrD,appR,csi2,dpeB,ECK2736,katF,nur,otsX,sigS"
nlpD,ECK2737
pcm,ECK2738
umpG,"ECK2739,surE,ygbC"
truD,"ECK2740,ygbO"
ispF,"ECK2741,ygbB"
ispD,"ECK2742,ygbP"
ftsB,"ECK2743,ygbQ"
ygbE,ECK2744
cysC,ECK2745
cysN,ECK2746
cysD,ECK2747
iap,ECK2748
cas2,"ECK2749,ygbF"
cas1,"ECK2750,ygbT"
casE,"cas6e,cse3,ECK2751,ygcH"
casD,"cas5e,ECK2752,ygcI"
casC,"cas7,cse4,ECK2753,ygcJ"
casB,"cse2,ECK2754,ygcK"
casA,"cse1,ECK2755,ygcL"
cas3,"ECK2756,ygcB"
sokX,ECK4514
cysH,ECK2757
cysI,ECK2758
cysJ,ECK2759
queD,"ECK2760,sscR,ygcM"
ygcN,ECK2761
ygcO,ECK2762
ygcP,ECK2763
ygcQ,ECK2764
ygcR,ECK2765
ygcS,ECK2766
ygcU,"b2772,b2773,ECK2767,ygcT,ygcV"
ygcW,ECK2768
yqcE,"ECK2769,yqcF"
ygcE,ECK2770
queE,"ECK2771,ygcF"
yqcG,ECK4497
ygcG,ECK2772
eno,ECK2773
pyrG,ECK2774
mazG,ECK2775
mazF,"chpA,chpAK,ECK2776"
mazE,"chpAI,chpR,ECK2777"
relA,"ECK2778,RC"
rlmD,"ECK2779,rumA,ygcA"
barA,"airS,ECK2780"
gudD,"ECK2781,ygcX"
gudX,"ECK2782,ygcY"
gudP,"ECK2783,gudT,ygcZ"
yqcA,ECK2784
truC,"ECK2785,yqcB"
yqcC,ECK2786
csrB,ECK2787
syd,"ECK2788,ydr"
queF,"ECK2789,yqcD"
ppnN,"ECK2790,ygdH"
sdaC,"dcrA,ECK2791"
sdaB,ECK2792
ygdG,"ECK2793,exo,xni"
fucO,ECK2794
fucA,"ECK2795,fucC,prd"
fucP,ECK2796
fucI,ECK2797
fucK,ECK2798
fucU,ECK2799
fucR,ECK2800
rlmM,"ECK2801,ygdE"
ygdD,ECK2802
gcvA,ECK2803
gcvB,"ECK2804,IS145,psrA11"
ygdI,ECK2805
csdA,"ECK2806,ygdJ"
csdE,"ECK2807,ygdK"
tcdA,"csdL,ECK2808,ygdL"
mltA,"ECK2809,mlt,ygdM"
metZ,"ECK2810,metZalpha"
metW,ECK2811
metV,"ECK2812,metX,metZ-beta,metZb,metZbeta"
amiC,"ECK2813,ygdN"
argA,"Arg1,Arg2,ECK2814"
recD,"ECK2815,hopE"
recB,"ECK2816,ior,rorA"
ptrA,"ECK2817,ptr"
recC,ECK2818
ppdC,"ECK2819,ygdA"
ygdB,ECK2820
ppdB,"ECK2821,ygdC"
ppdA,ECK2822
thyA,ECK2823
lgt,"ECK2824,umpA"
ptsP,"ECK2825,ygdF,ygdO"
rppH,"ECK2826,nudH,ygdP"
ygdT,ECK4419
mutH,"ECK2827,mutR,prv"
ygdQ,ECK2828
ygdR,ECK2829
tas,"ECK2830,ygdS"
lplT,"ECK2831,ygeD"
aas,ECK2832
omrA,"ECK2833,PAIR2a,psrA12,rygA,sraE,t59"
omrB,"ECK2834,PAIR2b,rygB,t59"
galR,"ECK2835,Rgal"
lysA,ECK2836
lysR,ECK2837
ygeA,ECK2838
araE,ECK2839
kduD,"ECK2840,ygeC,yqeD"
kduI,"ECK2841,yqeE"
yqeF,ECK2842
yqeG,ECK2843
yqeH,ECK2844
yqeI,ECK2845
yqeJ,ECK2846
yqeL,ECK4498
yqeK,ECK2847
ygeF,ECK2848
ygeG,ECK2849
ygeH,ECK2850
ygeI,ECK2851
pbl,"ECK2852,ygeJ"
ygeK,ECK2853
ygeL,ECK2854
ygeN,"b2857,ECK2855,ECK2856,ygeM"
ygeO,ECK2857
insD4,"ECK0358,yi22-4"
insC4,"ECK0357,yi21-4"
ygeP,ECK2858
ygeQ,ECK2859
glyU,"ECK2860,suA36,sufD,sumA,sumB,supT"
ygeR,ECK2861
xdhA,"ECK2862,ygeS"
xdhB,"ECK2863,ygeT"
xdhC,"ECK2864,ygeU"
ygeV,ECK2865
ygeW,ECK2866
ygeX,ECK2867
ygeY,ECK2868
hyuA,"ECK2869,ygeZ"
yqeA,ECK2870
yqeB,ECK2871
yqeC,ECK2872
mocA,"ECK2873,ygfJ"
ygfK,ECK2874
ssnA,"ECK2875,ygfL"
ygfM,ECK2876
xdhD,"ECK2877,ygfN"
xanQ,"ECK2878,ygfO"
guaD,"ECK2879,ygfP"
ghxQ,"b2884,b2885,ECK2880,ygfQ,ygfR"
ygfS,ECK2881
ygfT,ECK2882
uacT,"ECK2883,ygfU"
yqfG,ECK4499
yqfH,ECK4610
idi,"ECK2884,ygfV"
lysS,"asuD,ECK2885,herC"
prfB,"ECK2886,supK"
recJ,ECK2887
dsbC,"ECK2888,xprA"
xerD,"ECK2889,xprB"
fldB,ECK2890
ygfX,"cptA,ECK2891"
sdhE,"cptB,ECK2892,ygfY"
ygfZ,"ECK2893,yzzW"
yqfA,ECK2894
yqfB,ECK2895
bglA,"bglD,ECK2896,yqfC"
ygfF,"ECK2897,yqfD"
gcvP,ECK2898
gcvH,"ECK2899,gcv"
gcvT,ECK2900
yqfI,ECK4611
ubiI,"ECK2901,visC"
ubiH,"acd,ECK2902,visB"
pepP,ECK2903
ygfB,ECK2904
zapA,"ECK2905,ygfE"
ssrS,"ECK2906,ssr"
fau,"ECK2907,ygfA"
sibC,"ECK2908,QUAD1c,rygC,t27"
ibsC,ECK4480
serA,ECK2909
rpiA,"ECK2910,ygfC"
yqfE,ECK2911
argP,"ECK2912,iciA"
scpA,"ECK2913,sbm,yliK"
argK,"ECK2914,ygfD"
scpB,"ECK2915,ygfG"
scpC,"ECK2916,ygfH"
ygfI,ECK2917
yggE,ECK2918
argO,"ECK2919,yggA"
mscS,"ECK2920,yggB"
fbaA,"ald,ECK2921,fba,fda"
pgk,ECK2922
epd,"ECK2923,gap2,gapB"
yggC,ECK2924
fumE,"ECK2925,yggD"
yggF,"ECK2926,yggK"
yggP,"b2931,b2932,ECK2927"
cmtA,ECK2928
cmtB,"ECK2929,tolM"
tktA,"ECK2930,tkt"
loiP,"ECK2931,yggG"
speB,ECK2932
speA,ECK2933
yqgB,ECK2934
yqgG,ECK4641
yqgC,ECK2935
yqgD,ECK2936
metK,"ECK2937,metX"
galP,"ECK2938,Pgal"
yggI,"ECK2939,sprT"
endA,ECK2940
rsmE,"ECK2941,yggJ"
gshB,"ECK2942,gsh-II"
yqgE,ECK2943
yqgF,ECK2944
yggR,ECK2945
yggS,ECK2946
yggT,ECK2947
yggU,ECK2948
rdgB,"ECK2949,yggV"
hemW,"ECK2950,yggW"
yggM,ECK2951
ansB,ECK2952
yggN,"ecfF,ECK2953"
yggL,ECK2954
trmB,"ECK2955,trmI,yggH"
mutY,"ECK2956,micA"
yggX,ECK2957
mltC,"ECK2958,yggZ"
nupG,ECK2959
speC,ECK2960
yqgH,ECK4642
yqgA,ECK2961
pheV,"ECK2962,pheC"
yghD,"ecfC,ECK2963"
yghE,"ecfB,ECK2964"
yqhJ,ECK4643
yghF,"ecfA,ECK2965"
yghG,ECK2966
pppA,"ECK2967,yghH"
yghJ,"b2973,b2974,ECK2968,sslE"
glcA,"ECK2969,yghK"
glcB,"ECK2970,glc"
glcG,"ECK2971,yghC"
glcF,"b2978,ECK2972,gox,yghL"
glcE,"b2978,ECK2973,gox,yghL"
glcD,"ECK2974,gox,yghM"
glcC,"ECK2975,yghN"
yghO,ECK2976
insH9,"ECK0261,trs5-9,yi52_9"
yghQ,ECK2977
yghR,ECK2978
yghS,ECK2979
yghT,ECK2980
pitB,ECK2981
gss,"ECK2982,gsp"
yghU,ECK2983
hybG,ECK2984
hybF,ECK2985
hybE,ECK2986
hybD,ECK2987
hybC,ECK2988
hybB,ECK2989
hybA,"ECK2990,hydL"
hybO,"ECK2991,yghV"
yghW,ECK2992
yghX,"b2999,b3000,ECK2993,ECK2994,orf_f136,yghY"
yqhI,ECK4612
gpr,"ECK2995,mgrA,yghZ"
yqhA,ECK2996
yghA,ECK2997
exbD,ECK2998
exbB,ECK2999
metC,ECK3000
yghB,ECK3001
yqhC,ECK3002
yqhD,ECK3003
dkgA,"ECK3004,yqhE"
yqhG,"ECK3005,yqhF"
yqhH,ECK3006
ygiQ,"b3015,b3016,ECK3007,ygiR"
ftsP,"ECK3008,sufI,sui"
plsC,"ECK3009,parF"
parC,ECK3010
ygiS,ECK3011
mqsA,"ECK3012,ygiT"
mqsR,"ECK3013,ygiU"
ygiV,ECK3014
ygiW,"ECK3015,visP"
qseB,"ECK3016,ygiX"
qseC,"ECK3017,ygiY"
ygiZ,ECK3018
mdaB,"ECK3019,mda66"
ygiN,ECK3020
parE,"ECK3021,nfxD"
yqiA,"ECK3022,yzzI"
cpdA,"ECK3023,icc"
yqiB,"ECK3024,yzzH"
nudF,"aspP,ECK3025,trgB,yqiE"
tolC,"colE1-i,ECK3026,mtcB,mukA,refI,toc,weeA"
ygiB,ECK3028
ygiC,ECK3029
ygiD,ECK3030
zupT,"ECK3031,ygiE"
yqiD,ECK4613
ribB,"ECK3032,htrP,luxH,luxH-l"
ubiK,"ECK3033,yqiC"
ygiL,ECK3034
yqiG,ECK3035
insC5,"ECK0357,yi21-5"
insD5,"ECK0358,yi22-5"
yqiH,ECK3036
yqiI,ECK3037
glgS,"ECK3038,scoR"
yqiJ,ECK3039
yqiK,ECK3040
sibD,"C0730,ECK3041,IS156,QUAD1d,rygD,tp8"
ibsD,ECK4479
sibE,"ECK4420,QUAD1e,rygE"
ibsE,ECK4481
hldE,"ECK3042,gmhC,rfaE,waaE,yqiF"
glnE,ECK3043
ygiF,ECK3044
ygiM,"ecfG,ECK3045,htrG"
cca,ECK3046
bacA,"ECK3047,uppP"
folB,"ECK3048,ygiG"
plsY,"ECK3049,ygiH"
ttdR,"dan,ECK3050,ygiP"
ttdA,"ECK3051,ygjA"
ttdB,"ECK3052,ygjB"
ttdT,"ECK3053,ygjC,ygjE"
tsaD,"ECK3054,gcp,ygjD"
rpsU,ECK3055
dnaG,"dnaP,ECK3056,parB,sdgA"
rpoD,"alt,ECK3057"
mug,"ECK3058,ygjF"
ileX,ECK3059
nfeF,"ECK3060,yqjH"
nfeR,"ECK3061,yqjI"
aer,"air,ECK3062,yqjJ"
patA,"ECK3063,oat,pat,ygjG"
ygjH,ECK3064
ebgR,ECK3065
ebgA,ECK3066
ebgC,ECK3067
ygjI,ECK3068
ygjJ,ECK3069
ygjK,ECK3070
fadH,"ECK3071,ygjL"
higA,"ECK3072,ygjM"
higB,"ECK3073,ygjN"
rlmG,"ECK3074,ygjO"
ygjP,ECK3075
ygjQ,ECK3076
ygjR,ECK3077
alx,"ECK3079,ygjT"
sstT,"ECK3080,ygjU"
ygjV,ECK3081
uxaA,"ECK3082,ygjW"
uxaC,"ECK3083,ygjX,ygjY,ygjZ"
exuT,ECK3084
exuR,ECK3085
yqiM,ECK4644
yqjA,"ecfL,ECK3086"
mzrA,"ecfM,ECK3087,yqjB"
yqjC,ECK3088
yqjD,ECK3089
yqjE,ECK3090
yqjK,ECK3091
yqjF,ECK3092
yqjG,ECK3093
yhaH,ECK3094
yhaI,ECK3095
yhaJ,ECK3096
yhaK,ECK3097
yhaL,ECK3098
cyuA,"b3108,b3109,ECK3099,yhaM,yhaN"
cyuP,"dlsT,ECK3100,yhaO"
tdcG,"b3111,b3112,ECK3101,sdhY,tdcGa,yhaP,yhaQ"
tdcF,"ECK3102,yhaR"
tdcE,"ECK3103,yhaS"
tdcD,"ECK3104,yhaA"
tdcC,ECK3105
tdcB,"ECK3106,tdc"
tdcA,ECK3107
tdcR,ECK3108
yhaB,ECK3109
yhaC,ECK3110
rnpB,ECK3111
garK,"ECK3112,yhaD"
garR,"ECK3113,yhaE"
garL,"ECK3114,yhaF"
garP,"ECK3115,yhaU"
garD,"ECK3116,yhaG"
prlF,"ECK3117,prlFA,sohA"
yhaV,ECK3118
agaR,"ECK3119,yhaW"
kbaZ,"agaZ,ECK3120,yhaX"
agaV,"ECK3121,yhaY"
agaW,"ECK3122,yhaZ"
agaA,"ECK3123,yraA"
agaS,"ECK3124,yraB"
kbaY,"agaY,ECK3125,kba,yraC"
agaB,"ECK3126,yraD"
agaC,"ECK3127,yraE"
agaD,"ECK3128,yraF"
agaI,"ECK3129,yraG"
yraH,ECK3130
yraI,ECK3131
yraJ,ECK3132
yraK,ECK3133
rsmI,"ECK3134,yraL"
lpoA,"ECK3135,yraM"
yraN,ECK3136
diaA,"ECK3137,yraO"
yraP,"ecfH,ECK3138"
yraQ,ECK3139
yraR,ECK3140
yhbO,ECK3141
yhbP,ECK3142
yhbQ,ECK3143
yhbS,ECK3144
ubiT,"ECK3145,yhbT"
ubiU,"ECK3146,yhbU"
ubiV,"ECK3147,yhbV"
yhbW,ECK3148
mtr,ECK3149
deaD,"csdA,ECK3150,mssB,rhlD"
yrbN,ECK4500
nlpI,"ECK3151,yhbM"
pnp,"bfl,ECK3152"
sraG,"ECK3153,p3,psrA15,psrO"
rpsO,"ECK3154,secC"
truB,"ECK3155,yhbA"
rbfA,"ECK3156,sdr-43,yhbB"
infB,"ECK3157,ssyG"
nusA,ECK3158
rimP,"ECK3159,yhbC"
metY,ECK3160
argG,ECK3161
yhbX,ECK3162
leuU,ECK3163
secG,"ECK3164,prlH"
glmM,"ECK3165,mrsA,yhbF"
folP,"dhpS,ECK3166"
ftsH,"ECK3167,hflB,mrsC,std,tolZ"
rlmE,"ECK3168,ftsJ,mrsF,rrmJ"
yhbY,ECK3169
greA,ECK3170
dacB,ECK3171
obgE,"cgtA,ECK3172,obg,yhbZ"
yhbE,ECK3173
rpmA,"ECK3174,rpz"
rplU,ECK3175
ispB,"cel,ECK3176,yhbD"
sfsB,"ECK3177,nlp,sfs7"
murA,"ECK3178,mrbA,murZ"
ibaG,"ECK3179,yrbA"
mlaB,"ECK3180,yrbB"
mlaC,"ECK3181,yrbC"
mlaD,"ECK3182,yrbD"
mlaE,"ECK3183,yrbE"
mlaF,"ECK3184,yrbF"
yrbG,ECK3185
kdsD,"ECK3186,yrbH"
kdsC,"ECK3187,yrbI,yrbJ"
lptC,"ECK3188,yrbK"
lptA,"ECK3189,yhbN"
lptB,"ECK3190,yhbG"
rpoN,"ECK3191,glnF,ntrA"
hpf,"ECK3192,yhbH"
ptsN,"ECK3193,rpoP,yhbI"
rapZ,"ECK3194,yhbJ"
npr,"ECK3195,ptsO,rpoR,yhbK"
yrbL,ECK3196
mtgA,"ECK3197,mgt,yrbM"
elbB,"ECK3198,elb2,s27a,yhbL,yzzB"
arcZ,"ECK3199,psrA16,ryhA,sraH"
arcB,ECK3200
yhcC,ECK3201
gltB,"aspB,ECK3202,ossB,psiQ"
gltD,"aspB,ECK3203,ossB,psiQ"
gltF,"ECK3204,ossB"
yhcA,ECK3205
yhcD,ECK3206
yhcE,"b3217,b4549,ECK3207"
insH10,"ECK0261,trs5-10,yi52_10"
yhcF,ECK3208
yhcG,ECK3209
yhcH,ECK3210
nanK,"ECK3211,yhcI"
nanE,"ECK3212,yhcJ"
nanT,ECK3213
nanA,"ECK3214,npl"
nanR,"ECK3215,yhcK"
dcuD,"ECK3216,yhcL"
sspB,ECK3217
sspA,"ECK3218,pog,ssp"
rpsI,ECK3219
rplM,ECK3220
zapE,"ECK3221,yhcM"
yhcB,ECK3222
degQ,"ECK3223,hhoA"
degS,"ECK3224,hhoB,htrH"
mdh,ECK3225
argR,"ECK3226,Rarg,xerA"
yhcN,ECK3227
yhcO,ECK3228
aaeB,"ECK3229,yhcP"
aaeA,"ECK3230,yhcQ"
aaeX,"ECK3231,yhcR"
aaeR,"ECK3232,qseA,yhcS"
tldD,"ECK3233,yhdO"
yhdP,"b3245,b3246,ECK3234,yhdQ,yhdR"
rng,"adhR,cafA,ECK3235,yhdF"
yhdE,ECK3236
mreD,ECK3237
mreC,ECK3238
mreB,"ECK3239,envB,mon,mreB_1,rodY"
csrD,"ECK3240,yhdA"
yhdH,"acuI,ECK3241"
yrdF,ECK4509
yrdE,ECK4442
accB,"ECK3242,fabE"
accC,"ECK3243,fabG"
yhdT,ECK3244
panF,ECK3245
prmA,"ECK3246,prm-1,yhdI"
dusB,"ECK3247,yhdG"
fis,"ECK3248,nbp"
yhdJ,"ccrM,ECK3249"
yhdU,ECK3250
envR,"acrS,ECK3251,yhdK"
acrE,"ECK3252,envC"
acrF,"ECK3253,envD"
yhdV,ECK3254
yhdW,ECK3255
yhdX,ECK3256
yhdY,ECK3257
yhdZ,ECK3258
rrfF,"ECK3259,rrfDbeta,rrvD"
thrV,ECK3260
rrfD,ECK3261
rrlD,ECK3262
alaU,"ECK3263,talD"
ileU,"ECK3264,tilD"
rrsD,ECK3265
yrdA,ECK3266
yrdB,ECK3267
aroE,ECK3268
tsaC,"ECK3269,rimN,yrdC"
yrdD,ECK3270
smg,ECK3271
smf,"b3285,b3286,ECK3272,smf1,smf2"
def,"ECK3273,fms"
fmt,"ECK3274,ftm,yhdD"
rsmB,"ECK3275,fmu,fmv,rrmB,sun,yhdB"
trkA,ECK3276
mscL,"ECK3277,yhdC"
arfA,"ECK3278,yhdL"
zntR,"ECK3279,yhdM"
yhdN,ECK3280
rplQ,ECK3281
rpoA,"ECK3282,pez,phs,sez"
rpsD,"ECK3283,ramA,sud(2),sud2"
rpsK,ECK3284
rpsM,ECK3285
rpmJ,"ECK3286,secX"
secY,"ECK3287,prlA"
rplO,ECK3288
rpmD,ECK3289
rpsE,"ECK3290,eps,spc,spcA"
rplR,ECK3291
rplF,ECK3292
rpsH,ECK3293
rpsN,ECK3294
rplE,ECK3295
rplX,ECK3296
rplN,ECK3297
rpsQ,"ECK3298,neaA"
rpmC,ECK3299
rplP,ECK3300
rpsC,ECK3301
rplV,"ECK3302,eryB"
rpsS,ECK3303
rplB,ECK3304
rplW,ECK3305
rplD,"ECK3306,eryA"
rplC,ECK3307
rpsJ,"ECK3308,nusE"
gspB,"ECK3309,pinO,pioO"
gspA,"ECK3310,yheD"
gspC,"ECK3311,yheE"
gspD,"ECK3312,yheF"
gspE,"ECK3313,yheG"
gspF,"ECK3314,hofF,hopF"
gspG,"ECK3315,hofG,hopG"
gspH,"ECK3316,hofH,hopH"
gspI,"ECK3317,yheH"
gspJ,"ECK3318,yheI"
gspK,"ECK3319,yheJ"
gspL,"ECK3320,yheK"
gspM,"ECK3321,hopZ,pshM"
gspO,"ECK3322,hofD,hopD,hopO,yheC"
bfr,ECK3323
bfd,"ECK3324,yheA"
chiA,"ECK3325,yheB"
tufA,"ECK3326,kirT,pulT"
fusA,"ECK3327,far,fus"
rpsG,ECK3328
rpsL,"asuB,ECK3329,strA"
tusB,"ECK3330,yheL"
tusC,"ECK3331,yheM"
tusD,"ECK3332,yheN"
yheO,ECK3333
fkpA,"ECK3334,yzzS"
slyX,ECK3335
slyD,ECK3336
yheV,ECK3337
kefB,"ECK3338,trkB"
kefG,"ECK3339,yheR"
yheS,ECK3340
yheT,ECK3341
yheU,ECK3342
prkB,"ECK3343,yhfF"
yhfA,ECK3344
crp,"cap,csm,ECK3345,gurB"
yhfK,ECK3346
argD,"Arg1,dapC,dtu,ECK3347"
pabA,ECK3348
fic,"ECK3349,ficT"
yhfG,"ECK3350,ficA"
ppiA,"ECK3351,rot,rotA"
tsgA,"ECK3352,gutS,yhfC,yhfH"
nirB,ECK3353
nirD,ECK3354
nirC,ECK3355
cysG,ECK3356
yhfL,ECK3357
frlA,"ECK3358,yhfM"
frlB,"ECK3359,yhfN"
frlC,"b3372,b3373,ECK3360,yhfO,yhfP"
frlD,"ECK3361,yhfQ"
frlR,"ECK3362,yhfR"
yhfS,ECK3363
yhfT,ECK3364
yhfU,ECK3365
php,"ECK3366,yhfV"
yhfW,ECK3367
yhfX,ECK3368
yhfY,ECK3369
yhfZ,ECK3370
trpS,ECK3371
gph,"ECK3372,yhfE"
rpe,"dod,ECK3373,yhfD"
dam,ECK3374
damX,"ECK3375,yhfB"
aroB,ECK3376
aroK,ECK3377
hofQ,"ECK3378,hopQ"
hofP,"ECK3379,yrfA"
hofO,"ECK3380,yrfB"
hofN,"ECK3381,yrfC"
hofM,"ECK3382,yrfD"
mrcA,"ECK3383,ponA"
nudE,"ECK3384,yrfE"
igaA,"ECK3385,yrfF"
yrfG,ECK3386
hslR,"ECK3387,hsp15,yrfH"
hslO,"ECK3388,yrfI"
yhgE,ECK3389
pck,"ECK3390,pckA"
envZ,"ECK3391,ompB,perA,tpo"
ompR,"cry,ECK3392,kmt,ompB"
greB,ECK3393
yhgF,ECK3394
feoA,ECK3395
feoB,ECK3396
feoC,"ECK3397,yhgG"
rpnA,"ECK3398,yhgA"
bioH,"bioB,ECK3399"
yhgH,"ECK3400,gntX"
nfuA,"ECK3401,gntY,yhgI"
gntT,"ECK3402,gntM,gntTalpha,usgA,yhgC"
malQ,"ECK3403,malA"
malP,"blu,ECK3404,malA"
malT,"ECK3405,malA"
rtcA,"b3419,b3420,ECK3406,yhgJ,yhgK"
rtcB,"ECK3407,yhgL"
rtcR,"ECK3408,yhgB"
glpR,ECK3409
glpG,ECK3410
glpE,ECK3411
glpD,"ECK3412,glyD"
yzgL,ECK3413
glgP,"ECK3414,glgY"
glgA,ECK3415
glgC,ECK3416
glgX,ECK3417
glgB,ECK3418
yhgO,ECK4645
yhgP,ECK4646
asd,"dap,ECK3419,hom"
yhgN,ECK3420
gntU,"b3435,b3436,ECK3421"
gntK,ECK3422
gntR,ECK3423
yhhW,ECK3424
yhhX,ECK3425
ryhB,"ECK3426,IS176,psrA18,sraI"
yhhY,ECK3427
yhhZ,ECK3428
yrhA,ECK3429
insA6,ECK0023
insB6,ECK0022
yrhD,ECK4421
yrhB,ECK3430
ggt,ECK3431
yhhA,ECK3432
ugpQ,ECK3433
ugpC,ECK3434
ugpE,ECK3435
ugpA,"ECK3436,psiB,psiC,ugp"
ugpB,"ECK3437,psiB,psiC"
livF,ECK3438
livG,"ECK3439,hrbB,hrbC,hrbD"
livM,ECK3440
livH,"ECK3441,hrbB,hrbC,hrbD"
livK,"ECK3442,hrbB,hrbC,hrbD"
panZ,"ECK3443,livL,panM,yhhK"
livJ,"ECK3444,hrbB,hrbC,hrbD"
rpoH,"ECK3445,fam,hin,htpR"
ftsX,"ECK3446,ftsS"
ftsE,ECK3447
ftsY,ECK3448
rsmD,"ECK3449,yhhF"
yhhL,ECK3450
yhhM,ECK3451
yhhN,ECK3452
zntA,"ECK3453,yhhO"
tusA,"ECK3454,sirA,yhhP"
yhhQ,ECK3455
dcrB,"ECK3456,yhhR"
yhhS,ECK3457
yhhT,ECK3458
acpT,"ECK3459,yhhU"
nikA,"ECK3460,hydC,hydD"
nikB,"ECK3461,hydC,hydD"
nikC,"ECK3462,hydC,hydD"
nikD,"ECK3463,hydC,hydD"
nikE,"ECK3464,hydC,hydD"
nikR,"ECK3465,yhhG"
rhsB,ECK3466
yhhH,ECK3467
yrhC,ECK3468
yhhI,ECK3469
yhhJ,ECK3470
rbbA,"ECK3471,yhiG,yhiH"
yhiI,ECK3472
yhiY,ECK4647
yhiJ,ECK3473
yhiL,"b3489,b3490,ECK3474,ECK3475,yhiK"
yhiM,ECK3476
yhiN,ECK3477
pitA,"ECK3478,pit"
uspB,"ECK3479,yhiO"
uspA,ECK3480
yriA,ECK4648
yriB,ECK4649
dtpB,"ECK3481,yhiP"
rsmJ,"ECK3482,yhiQ"
prlC,"ECK3483,opdA"
rlmJ,"ECK3484,yhiR"
gor,"ECK3485,gorA"
dinQ,ECK4422
agrA,ECK4569
agrB,ECK4570
arsR,"arsE,ECK3486"
arsB,"arsF,ECK3487"
arsC,"arsG,ECK3488"
yhiS,ECK3489
insH11,"ECK0261,trs5-11,yi52_11"
slp,ECK3490
dctR,"ECK3491,yhiF"
yhiD,"ECK3492,yhhE"
hdeB,"ECK3493,yhhD,yhiC"
hdeA,"ECK3494,yhhC,yhiB"
hdeD,"ECK3495,yhiA"
arrS,ECK4516
gadE,"ECK3496,yhiE,yhiT"
gadF,ECK4575
mdtE,"ECK3497,yhiU"
mdtF,"ECK3498,yhiV"
gadW,"ECK3499,yhiW"
gadY,"ECK3500,IS183"
gadX,"ECK3501,yhiX"
gadA,"ECK3502,gadS"
ccp,"ECK3503,yhjA"
treF,ECK3504
yhjB,ECK3505
rcdB,"ECK3506,yhjC"
yhjD,ECK3507
yhjE,ECK3508
yhjG,"ECK3509,yhjF"
pdeH,"ECK3510,yhjH"
kdgK,"ECK3511,yhjI"
yhjJ,ECK3512
dctA,ECK3513
pdeK,"ECK3514,yhjK"
bcsC,"ECK3515,yhjL"
bcsZ,"bcsC,ECK3516,yhjM"
bcsB,"ECK3517,yhjN"
bcsA,"ECK3518,yhjO,yhjP"
bcsQ,"ECK3519,yhjQ"
yhjR,"bcsR,ECK3520"
bcsE,"ECK3521,yhjS"
bcsF,"ECK3522,yhjT"
bcsG,"ECK3523,yhjU"
ldrD,ECK3524
rdlD,ECK3525
yhjV,ECK3526
dppF,"dppE,ECK3527"
dppD,ECK3528
dppC,ECK3529
dppB,ECK3530
dppA,"alu,dpp,ECK3531,fpp"
proK,"ECK3532,proV"
eptB,"ECK3533,yhjW"
yhjX,ECK3534
yhjY,ECK3535
tag,"ECK3536,tagA"
yiaC,ECK3537
bisC,ECK3538
yiaD,ECK3539
ghrB,"ECK3540,tkrA,yiaE"
yiaF,ECK3541
yiaG,ECK3542
cspA,ECK3543
ysaE,ECK4650
mokA,ECK4448
hokA,"ECK3544,yiaZ"
insJ,"ECK3545,yi5A"
insK,"dinS,ECK3546,t150,yi5B"
sokA,ECK4423
glyS,"ECK3547,gly,gly-act,glyS(B)"
glyQ,"cfcA,ECK3548,glyS(A)"
ysaB,ECK3549
wecH,"ECK3550,yiaH"
yiaA,ECK3551
yiaB,ECK3552
xylB,ECK3553
xylA,ECK3554
xylF,"ECK3555,xylT"
xylG,ECK3556
xylH,ECK3557
xylR,ECK3558
bax,ECK3559
baxL,ECK4651
malS,ECK3560
avtA,ECK3561
ysaA,"ECK3562,yiaI"
plaR,"ECK3563,yiaJ"
yiaK,ECK3564
yiaL,ECK3565
yiaM,ECK3566
yiaN,ECK3567
yiaO,ECK3568
lyxK,"ECK3569,lyx,sgbK,xylK,yiaP"
sgbH,"ECK3570,yiaQ"
sgbU,"ECK3571,yiaR"
sgbE,"ECK3572,yiaS"
ysaC,ECK4459
ysaD,ECK4460
yiaT,ECK3573
yiaU,ECK3574
yiaV,ECK3575
yiaW,ECK3576
aldB,"ECK3577,yiaX"
yiaY,ECK3578
selB,"ECK3579,fdhA"
selA,"ECK3580,fdhA"
yibF,ECK3581
rhsA,ECK3582
yibA,ECK3583
yibJ,"ECK3584,rhsJ"
yibG,ECK3585
yibS,ECK4440
yibW,ECK4450
yibV,ECK4424
yibU,ECK4449
yibH,ECK3586
yibI,ECK3587
mtlA,"ECK3588,mtlC"
mtlD,ECK3589
mtlR,ECK3590
yibT,ECK3591
yibL,ECK3592
lldP,"ECK3593,lct,lctP"
lldR,"ECK3594,lct,lctR"
lldD,"ECK3595,lct,lctD"
trmL,"ECK3596,yibK"
cysE,ECK3597
gpsA,ECK3598
secB,ECK3599
grxC,"ECK3600,yibM"
yibN,ECK3601
gpmM,"ECK3602,gpmC,gpmI,pgmI,yibO"
envC,"ECK3603,slm11,yibP"
yibQ,ECK3604
waaH,"ECK3605,yibD"
tdh,ECK3606
kbl,ECK3607
htrL,"ECK3608,yibB"
rfaD,"ECK3609,hldD,htrM,nbsB,waaD"
waaF,"ECK3610,rfaF"
waaC,"ECK3611,rfa-2,rfaC,yibC"
waaL,"ECK3612,rfaL"
yibX,ECK4652
yibY,ECK4653
waaU,"ECK3613,rfaK"
waaZ,"ECK3614,rfaZ"
waaY,"ECK3615,rfaY"
waaJ,"ECK3616,rfaJ,waaR"
waaO,"ECK3617,rfaI,waaI"
waaB,"ECK3618,lps,rfaB,syn"
waaS,"ECK3619,rfaS"
waaP,"ECK3620,rfaP"
waaG,"ECK3621,rfaG"
waaQ,"ECK3622,rfaQ"
rirA,ECK4617
waaA,"ECK3623,kdtA"
coaD,"ECK3624,kdtB,yicA"
mutM,"ECK3625,fpg"
rpmG,ECK3626
rpmB,ECK3627
yicR,"ECK3628,radC"
dfp,"coaBC,ECK3629"
dut,"dnaS,ECK3630,sof"
slmA,"ECK3631,ttk,yicB"
pyrE,ECK3632
rph,ECK3633
yicC,ECK3634
dinD,"ECK3635,pcsA,yicD"
yicG,ECK3636
ligB,"ECK3637,yicF"
gmk,"ECK3638,spoR"
rpoZ,"ECK3639,spoS"
spoT,ECK3640
trmH,"ECK3641,spoU"
recG,"ECK3642,radC,spoV"
gltS,"ECK3643,gltC"
xanP,"ECK3644,yicE"
yicH,ECK3645
yicI,ECK3646
yicJ,ECK3647
selC,"ECK3648,fdhC"
yicT,"ECK4456,erhM,rhuM"
setC,"ECK3649,yicK"
yicL,ECK3650
yicU,ECK4654
nlpA,ECK3651
yicS,ECK3652
nepI,"ECK3653,yicM"
yicN,ECK3654
adeQ,"ECK3655,yicO"
adeD,"ade,adeC(B.s.),adu,ECK3656,yicP"
uhpT,ECK3657
uhpC,ECK3658
uhpB,ECK3659
uhpA,ECK3660
ilvN,ECK3661
ilvB,ECK3662
ivbL,ECK3663
istR,"ECK4425,istR-1,istR-2,psrA19"
tisB,"ECK4427,ysdB"
ysdE,ECK4655
emrD,"ECK3664,yicQ"
yidF,ECK3665
yidG,ECK3666
yidH,ECK3667
yidI,ECK3668
yidJ,ECK3669
yidK,ECK3670
yidL,ECK3671
ysdC,ECK3672
glvG,"ECK3673,yidM"
glvB,"ECK3674,yidN,yidO"
glvC,"ECK3675,ptiC"
yidP,ECK3676
yidE,"ECK3677,yibE"
ibpB,"ECK3678,hslS,htpE"
ibpA,"ECK3679,hslT,htpN"
yidQ,"ecfI,ECK3680"
yidR,ECK3681
cbrA,"ECK3682,yidS"
dgoT,"ECK3683,yidT"
dgoD,"b3692,ECK3684,yidU"
dgoA,"b3692,ECK3685,yidU"
dgoK,"ECK3686,yidV"
dgoR,"b3694,b3695,ECK3687,yidW"
yidX,ECK3688
yidA,ECK3689
yidB,ECK3690
gyrB,"acrB,cou,Cou,ECK3691,himB,hisU,hopA,nalC,parA,pcbA,pcpA"
recF,"ECK3692,uvrF"
dnaN,ECK3693
dnaA,ECK3694
ysdD,ECK4614
rpmH,"ECK3695,rimA,ssaF"
rnpA,ECK3696
yidD,ECK3697
yidC,ECK3698
mnmE,"ECK3699,thdF,trmE"
tnaC,"ECK3700,tnaL"
tnaA,"ECK3701,ind,tnaR"
tnaB,"ECK3702,tnaP,trpP"
mdtL,"ECK3703,yidY"
yidZ,ECK3704
yieE,ECK3705
yieF,"chrR,ECK3706"
adeP,"ECK3707,purP,yieG"
yieH,ECK3708
cbrB,"ECK3709,yieI"
cbrC,"ECK3710,yieJ"
yieK,ECK3711
yieL,ECK3712
bglH,"ECK3713,yieC"
bglB,"blgA,ECK3714"
bglF,"bglS,ECK3715"
bglG,"bglC,ECK3716"
phoU,"ECK3717,phoT,pst"
pstB,"ECK3718,phoT"
pstA,"ECK3719,phoR2,phoR2b,phoT,R2pho"
pstC,"ECK3720,phoW"
pstS,"ECK3721,nmpA,phoR2a,phoS,R2pho,T"
glmS,ECK3722
glmU,"ECK3723,yieA"
atpC,"ECK3724,papG,uncC"
atpD,"ECK3725,papB,uncD"
atpG,"ECK3726,papC,uncG"
atpA,"ECK3727,papA,uncA"
atpH,"ECK3728,papE,uncH"
atpF,"ECK3729,papF,uncF"
atpE,"ECK3730,papH,uncE"
atpB,"ECK3731,papD,uncB"
atpI,"ECK3732,uncI"
rsmG,"ECK3733,gidB"
mnmG,"ECK3734,gidA,trmF"
mioC,"ECK3736,yieB"
asnC,ECK3737
asnA,ECK3738
viaA,"ECK3739,yieD,yieD_1,yieD_2,yieM"
ravA,"ECK3740,yieN"
kup,"ECK3741,trkD"
rbsD,"ECK3742,rbsP"
rbsA,"ECK3743,rbsP,rbsT"
rbsC,"ECK3744,rbsP,rbsT"
rbsB,"ECK3745,prlB,rbsP"
rbsK,ECK3746
rbsR,ECK3747
hsrA,"ECK3748,yieO"
yieP,ECK3749
rrsC,ECK3750
gltU,"ECK3751,tgtC"
rrlC,ECK3752
rrfC,ECK3753
aspT,"ECK3754,tasC"
trpT,"ECK3755,su7,su8,su9,supU,supV"
hdfR,"b3762,b3763,ECK3756,yifA,yifD"
maoP,"ECK3757,yifE"
yifB,ECK3758
ilvL,ECK3759
ilvX,ECK4484
ilvG,"b3767,b3768,ECK3760,ilvO"
ilvM,ECK3761
ilvE,ECK3762
ilvD,ECK3763
ilvA,"ECK3764,ile"
ilvY,ECK3765
ilvC,ECK3766
ppiC,"ECK3767,parvA"
yifN,"ECK3768,ECK3769,yifO"
rep,"dasC,ECK3770,mbrA,mmrA"
gpp,"ECK3771,gppA"
rhlB,"ECK3772,mmrA"
trxA,"dasC,ECK3773,fipA,tsnC"
rhoL,ECK3774
rho,"ECK3775,nitA,nusD,psu,psuA,rnsC,sbaA,sun,tsu"
rfe,"ECK3776,wecA"
wzzE,"ECK3777,metNSt,wzz,yifC"
wecB,"ECK3778,mnaA,nfrC,rffE,yifF"
wecC,"ECK3779,mnaB,rff,rffD"
rffG,"ECK3780,rff"
rffH,"ECK3781,yifG"
rffC,"ECK3782,rff,wecD,yifH"
wecE,"ECK3783,fcnA,rff,rffA,yifI"
wzxE,"ECK3784,wzx,yifJ"
wecF,"b4404,b4405,ECK3785,rff,rffT,yifM"
wzyE,"ECK3786,rffT"
rffM,"ECK3787,rff,wecG"
yifK,ECK3788
argX,ECK3789
hisR,"ECK3790,hisT"
leuT,ECK3791
proM,"ECK3792,proU"
aslB,"atsB,ECK3793,gppB"
aslA,"atsA,ECK3794,gppB"
glmZ,"ECK3795,k19,psrA20,ryiA,sraJ"
hemY,ECK3796
hemX,ECK3797
hemD,ECK3798
hemC,"ECK3799,popE"
cyaA,"cya,ECK3800"
cyaY,ECK3801
yzcX,ECK3802
yifL,ECK3803
dapF,ECK3804
yigA,ECK3805
xerC,ECK3806
yigB,ECK3807
uvrD,"dar-2,dda,ECK3808,mutU,pdeB,rad,recL,srjC,uvr502,uvrE"
yigE,"b3814,b3815,ECK3809"
ysgD,ECK4656
corA,ECK3810
yigF,ECK3811
yigG,ECK3812
rarD,"ECK3813,yigH"
yigI,ECK3814
pldA,ECK3815
recQ,ECK3816
rhtC,"ECK3817,yigJ"
rhtB,"ECK3818,yigK"
pldB,ECK3819
yigL,ECK3820
bioP,"ECK3821,yigM"
metR,ECK3822
metE,"ECK3823,metB12"
ysgA,ECK3824
udp,ECK3825
rmuC,"ECK3826,yigN"
ubiE,"ECK3827,yigO"
ubiJ,"ECK3828,yigP"
esrE,ECK4519
ubiB,"aarF,ECK3829,yigQ,yigR,yigS"
tatA,"ECK3830,mttA1,yigT"
tatB,"ECK3831,mttA2,ysgB"
tatC,"ECK3832,mttB,yigU,yigV"
tatD,"b3840,b3841,ECK3833,mttC,yigW,yigX"
rfaH,"ECK3834,hlyT,sfrB"
ubiD,"ECK3835,yigC,yigY"
fre,"ECK3836,fadI,flrD,fsrC"
fadA,"ECK3837,oldA"
fadB,"ECK3838,oldB"
pepQ,ECK3839
yigZ,ECK3840
trkH,ECK3841
hemG,"ECK3842,yihB"
rrsA,ECK3843
ileT,"ECK3844,tilA"
alaT,"ECK3845,talA"
rrlA,ECK3846
rrfA,ECK3847
mobB,"ECK3848,yihC"
mobA,"chlB,ECK3849,mob,narB"
yihD,ECK3850
srkA,"ECK3851,orfA,yihE"
dsbA,"dsf,ECK3852,iarA,ppfA"
yihF,ECK3853
yihG,ECK3854
polA,"ECK3855,resA"
spf,ECK3856
yihA,"ECK3857,engB"
csrC,"ECK3858,IS198,psrA21,ryiB,sraK,tpk2"
yihI,ECK3859
hemN,"ECK3860,yihJ"
yshB,ECK4501
glnG,"ECK3861,glnT,ntrC"
glnL,"ECK3862,glnR,ntrB"
glnA,ECK3863
bipA,"ECK3864,typA,yihK"
yihL,ECK3865
yihM,ECK3866
yihN,ECK3867
ompL,"ECK3868,yshA"
yihO,"ECK3869,squO"
yihP,ECK3870
yihQ,"ECK3871,squQ"
yihR,"ECK3872,squR"
yihS,"ECK3873,squS"
yihT,"ECK3874,squT"
yihU,"ECK3875,squU"
yihV,"ECK3876,squV"
csqR,"ECK3877,yihW"
yihX,ECK3878
yihY,"ECK3879,rbn"
dtd,"ECK3880,yihZ"
fabY,"ECK3881,yiiD"
yiiE,ECK3882
yiiF,ECK3883
fdhE,ECK3884
fdoI,ECK3885
fdoH,ECK3886
fdoG,ECK3887
fdhD,ECK3888
yiiG,ECK3889
frvR,"ECK3890,yiiH"
frvX,"ECK3891,yiiI"
frvB,"ECK3892,yiiJ"
frvA,"ECK3893,yiiK"
rhaM,"ECK3894,yiiL"
rhaD,ECK3895
rhaA,ECK3896
rhaB,ECK3897
rhaS,"ECK3898,rhaC2"
rhaR,"ECK3899,rhaC1"
rhaT,ECK3900
sodA,ECK3901
kdgT,ECK3902
yiiM,ECK3903
cpxA,"ecf,ecfB,ECK3904,eup,rssE,ssd"
cpxR,"ECK3905,yiiA"
cpxP,"b3913,ECK3906,yiiO"
cpxQ,ECK4573
fieF,"ECK3907,yiiP"
pfkA,ECK3908
sbp,ECK3909
cdh,ECK3910
tpiA,"ECK3911,tpi"
yiiQ,ECK3912
yiiR,ECK3913
yiiS,ECK3914
uspD,"ECK3915,yiiT"
fpr,"ECK3916,flxR,mvrA"
glpX,ECK3917
glpK,ECK3918
glpF,ECK3919
zapB,"ECK3920,yiiU"
rraA,"ECK3921,menG,yiiV"
menA,"ECK3922,yiiW"
hslU,"clpY,ECK3923,htpI"
hslV,"clpQ,ECK3924,htpO,yiiC"
ftsN,"ECK3925,msgA"
cytR,ECK3926
priA,"ECK3927,srgA"
rpmE,ECK3928
yiiX,ECK3929
metJ,ECK3930
metB,"ECK3931,met-1"
metL,"ECK3932,metM"
metF,ECK3933
katG,ECK3934
yijE,ECK3935
yijF,ECK3936
gldA,ECK3937
fsaB,"ECK3938,talC,yijG"
ptsA,"ECK3939,frwA,pt1A,yijH"
frwC,"ECK3940,yijJ"
frwB,"ECK3941,yijK"
pflD,"ECK3942,yijL"
pflC,"ECK3943,yijM"
frwD,"ECK3944,yijN"
yijO,ECK3945
eptC,"ECK3946,yijP"
ppc,"asp,ECK3947,glu"
argE,ECK3948
argC,"Arg2,ECK3949"
argB,ECK3950
argH,ECK3951
oxyS,ECK3952
oxyR,"ECK3953,momR,mor"
sthA,"ECK3954,sth,udhA"
fabR,"ECK3955,yijC"
yijD,ECK3956
trmA,"ECK3957,rT,rumT"
btuB,"bfe,cer,ECK3958"
murI,"dga,ECK3959,glr,yijA"
rrsB,ECK3960
gltT,"ECK3961,tgtB"
rrlB,ECK3962
rrfB,ECK3963
murB,"ECK3964,yijB"
birA,"bioR,dhbB,ECK3965"
coaA,"ECK3966,panK,rts,ts-9"
thrU,ECK3967
tyrU,"ECK3968,sup15B,supM,supZ"
glyT,"ECK3969,sumA,sup15B,supA36"
thrT,ECK3970
tufB,"ECK3971,kirT,pulT"
secE,"ECK3972,mbrC,prlG"
nusG,ECK3973
rplK,"ECK3974,relC"
rplA,"ECK3975,rpy"
rplJ,ECK3976
rplL,ECK3977
rpoB,"ECK3978,ftsR,groN,nitB,rif,ron,sdgB,stl,stv,tabD"
rpoC,"ECK3979,tabB"
yjaZ,"ECK3980,htrC"
sroH,ECK4505
thiH,"ECK3981,thiB"
thiG,"ECK3982,thiB"
thiS,"ECK3983,thiG1"
thiF,"ECK3984,thiA"
thiE,"ECK3985,thiA"
thiC,ECK3986
rsd,"ECK3987,yjaE"
nudC,"ECK3988,yjaD"
hemE,ECK3989
nfi,"ECK3990,yjaF"
yjaG,ECK3991
hupA,ECK3992
yjaH,ECK3993
zraP,"ECK3994,yjaI,zra"
zraS,"ECK3995,hydH"
zraR,"ECK3996,hydG"
purD,"adth,adth(a),ECK3997"
purH,ECK3998
rrsE,ECK3999
gltV,"ECK4000,tgtE"
rrlE,ECK4001
rrfE,ECK4002
yjaA,ECK4003
yjaB,ECK4004
metA,ECK4005
aceB,"ECK4006,mas"
aceA,"ECK4007,icl"
aceK,ECK4008
arpA,"arp,ECK4009,yjaC"
iclR,ECK4010
metH,ECK4011
yjbB,ECK4012
pepE,ECK4013
rluF,"ECK4014,yjbC"
yjbD,ECK4015
lysC,"apk,ECK4016"
pgi,ECK4017
yjbE,ECK4018
yjbF,ECK4019
yjbG,ECK4020
yjbH,ECK4021
yjbT,ECK4428
psiE,"ECK4022,yjbA"
xylE,ECK4023
malG,ECK4024
malF,ECK4025
malE,ECK4026
malK,"ECK4027,malB"
lamB,"ECK4028,malB,malL"
malM,"ECK4029,molA"
yjbI,ECK4030
ubiC,ECK4031
ubiA,"cyr,ECK4032"
plsB,ECK4033
dgkA,ECK4034
lexA,"ECK4035,exrA,spr,tsl,umuA"
dinF,ECK4036
yjbJ,ECK4037
zur,"ECK4038,yjbK,znuR"
yjbL,ECK4039
yjbM,ECK4040
dusA,"ECK4041,yjbN"
pspG,"ECK4042,yjbO"
pspH,ECK4615
qorA,"ECK4043,hcz,hzc,qor"
dnaB,"ECK4044,groP,grpA,grpD"
alr,"alr5,ECK4045"
tyrB,ECK4046
yjbS,ECK4429
aphA,"ECK4047,hobH,yjbP"
yjbQ,ECK4048
yjbR,ECK4049
uvrA,"dar,dinE,ECK4050"
ssb,"ECK4051,exrB,lexC"
yjcB,ECK4052
pdeC,"ECK4053,yjcC"
soxS,ECK4054
soxR,"ECK4055,marC"
ryjA,"ECK4056,psrA24,sraL"
ghxP,"ECK4057,yjcD"
yjcE,ECK4058
yjcF,ECK4059
actP,"ECK4060,yjcG"
yjcH,ECK4061
acs,"acsA,ECK4062,yfaC"
nrfA,ECK4063
nrfB,"ECK4064,yjcI"
nrfC,"ECK4065,yjcJ"
nrfD,"ECK4066,yjcK"
nrfE,"ECK4067,yjcL"
nrfF,"ECK4068,yjcM"
nrfG,"aidC,ECK4069,yjcN"
gltP,ECK4070
yjcO,ECK4071
fdhF,"chlF,ECK4072"
mdtP,"ECK4073,sdsP,yjcP"
mdtO,"ECK4074,sdsQ,yjcQ"
mdtN,"ECK4075,sdsR,yjcR"
ytcA,ECK4430
yjcS,ECK4076
alsK,"ECK4077,yjcT"
alsE,"ECK4078,yjcU"
alsC,"ECK4079,yjcV"
alsA,"ECK4080,yjcW"
alsB,"ECK4081,yjcX"
alsR,"ECK4082,rpiR,yjcY"
rpiB,"alsI,ECK4083,yjcA"
yjdP,ECK4084
phnP,ECK4085
phnO,ECK4086
phnN,ECK4087
phnM,ECK4088
phnL,ECK4089
phnK,ECK4090
phnJ,ECK4091
phnI,ECK4092
phnH,ECK4093
phnG,ECK4094
phnF,ECK4095
phnE,"b4103,b4104,ECK4096,ECK4097"
phnD,"ECK4098,phn,psiD"
phnC,ECK4099
yjdN,"ECK4100,phnB"
yjdM,"ECK4101,phnA"
rdcA,"crfC,ECK4102,yjdA"
rdcB,"ECK4103,yjcZ"
proP,ECK4104
pmrR,ECK4515
basS,"dgkR,ECK4105,pmrB"
basR,"ECK4106,pmrA"
eptA,"ECK4107,yjdB"
adiC,"ECK4108,yjdD,yjdE"
adiY,ECK4109
adiA,"adi,ECK4110"
melR,ECK4111
melA,"ECK4112,mel-7"
melB,"ECK4113,mel-4"
yjdF,ECK4114
fumB,ECK4115
dcuB,"ECK4116,genF"
dcuR,"ECK4117,yjdG"
dcuS,"ECK4118,yjdH"
yjdI,ECK4119
yjdJ,ECK4120
ghoS,"ECK4121,yjdK"
ghoT,"ECK4122,yjdO"
lysU,ECK4123
dtpC,"ECK4124,yjdL"
cadA,"ECK4125,ldcI"
cadB,ECK4126
cadC,ECK4127
yjdQ,ECK4457
pheU,"ECK4128,pheR,pheW"
yjdC,"cutA3,ECK4129"
dsbD,"cutA2,cycZ,dipZ,ECK4130,htrI"
cutA,"cutA1,ECK4131"
dcuA,"ECK4132,genA"
aspA,ECK4133
fxsA,"ECK4134,yjeG"
yjeH,ECK4135
groS,"ECK4136,groES,mopB"
groL,"ECK4137,groEL,mopA"
yjeI,ECK4138
yjeJ,ECK4139
epmB,"ECK4140,yjeK"
efp,ECK4141
ecnA,ECK4142
ecnB,"ECK4143,yjeU"
gdx,"ECK4144,sugE"
blc,"ECK4145,yjeL"
ampC,"ampA,ECK4146"
frdD,ECK4147
frdC,ECK4148
frdB,ECK4149
frdA,ECK4150
epmA,"ECK4151,genX,poxA,yjeA"
yjeM,ECK4152
yjeN,ECK4153
yjeO,ECK4154
mscM,"ECK4155,yjeP"
psd,ECK4156
rsgA,"ECK4157,yjeQ"
orn,"ECK4158,yjeR"
glyV,"ECK4159,glyValpha,ins,mutA,suA58,suA78"
glyX,"ECK4160,glyVbeta"
glyY,"ECK4161,glyVgamma"
yjeV,ECK4485
queG,"ECK4162,yjeS"
nnr,"ECK4163,yjeF"
tsaE,"ECK4164,yjeE"
amiB,"ECK4165,yjeD"
mutL,ECK4166
miaA,"ECK4167,trpX"
hfq,ECK4168
hflX,"ECK4169,hflA,hslX"
hflK,"ECK4170,hflA,hslY"
hflC,"ECK4171,hflA"
yjeT,ECK4172
purA,"adeK,ECK4173"
nsrR,"ECK4174,yjeB"
rnr,"ECK4175,vacB,yjeC"
rlmB,"ECK4176,yjfH"
yjfI,ECK4177
yjfJ,ECK4178
yjfK,ECK4179
yjfL,ECK4180
yjfM,ECK4181
yjfC,ECK4182
aidB,ECK4183
yjfN,ECK4184
bsmA,"ECK4185,yjfO"
yjfP,ECK4186
ulaR,"ECK4187,yjfQ"
ulaG,"ECK4188,yjfR"
ulaA,"ECK4189,sgaT,yjfS"
ulaB,"ECK4190,sgaB,yjfT"
ulaC,"ECK4191,ptxA,sgaA,yjfU"
ulaD,"ECK4192,sgaH,yjfV"
ulaE,"ECK4193,sgaU,yjfW"
ulaF,"ECK4194,sgaE,yjfX"
yjfY,ECK4195
rpsF,"ECK4196,sdgH"
priB,ECK4197
rpsR,ECK4198
rplI,ECK4199
yjfZ,ECK4200
ytfA,ECK4201
ytfB,ECK4202
fklB,"ECK4203,ytfC"
cycA,"dagA,ECK4204,ytfD"
ytfE,"dnrN,ECK4205"
ytfF,ECK4206
qorB,"ECK4207,ytfG"
ytfH,ECK4208
cpdB,ECK4209
cysQ,"amt,amtA,ECK4210"
ytfI,ECK4211
ytfJ,"ecfJ,ECK4212"
ytfK,ECK4213
ytfL,ECK4214
msrA,"ECK4215,pms,pmsR"
tamA,"ECK4216,ytfM"
tamB,"ECK4217,ytfN,ytfO"
ytfP,ECK4218
chpS,"chpBI,ECK4220,yjfB"
chpB,"chpBK,ECK4221,yjfE"
ppa,ECK4222
ytfQ,ECK4223
ytfR,"b4228,b4229,ECK4224,ytfS"
ytfT,ECK4225
yjfF,ECK4226
fbp,"ECK4227,fdp"
mpl,"ECK4228,tpl,yjfG"
yjgA,ECK4229
tldE,"ECK4230,mcb,pmbA"
cybC,"cytochrome b562,ECK4231"
nrdG,"ECK4232,yjgE"
nrdD,ECK4233
treC,"ECK4234,olgH,treE"
treB,ECK4235
treR,ECK4236
mgtL,ECK4513
mgtA,"atmA,corB,ECK4237,mgt,mtg"
ridA,"ECK4238,yjgF"
pyrI,ECK4239
pyrB,ECK4240
pyrL,"ECK4241,pyrE-,pyrE-LP"
yjgH,ECK4242
bdcA,"ECK4243,yjgI"
bdcR,"ECK4244,yjgJ"
tabA,"ECK4245,yjgK"
yjgL,ECK4246
argI,ECK4247
rraB,"ECK4248,yjgD"
yjgM,ECK4249
yjgN,ECK4250
valS,"ECK4251,val-act"
holC,ECK4252
pepA,"carP,ECK4253,xerB"
ytgA,ECK4657
lptF,"ECK4254,yjgP"
lptG,"ECK4255,yjgQ"
yjgR,ECK4256
idnR,"ECK4257,gntH,gntS?,yjgS"
idnT,"ECK4258,gntW,yjgT"
idnO,"ECK4259,yjgU"
idnD,"ECK4260,yjgV"
idnK,"ECK4261,gntV"
ahr,"ECK4262,yjgB"
leuX,"ECK4263,Su-6,supP"
intB,"ECK4264,int(P4),yjgC"
insC6,"ECK0357,yi21-6"
insD6,"ECK0358,yi22-6"
yjgX,"b4275,b4276,b4560,ECK4266,yjgY"
yjgZ,ECK4267
insG,"ECK4268,yi41"
nanX,"ECK4269,yjhB"
nanY,"ECK4270,yjhC"
ythA,ECK4434
yjhD,ECK4271
yjhE,ECK4272
insO,"b4283,b4285,b4562,ECK0257,ECK4274,ECK4275,ECK4476,insN2,insO2,yi91,yi91b,yjhW"
insI3,"ECK0258,tra8-3"
insM,ECK4273
yjhV,ECK4276
fecE,ECK4277
fecD,ECK4278
fecC,ECK4279
fecB,ECK4280
fecA,ECK4281
fecR,ECK4282
fecI,ECK4283
ykiE,ECK4658
insA7,ECK0023
insB7,"b4563,b4564,ECK0022"
yjhU,ECK4284
yjhF,ECK4285
yjhG,ECK4286
yjhH,ECK4287
yjhI,ECK4288
sgcR,"ECK4289,yjhJ"
sgcE,"ECK4290,yjhK"
sgcA,"ECK4291,yjhL"
ryjB,ECK4431
sgcQ,"ECK4292,yjhM"
sgcC,"ECK4293,yjhN"
sgcB,ECK4294
sgcX,"ECK4295,yjhO"
yjhY,ECK4453
yjhP,ECK4296
yjhQ,ECK4297
topAI,"ECK4298,yjhX"
yjhZ,ECK4455
yjhR,ECK4299
ythB,ECK4659
nanS,"ECK4300,yjhS"
nanM,"ECK4301,yjhT"
nanC,"ECK4302,yjhA"
fimB,"ECK4303,pil"
fimE,"ECK4304,hyp,pilH"
fimA,"ECK4305,fimD,pilA"
fimI,ECK4306
fimC,"ECK4307,pilB"
fimD,"ECK4308,fimD_1,fimD_2"
fimF,ECK4309
fimG,ECK4310
fimH,"ECK4311,pilE"
gntP,"ECK4312,yjiB"
uxuA,ECK4313
uxuB,ECK4314
uxuR,ECK4315
yjiC,ECK4316
ytiC,ECK4577
ytiD,ECK4578
idlP,ECK4579
iraD,"ECK4317,yjiD"
hypT,"ECK4318,qseD,yjiE"
iadA,"ECK4319,yjiF"
yjiG,ECK4320
yjiH,ECK4321
kptA,"ECK4322,yjiI"
yjiJ,ECK4323
yjiK,ECK4324
ytiA,ECK4572
yjiL,ECK4325
yjiM,ECK4326
yjiN,ECK4327
mdtM,"ECK4328,yjiO"
rpnD,"b4338,b4339,ECK4329,ECK4330,yjiP,yjiQ"
yjiR,ECK4331
yjiS,ECK4332
yjiT,ECK4333
yjiV,"b4343,b4344,ECK4334,mcrD,yjiU"
mcrC,ECK4335
mcrB,"ECK4336,rglB"
symE,"dinL,ECK4337,sosC,yjiW"
symR,"ECK4432,ryjC"
hsdS,"ECK4338,hsp,hss,rm"
hsdM,"ECK4339,hsm,hsp"
hsdR,"ECK4340,hsp,hsr"
mrr,ECK4341
yjiA,ECK4342
yjiX,ECK4343
btsT,"ECK4344,yjiY"
tsr,"cheD,ECK4345"
lgoT,"ECK4346,yjiZ,yjjL"
lgoR,"ECK4347,yjjM"
lgoD,"ECK4348,yjjN"
opgB,"ECK4349,mdoB,yjjO"
yjjA,ECK4350
dnaC,"dnaD,ECK4351"
dnaT,ECK4352
yjjB,ECK4353
yjjP,ECK4354
yjjQ,ECK4355
bglJ,"ECK4356,yjjR"
fhuF,"ECK4357,yjjS"
yjjZ,ECK4358
leuV,"ECK4359,leuValpha"
leuP,"ECK4360,leuV-beta,leuVbeta"
leuQ,"ECK4361,leuVgamma"
rsmC,"ECK4362,yjjT"
holD,ECK4363
rimI,ECK4364
yjjG,ECK4365
prfC,"ECK4366,miaD,tos"
osmY,"csi-5,ECK4367"
ytjA,ECK4368
yjjU,ECK4369
yjjV,ECK4370
yjjW,ECK4371
yjjI,"ECK4372,yjjH"
deoC,"dra,ECK4373,thyR,tlr"
deoA,"ECK4374,TP,tpp,ttg"
deoB,"drm,ECK4375,thyR,tlr"
deoD,"ECK4376,pup"
yjjJ,ECK4377
lplA,"ECK4378,slr,yjjF"
ytjB,"ECK4379,smp"
serB,ECK4380
radA,"ECK4381,sms"
nadR,"ECK4382,nadI"
ettA,"ECK4383,yjjK"
slt,"ECK4384,sltY"
trpR,"ECK4385,rtrY"
yjjX,ECK4386
ytjC,"ECK4387,gpmB"
rob,"cbpB,ECK4388,robA"
creA,"ECK4389,yjjD"
creB,"ECK4390,ORF2,yjjE"
creC,"ECK4391,phoM"
creD,"cet,ECK4392,refII"
arcA,"cpxC,dye,ECK4393,fexA,msp,seg,sfrA"
yjjY,ECK4394
yjtD,"ECK4395,lasT"
