gene,biotype
thrL,protein_coding
thrA,protein_coding
thrB,protein_coding
thrC,protein_coding
yaaX,protein_coding
yaaA,protein_coding
yaaJ,protein_coding
talB,protein_coding
mog,protein_coding
satP,protein_coding
yaaW,protein_coding
mbiA,protein_coding
yaaI,protein_coding
dnaK,protein_coding
dnaJ,protein_coding
insL1,protein_coding
mokC,protein_coding
hokC,protein_coding
sokC,ncRNA
nhaA,protein_coding
nhaR,protein_coding
insB1,protein_coding
insA1,protein_coding
rpsT,protein_coding
yaaY,protein_coding
ribF,protein_coding
ileS,protein_coding
lspA,protein_coding
fkpB,protein_coding
ispH,protein_coding
rihC,protein_coding
dapB,protein_coding
carA,protein_coding
carB,protein_coding
caiF,protein_coding
caiE,protein_coding
caiD,protein_coding
caiC,protein_coding
caiB,protein_coding
caiA,protein_coding
caiT,protein_coding
fixA,protein_coding
fixB,protein_coding
fixC,protein_coding
fixX,protein_coding
yaaU,protein_coding
kefF,protein_coding
kefC,protein_coding
folA,protein_coding
apaH,protein_coding
apaG,protein_coding
rsmA,protein_coding
pdxA,protein_coding
surA,protein_coding
lptD,protein_coding
djlA,protein_coding
yabP,protein_coding
yabQ,protein_coding
rluA,protein_coding
rapA,protein_coding
polB,protein_coding
araD,protein_coding
araA,protein_coding
araB,protein_coding
araC,protein_coding
yabI,protein_coding
thiQ,protein_coding
thiP,protein_coding
thiB,protein_coding
sroA,ncRNA
sgrR,protein_coding
sgrS,ncRNA
sgrT,protein_coding
setA,protein_coding
leuD,protein_coding
leuC,protein_coding
leuB,protein_coding
leuA,protein_coding
leuL,protein_coding
leuO,protein_coding
yabR,protein_coding
ilvI,protein_coding
ilvH,protein_coding
cra,protein_coding
mraZ,protein_coding
rsmH,protein_coding
ftsL,protein_coding
ftsI,protein_coding
murE,protein_coding
murF,protein_coding
mraY,protein_coding
murD,protein_coding
ftsW,protein_coding
murG,protein_coding
murC,protein_coding
ddlB,protein_coding
ftsQ,protein_coding
ftsA,protein_coding
ftsZ,protein_coding
lpxC,protein_coding
secM,protein_coding
secA,protein_coding
mutT,protein_coding
yacG,protein_coding
zapD,protein_coding
coaE,protein_coding
yacM,protein_coding
guaC,protein_coding
hofC,protein_coding
hofB,protein_coding
ppdD,protein_coding
nadC,protein_coding
ampD,protein_coding
ampE,protein_coding
aroP,protein_coding
pdhR,protein_coding
aceE,protein_coding
aceF,protein_coding
lpd,protein_coding
yacH,protein_coding
acnB,protein_coding
yacL,protein_coding
speD,protein_coding
speE,protein_coding
yacC,protein_coding
cueO,protein_coding
gcd,protein_coding
hpt,protein_coding
can,protein_coding
yadG,protein_coding
yadH,protein_coding
yadI,protein_coding
yadE,protein_coding
panD,protein_coding
rpnC,protein_coding
panC,protein_coding
panB,protein_coding
yadC,protein_coding
yadK,protein_coding
yadL,protein_coding
yadM,protein_coding
htrE,protein_coding
yadV,protein_coding
yadN,protein_coding
folK,protein_coding
pcnB,protein_coding
gluQ,protein_coding
dksA,protein_coding
sfsA,protein_coding
thpR,protein_coding
hrpB,protein_coding
mrcB,protein_coding
fhuA,protein_coding
fhuC,protein_coding
fhuD,protein_coding
fhuB,protein_coding
hemL,protein_coding
yadX,protein_coding
clcA,protein_coding
yadW,protein_coding
erpA,protein_coding
yadS,protein_coding
btuF,protein_coding
mtn,protein_coding
dgt,protein_coding
degP,protein_coding
cdaR,protein_coding
yaeH,protein_coding
yaeI,protein_coding
dapD,protein_coding
glnD,protein_coding
map,protein_coding
tff,ncRNA
rpsB,protein_coding
tsf,protein_coding
pyrH,protein_coding
frr,protein_coding
dxr,protein_coding
uppS,protein_coding
cdsA,protein_coding
rseP,protein_coding
bamA,protein_coding
skp,protein_coding
lpxD,protein_coding
fabZ,protein_coding
lpxA,protein_coding
lpxB,protein_coding
rnhB,protein_coding
dnaE,protein_coding
accA,protein_coding
ldcC,protein_coding
yaeR,protein_coding
tilS,protein_coding
rof,protein_coding
yaeP,protein_coding
yaeQ,protein_coding
arfB,protein_coding
nlpE,protein_coding
yaeF,protein_coding
proS,protein_coding
trmO,protein_coding
rcsF,protein_coding
metQ,protein_coding
metI,protein_coding
metN,protein_coding
gmhB,protein_coding
rrsH,rRNA
ileV,tRNA
alaV,tRNA
rrlH,rRNA
rrfH,rRNA
aspU,tRNA
dkgB,protein_coding
yafC,protein_coding
yafD,protein_coding
yafE,protein_coding
mltD,protein_coding
gloB,protein_coding
yafS,protein_coding
rnhA,protein_coding
dnaQ,protein_coding
aspV,tRNA
yafT,protein_coding
ykfM,protein_coding
yafU,pseudogene
yafF,pseudogene
yafV,protein_coding
ivy,protein_coding
fadE,protein_coding
gmhA,protein_coding
yafJ,protein_coding
ldtF,protein_coding
yafQ,protein_coding
dinJ,protein_coding
yafL,protein_coding
rayT,protein_coding
lfhA,pseudogene
lafU,pseudogene
dinB,protein_coding
yafN,protein_coding
yafO,protein_coding
yafP,protein_coding
ykfJ,pseudogene
prfH,pseudogene
pepD,protein_coding
gpt,protein_coding
frsA,protein_coding
crl,pseudogene
insB9,protein_coding
insA9,protein_coding
phoE,protein_coding
proB,protein_coding
proA,protein_coding
thrW,tRNA
ykfN,pseudogene
ykfI,protein_coding
yafW,protein_coding
ykfH,protein_coding
ykfG,protein_coding
yafX,protein_coding
ykfF,protein_coding
ykfB,protein_coding
yafY,protein_coding
ykfL,pseudogene
ykfK,pseudogene
yafZ,protein_coding
ykfA,protein_coding
perR,protein_coding
insN,pseudogene
insI1,protein_coding
eyeA,ncRNA
ykfC,protein_coding
insH1,protein_coding
mmuP,protein_coding
mmuM,protein_coding
afuC,protein_coding
afuB,pseudogene
insB2,protein_coding
insA2,protein_coding
insI2,protein_coding
insX,pseudogene
yagB,protein_coding
yagA,protein_coding
yagE,protein_coding
yagF,protein_coding
yagG,protein_coding
yagH,protein_coding
xynR,protein_coding
argF,protein_coding
argL,protein_coding
ykgS,protein_coding
insB3,protein_coding
insA3,protein_coding
yagJ,protein_coding
yagK,protein_coding
yagL,protein_coding
yagM,protein_coding
ykgV,protein_coding
yagN,protein_coding
intF,protein_coding
yagP,protein_coding
paoD,protein_coding
paoC,protein_coding
paoB,protein_coding
paoA,protein_coding
yagU,protein_coding
ykgJ,protein_coding
ecpE,protein_coding
ecpD,protein_coding
ecpC,protein_coding
ecpB,protein_coding
ecpA,protein_coding
ecpR,protein_coding
ykgL,protein_coding
ykgO,protein_coding
ykgM,protein_coding
ykgR,protein_coding
ykgP,pseudogene
eaeH,pseudogene
insE1,protein_coding
insF1,protein_coding
ykgA,pseudogene
ykgQ,pseudogene
rclC,protein_coding
rclB,protein_coding
rclA,protein_coding
rclR,protein_coding
ykgE,protein_coding
ykgF,protein_coding
ykgG,protein_coding
ykgH,protein_coding
betA,protein_coding
betB,protein_coding
betI,protein_coding
betT,protein_coding
yahV,protein_coding
pdeL,protein_coding
yahB,protein_coding
yahC,protein_coding
yahD,protein_coding
yahE,protein_coding
yahF,protein_coding
yahG,protein_coding
yahH,protein_coding
yahI,protein_coding
yahJ,protein_coding
yahK,protein_coding
yahL,protein_coding
yahM,protein_coding
yahN,protein_coding
yahO,protein_coding
prpR,protein_coding
prpB,protein_coding
prpC,protein_coding
prpD,protein_coding
prpE,protein_coding
codB,protein_coding
codA,protein_coding
cynR,protein_coding
cynT,protein_coding
cynS,protein_coding
cynX,protein_coding
lacA,protein_coding
lacY,protein_coding
lacZ,protein_coding
lacI,protein_coding
mhpR,protein_coding
mhpA,protein_coding
mhpB,protein_coding
mhpC,protein_coding
mhpD,protein_coding
mhpF,protein_coding
mhpE,protein_coding
mhpT,protein_coding
yaiL,protein_coding
frmB,protein_coding
frmA,protein_coding
frmR,protein_coding
yaiO,protein_coding
yaiX,pseudogene
insC1,protein_coding
insD1,protein_coding
yaiP,protein_coding
ykiC,protein_coding
yaiS,protein_coding
tauA,protein_coding
tauB,protein_coding
tauC,protein_coding
tauD,protein_coding
hemB,protein_coding
yaiT,pseudogene
ytiB,protein_coding
insF2,protein_coding
insE2,protein_coding
iprA,protein_coding
ampH,protein_coding
sbmA,protein_coding
yaiW,protein_coding
yaiY,protein_coding
yaiZ,protein_coding
ddlA,protein_coding
iraP,protein_coding
phoA,protein_coding
psiF,protein_coding
dgcC,protein_coding
proC,protein_coding
yaiI,protein_coding
aroL,protein_coding
yaiA,protein_coding
aroM,protein_coding
ppnP,protein_coding
ykiA,pseudogene
ykiD,protein_coding
rdgC,protein_coding
mak,protein_coding
araJ,protein_coding
sbcC,protein_coding
sbcD,protein_coding
phoB,protein_coding
phoR,protein_coding
brnQ,protein_coding
proY,protein_coding
malZ,protein_coding
acpH,protein_coding
queA,protein_coding
tgt,protein_coding
yajC,protein_coding
secD,protein_coding
secF,protein_coding
yajD,protein_coding
tsx,protein_coding
yajI,protein_coding
nrdR,protein_coding
ribD,protein_coding
ribE,protein_coding
nusB,protein_coding
thiL,protein_coding
pgpA,protein_coding
yajO,protein_coding
dxs,protein_coding
ispA,protein_coding
xseB,protein_coding
thiI,protein_coding
yajL,protein_coding
panE,protein_coding
yajQ,protein_coding
yajR,protein_coding
cyoE,protein_coding
cyoD,protein_coding
cyoC,protein_coding
cyoB,protein_coding
cyoA,protein_coding
ampG,protein_coding
yajG,protein_coding
bolA,protein_coding
tig,protein_coding
clpP,protein_coding
clpX,protein_coding
lon,protein_coding
hupB,protein_coding
ppiD,protein_coding
ybaV,protein_coding
fadM,protein_coding
queC,protein_coding
ybaE,protein_coding
cof,protein_coding
decR,protein_coding
mdlA,protein_coding
mdlB,protein_coding
glnK,protein_coding
amtB,protein_coding
tesB,protein_coding
ybaY,protein_coding
ybaZ,protein_coding
ffs,ncRNA
ybaA,protein_coding
pdeB,protein_coding
ylaC,protein_coding
maa,protein_coding
hha,protein_coding
tomB,protein_coding
acrB,protein_coding
acrA,protein_coding
acrR,protein_coding
mscK,protein_coding
ybaM,protein_coding
priC,protein_coding
ybaN,protein_coding
apt,protein_coding
dnaX,protein_coding
ybaB,protein_coding
recR,protein_coding
htpG,protein_coding
adk,protein_coding
hemH,protein_coding
aes,protein_coding
gsk,protein_coding
ybaL,protein_coding
fsr,protein_coding
ushA,protein_coding
ybaK,protein_coding
chiX,ncRNA
ybaP,protein_coding
ybaQ,protein_coding
copA,protein_coding
glsA,protein_coding
ybaT,protein_coding
cueR,protein_coding
ybbJ,protein_coding
qmcA,protein_coding
fetA,protein_coding
fetB,protein_coding
cnoX,protein_coding
ybbO,protein_coding
tesA,protein_coding
ybbA,protein_coding
ybbP,protein_coding
rhsD,protein_coding
ybbC,protein_coding
ylbH,pseudogene
ybbD,pseudogene
ylbI,pseudogene
ylbG,protein_coding
selU,protein_coding
allS,protein_coding
allA,protein_coding
allR,protein_coding
gcl,protein_coding
hyi,protein_coding
glxR,protein_coding
ybbW,protein_coding
allB,protein_coding
ybbY,protein_coding
glxK,protein_coding
allE,protein_coding
allC,protein_coding
allD,protein_coding
fdrA,protein_coding
ylbE,protein_coding
ylbF,protein_coding
ybcF,protein_coding
purK,protein_coding
purE,protein_coding
lpxH,protein_coding
ppiB,protein_coding
cysS,protein_coding
ybcI,protein_coding
ybcJ,protein_coding
folD,protein_coding
sfmA,protein_coding
sfmC,protein_coding
sfmD,protein_coding
sfmH,protein_coding
sfmF,protein_coding
fimZ,protein_coding
argU,tRNA
intD,protein_coding
xisD,pseudogene
exoD,pseudogene
peaD,pseudogene
renD,pseudogene
insE3,protein_coding
insF3,protein_coding
emrE,protein_coding
ylcJ,protein_coding
ybcK,protein_coding
ybcL,protein_coding
ybcM,protein_coding
ylcH,protein_coding
ybcN,protein_coding
ninE,protein_coding
ybcO,protein_coding
rusA,protein_coding
ylcG,protein_coding
quuD,protein_coding
nmpC,pseudogene
insH2,protein_coding
essD,protein_coding
rrrD,protein_coding
rzpD,protein_coding
rzoD,protein_coding
borD,protein_coding
ybcV,protein_coding
ybcW,protein_coding
ylcI,protein_coding
nohD,protein_coding
aaaD,pseudogene
tfaD,protein_coding
ybcY,pseudogene
tfaX,protein_coding
appY,protein_coding
ompT,protein_coding
envY,protein_coding
ybcH,protein_coding
nfrA,protein_coding
nfrB,protein_coding
cusS,protein_coding
cusR,protein_coding
cusC,protein_coding
cusF,protein_coding
cusB,protein_coding
cusA,protein_coding
pheP,protein_coding
ybdG,protein_coding
nfsB,protein_coding
ybdF,protein_coding
ybdJ,protein_coding
ybdK,protein_coding
sokE,ncRNA
hokE,protein_coding
insL2,protein_coding
entD,protein_coding
fepA,protein_coding
fes,protein_coding
ybdZ,protein_coding
entF,protein_coding
fepE,protein_coding
fepC,protein_coding
fepG,protein_coding
fepD,protein_coding
entS,protein_coding
fepB,protein_coding
entC,protein_coding
entE,protein_coding
entB,protein_coding
entA,protein_coding
entH,protein_coding
cstA,protein_coding
ybdD,protein_coding
hcxA,protein_coding
ybdL,protein_coding
ybdM,protein_coding
ybdN,protein_coding
ybdO,protein_coding
dsbG,protein_coding
ahpC,protein_coding
ahpF,protein_coding
uspG,protein_coding
ybdR,protein_coding
yldA,protein_coding
rnk,protein_coding
rna,protein_coding
citT,protein_coding
citG,protein_coding
citX,protein_coding
citF,protein_coding
citE,protein_coding
citD,protein_coding
citC,protein_coding
dpiB,protein_coding
dpiA,protein_coding
dcuC,protein_coding
pagP,protein_coding
cspE,protein_coding
crcB,protein_coding
ybeM,pseudogene
tatE,protein_coding
lipA,protein_coding
ybeF,protein_coding
lipB,protein_coding
ybeD,protein_coding
dacA,protein_coding
rlpA,protein_coding
mrdB,protein_coding
mrdA,protein_coding
rlmH,protein_coding
rsfS,protein_coding
cobC,protein_coding
nadD,protein_coding
holA,protein_coding
lptE,protein_coding
leuS,protein_coding
ybeL,protein_coding
ybeQ,protein_coding
ybeR,protein_coding
djlB,protein_coding
ybeT,protein_coding
ybeU,protein_coding
djlC,protein_coding
hscC,protein_coding
rihA,protein_coding
gltL,protein_coding
gltK,protein_coding
gltJ,protein_coding
sroC,ncRNA
gltI,protein_coding
insH3,protein_coding
lnt,protein_coding
ybeX,protein_coding
ybeY,protein_coding
ybeZ,protein_coding
miaB,protein_coding
ubiF,protein_coding
glnX,tRNA
glnV,tRNA
metU,tRNA
glnW,tRNA
glnU,tRNA
leuW,tRNA
metT,tRNA
asnB,protein_coding
umpH,protein_coding
nagC,protein_coding
nagA,protein_coding
nagB,protein_coding
nagE,protein_coding
glnS,protein_coding
chiP,protein_coding
chiQ,protein_coding
fur,protein_coding
uof,protein_coding
fldA,protein_coding
ybfE,protein_coding
ybfF,protein_coding
seqA,protein_coding
pgm,protein_coding
ybfP,protein_coding
ybfG,pseudogene
ybfI,pseudogene
potE,protein_coding
speF,protein_coding
speFL,protein_coding
kdpE,protein_coding
kdpD,protein_coding
kdpC,protein_coding
kdpB,protein_coding
kdpA,protein_coding
kdpF,protein_coding
ybfA,protein_coding
rhsC,protein_coding
ybfB,protein_coding
ybfO,pseudogene
ybfC,protein_coding
ybfQ,protein_coding
ybfL,pseudogene
ybfD,protein_coding
ybgA,protein_coding
phr,protein_coding
dtpD,protein_coding
ybgI,protein_coding
pxpB,protein_coding
pxpC,protein_coding
pxpA,protein_coding
nei,protein_coding
abrB,protein_coding
ybgO,protein_coding
ybgP,protein_coding
ybgQ,protein_coding
ybgD,protein_coding
gltA,protein_coding
ybgV,protein_coding
ybgU,protein_coding
sdhC,protein_coding
sdhD,protein_coding
sdhA,protein_coding
sdhB,protein_coding
sucA,protein_coding
sucB,protein_coding
sucC,protein_coding
sucD,protein_coding
sdhX,ncRNA
mngR,protein_coding
mngA,protein_coding
mngB,protein_coding
cydA,protein_coding
cydB,protein_coding
cydX,protein_coding
ybgE,protein_coding
ybgC,protein_coding
tolQ,protein_coding
tolR,protein_coding
tolA,protein_coding
tolB,protein_coding
pal,protein_coding
cpoB,protein_coding
lysT,tRNA
valT,tRNA
lysW,tRNA
valZ,tRNA
lysY,tRNA
lysZ,tRNA
lysQ,tRNA
nadA,protein_coding
pnuC,protein_coding
zitB,protein_coding
ybgS,protein_coding
aroG,protein_coding
gpmA,protein_coding
galM,protein_coding
galK,protein_coding
galT,protein_coding
galE,protein_coding
modF,protein_coding
modE,protein_coding
acrZ,protein_coding
modA,protein_coding
modB,protein_coding
modC,protein_coding
ybhA,protein_coding
pgl,protein_coding
ybhD,protein_coding
ybhH,protein_coding
ybhI,protein_coding
ybhJ,protein_coding
ybhC,protein_coding
ybhB,protein_coding
bioA,protein_coding
bioB,protein_coding
bioF,protein_coding
bioC,protein_coding
bioD,protein_coding
uvrB,protein_coding
ybhK,protein_coding
moaA,protein_coding
moaB,protein_coding
moaC,protein_coding
moaD,protein_coding
moaE,protein_coding
ybhL,protein_coding
ybhM,protein_coding
ybhN,protein_coding
clsB,protein_coding
ybhP,protein_coding
ybhQ,protein_coding
ybhR,protein_coding
ybhS,protein_coding
ybhF,protein_coding
ybhG,protein_coding
cecR,protein_coding
rhlE,protein_coding
ybiA,protein_coding
dinG,protein_coding
ybiB,protein_coding
hcxB,protein_coding
ybiE,protein_coding
ybiJ,protein_coding
ybiI,protein_coding
ybiX,protein_coding
fiu,protein_coding
mcbA,protein_coding
rlmF,protein_coding
ybiO,protein_coding
glnQ,protein_coding
glnP,protein_coding
glnH,protein_coding
dps,protein_coding
rhtA,protein_coding
yliM,protein_coding
ompX,protein_coding
opgE,protein_coding
rybA,ncRNA
mntS,protein_coding
mntR,protein_coding
ybiR,protein_coding
ldtB,protein_coding
ybiT,protein_coding
ybiU,protein_coding
ybiV,protein_coding
ybiW,protein_coding
ybiY,protein_coding
fsaA,protein_coding
moeB,protein_coding
moeA,protein_coding
iaaA,protein_coding
gsiA,protein_coding
gsiB,protein_coding
gsiC,protein_coding
gsiD,protein_coding
pdeI,protein_coding
dgcI,protein_coding
rimO,protein_coding
bssR,protein_coding
yliI,protein_coding
gstB,protein_coding
dacC,protein_coding
deoR,protein_coding
ybjG,protein_coding
mdfA,protein_coding
ybjH,protein_coding
ybjI,protein_coding
ybjJ,protein_coding
rcdA,protein_coding
rybB,ncRNA
ybjL,protein_coding
ybjM,protein_coding
grxA,protein_coding
ybjC,protein_coding
nfsA,protein_coding
rimK,protein_coding
ybjN,protein_coding
potF,protein_coding
potG,protein_coding
potH,protein_coding
potI,protein_coding
ybjO,protein_coding
rlmC,protein_coding
artJ,protein_coding
artM,protein_coding
artQ,protein_coding
artI,protein_coding
artP,protein_coding
ybjP,protein_coding
ybjQ,protein_coding
amiD,protein_coding
ybjS,protein_coding
ybjT,protein_coding
ltaE,protein_coding
poxB,protein_coding
hcr,protein_coding
hcp,protein_coding
lysO,protein_coding
aqpZ,protein_coding
ybjD,protein_coding
ybjX,protein_coding
macA,protein_coding
macB,protein_coding
cspD,protein_coding
yljB,protein_coding
clpS,protein_coding
clpA,protein_coding
serW,tRNA
infA,protein_coding
aat,protein_coding
cydC,protein_coding
cydD,protein_coding
trxB,protein_coding
lrp,protein_coding
ftsK,protein_coding
lolA,protein_coding
rarA,protein_coding
serS,protein_coding
dmsA,protein_coding
dmsB,protein_coding
dmsC,protein_coding
ycaC,protein_coding
ycaD,protein_coding
ycaM,protein_coding
ycaN,protein_coding
ycaK,protein_coding
pflA,protein_coding
pflB,protein_coding
focA,protein_coding
ycaO,protein_coding
ycaP,protein_coding
serC,protein_coding
aroA,protein_coding
ycaL,protein_coding
cmk,protein_coding
rpsA,protein_coding
ihfB,protein_coding
ycaI,protein_coding
msbA,protein_coding
lpxK,protein_coding
ycaQ,protein_coding
ycaR,protein_coding
kdsB,protein_coding
ycbJ,protein_coding
elyC,protein_coding
cmoM,protein_coding
mukF,protein_coding
mukE,protein_coding
mukB,protein_coding
ldtD,protein_coding
mepK,protein_coding
gloC,protein_coding
aspC,protein_coding
ompF,protein_coding
asnS,protein_coding
pncB,protein_coding
pepN,protein_coding
ssuB,protein_coding
ssuC,protein_coding
ssuD,protein_coding
ssuA,protein_coding
ssuE,protein_coding
elfA,protein_coding
elfD,protein_coding
elfC,protein_coding
elfG,protein_coding
ycbU,protein_coding
ycbV,protein_coding
ycbF,protein_coding
pyrD,protein_coding
zapC,protein_coding
ycbX,protein_coding
rlmL,protein_coding
uup,protein_coding
pqiA,protein_coding
pqiB,protein_coding
pqiC,protein_coding
rmf,protein_coding
fabA,protein_coding
ycbZ,protein_coding
matP,protein_coding
ompA,protein_coding
sulA,protein_coding
sxy,protein_coding
yccS,protein_coding
yccF,protein_coding
helD,protein_coding
mgsA,protein_coding
yccT,protein_coding
yccU,protein_coding
hspQ,protein_coding
rlmI,protein_coding
yccX,protein_coding
tusE,protein_coding
yccA,protein_coding
serT,tRNA
hyaA,protein_coding
hyaB,protein_coding
hyaC,protein_coding
hyaD,protein_coding
hyaE,protein_coding
hyaF,protein_coding
appC,protein_coding
appB,protein_coding
appX,protein_coding
appA,protein_coding
etk,protein_coding
etp,protein_coding
gfcE,protein_coding
gfcD,protein_coding
gfcC,protein_coding
gfcB,protein_coding
gfcA,protein_coding
insA4,protein_coding
insB4,protein_coding
cspH,protein_coding
cspG,protein_coding
ymcF,protein_coding
ymcE,protein_coding
gnsA,protein_coding
yccM,protein_coding
torS,protein_coding
torT,protein_coding
torR,protein_coding
torC,protein_coding
torA,protein_coding
torD,protein_coding
cbpM,protein_coding
cbpA,protein_coding
yccE,protein_coding
agp,protein_coding
yccJ,protein_coding
wrbA,protein_coding
ymdF,protein_coding
rutG,protein_coding
rutF,protein_coding
rutE,protein_coding
rutD,protein_coding
rutC,protein_coding
rutB,protein_coding
rutA,protein_coding
rutR,protein_coding
putA,protein_coding
ymdG,protein_coding
putP,protein_coding
efeU,pseudogene
efeO,protein_coding
efeB,protein_coding
phoH,protein_coding
pgaD,protein_coding
pgaC,protein_coding
pgaB,protein_coding
pgaA,protein_coding
dgcT,protein_coding
insF4,protein_coding
insE4,protein_coding
ymdE,pseudogene
ycdU,protein_coding
serX,tRNA
ghrA,protein_coding
ycdX,protein_coding
ycdY,protein_coding
ycdZ,protein_coding
csgG,protein_coding
csgF,protein_coding
csgE,protein_coding
csgD,protein_coding
csgB,protein_coding
csgA,protein_coding
csgC,protein_coding
ymdA,protein_coding
ymdB,protein_coding
clsC,protein_coding
opgC,protein_coding
opgG,protein_coding
opgH,protein_coding
yceK,protein_coding
msyB,protein_coding
mdtG,protein_coding
lpxL,protein_coding
trhO,protein_coding
yceI,protein_coding
yceJ,protein_coding
yceO,protein_coding
solA,protein_coding
bssS,protein_coding
dinI,protein_coding
pyrC,protein_coding
yceB,protein_coding
grxB,protein_coding
mdtH,protein_coding
rimJ,protein_coding
yceH,protein_coding
yceM,protein_coding
murJ,protein_coding
flgN,protein_coding
flgM,protein_coding
flgA,protein_coding
flgB,protein_coding
flgC,protein_coding
flgD,protein_coding
flgE,protein_coding
flgF,protein_coding
flgG,protein_coding
flgH,protein_coding
flgI,protein_coding
flgJ,protein_coding
flgK,protein_coding
flgL,protein_coding
rne,protein_coding
yceQ,protein_coding
rluC,protein_coding
yceF,protein_coding
sraB,ncRNA
yceD,protein_coding
rpmF,protein_coding
plsX,protein_coding
fabH,protein_coding
fabD,protein_coding
fabG,protein_coding
acpP,protein_coding
fabF,protein_coding
pabC,protein_coding
mltG,protein_coding
tmk,protein_coding
holB,protein_coding
ycfH,protein_coding
ptsG,protein_coding
fhuE,protein_coding
hinT,protein_coding
ycfL,protein_coding
lpoB,protein_coding
thiK,protein_coding
nagZ,protein_coding
ycfP,protein_coding
ndh,protein_coding
ycfJ,protein_coding
comR,protein_coding
bhsA,protein_coding
ldtC,protein_coding
mfd,protein_coding
ycfT,protein_coding
lolC,protein_coding
lolD,protein_coding
lolE,protein_coding
nagK,protein_coding
cobB,protein_coding
ycfZ,protein_coding
ymfA,protein_coding
potD,protein_coding
potC,protein_coding
potB,protein_coding
potA,protein_coding
pepT,protein_coding
roxA,protein_coding
phoQ,protein_coding
phoP,protein_coding
purB,protein_coding
hflD,protein_coding
mnmA,protein_coding
nudJ,protein_coding
rluE,protein_coding
icd,protein_coding
ymfD,protein_coding
ymfE,protein_coding
lit,protein_coding
intE,protein_coding
xisE,protein_coding
ymfH,protein_coding
ymfI,protein_coding
ymfJ,protein_coding
ymfK,protein_coding
ymfT,protein_coding
ymfL,protein_coding
ymfM,protein_coding
ymfN,protein_coding
oweE,pseudogene
aaaE,pseudogene
ymfR,protein_coding
beeE,protein_coding
jayE,pseudogene
ymfQ,protein_coding
ycfK,protein_coding
tfaP,protein_coding
tfaE,protein_coding
stfE,pseudogene
pinE,protein_coding
mcrA,protein_coding
icdC,pseudogene
iraM,protein_coding
ymgK,protein_coding
ymgL,protein_coding
ycgX,protein_coding
bluR,protein_coding
bluF,protein_coding
ycgZ,protein_coding
ymgA,protein_coding
ariR,protein_coding
ymgC,protein_coding
pdeG,protein_coding
ymgF,protein_coding
ycgH,pseudogene
ymgD,protein_coding
ymgG,protein_coding
ymgI,protein_coding
ymgJ,protein_coding
ycgI,pseudogene
minE,protein_coding
minD,protein_coding
minC,protein_coding
ycgJ,protein_coding
pliG,protein_coding
ycgL,protein_coding
ycgM,protein_coding
ycgN,protein_coding
hlyE,protein_coding
umuD,protein_coding
umuC,protein_coding
dsbB,protein_coding
nhaB,protein_coding
fadR,protein_coding
ycgB,protein_coding
dadA,protein_coding
dadX,protein_coding
ymgM,protein_coding
cvrA,protein_coding
ldcA,protein_coding
emtA,protein_coding
ycgR,protein_coding
ymgE,protein_coding
ycgY,protein_coding
treA,protein_coding
dhaM,protein_coding
dhaL,protein_coding
dhaK,protein_coding
dhaR,protein_coding
ycgV,protein_coding
ychF,protein_coding
pth,protein_coding
ychH,protein_coding
dauA,protein_coding
prs,protein_coding
ispE,protein_coding
lolB,protein_coding
hemA,protein_coding
prfA,protein_coding
prmC,protein_coding
ychQ,protein_coding
ychA,protein_coding
kdsA,protein_coding
ldrA,protein_coding
rdlA,ncRNA
ldrB,protein_coding
rdlB,ncRNA
ldrC,protein_coding
rdlC,ncRNA
chaA,protein_coding
chaB,protein_coding
chaC,protein_coding
ychN,protein_coding
ychO,protein_coding
narL,protein_coding
narX,protein_coding
narK,protein_coding
narG,protein_coding
narH,protein_coding
narJ,protein_coding
narI,protein_coding
ychS,protein_coding
rttR,ncRNA
tpr,protein_coding
tyrV,tRNA
tyrT,tRNA
purU,protein_coding
ychJ,protein_coding
rssA,protein_coding
rssB,protein_coding
galU,protein_coding
hns,protein_coding
tdk,protein_coding
insZ,pseudogene
adhE,protein_coding
ychT,protein_coding
ychE,protein_coding
insH21,protein_coding
oppA,protein_coding
oppB,protein_coding
oppC,protein_coding
oppD,protein_coding
oppF,protein_coding
yciU,protein_coding
clsA,protein_coding
yciY,protein_coding
kch,protein_coding
yciI,protein_coding
tonB,protein_coding
yciA,protein_coding
yciB,protein_coding
yciC,protein_coding
ompW,protein_coding
yciE,protein_coding
yciF,protein_coding
yciG,protein_coding
trpA,protein_coding
trpB,protein_coding
trpC,protein_coding
trpD,protein_coding
trpE,protein_coding
trpL,protein_coding
yciV,protein_coding
yciO,protein_coding
yciQ,protein_coding
rluB,protein_coding
btuR,protein_coding
yciK,protein_coding
sohB,protein_coding
yciN,protein_coding
topA,protein_coding
cysB,protein_coding
ymiA,protein_coding
yciX,protein_coding
ymiC,protein_coding
acnA,protein_coding
ribA,protein_coding
pgpB,protein_coding
lapA,protein_coding
lapB,protein_coding
pyrF,protein_coding
yciH,protein_coding
osmB,protein_coding
yciT,protein_coding
yciZ,protein_coding
ymiD,protein_coding
pdeR,protein_coding
ymiB,protein_coding
rnb,protein_coding
yciW,protein_coding
fabI,protein_coding
ycjD,protein_coding
sapF,protein_coding
sapD,protein_coding
sapC,protein_coding
sapB,protein_coding
sapA,protein_coding
ymjA,protein_coding
puuP,protein_coding
ymjE,protein_coding
puuA,protein_coding
puuD,protein_coding
puuR,protein_coding
puuC,protein_coding
puuB,protein_coding
puuE,protein_coding
pspF,protein_coding
pspA,protein_coding
pspB,protein_coding
pspC,protein_coding
pspD,protein_coding
pspE,protein_coding
ycjM,protein_coding
ycjN,protein_coding
ycjO,protein_coding
ycjP,protein_coding
ycjQ,protein_coding
ycjR,protein_coding
ycjS,protein_coding
ycjT,protein_coding
ycjU,protein_coding
ycjV,pseudogene
ymjB,pseudogene
ompG,protein_coding
ycjW,protein_coding
ycjX,protein_coding
ycjF,protein_coding
tyrR,protein_coding
tpx,protein_coding
ycjG,protein_coding
mpaA,protein_coding
ymjC,protein_coding
ymjD,protein_coding
ycjY,protein_coding
pgrR,protein_coding
mppA,protein_coding
ynaI,protein_coding
insH4,protein_coding
ynaJ,protein_coding
uspE,protein_coding
fnr,protein_coding
ogt,protein_coding
abgT,protein_coding
abgB,protein_coding
abgA,protein_coding
abgR,protein_coding
mcaS,ncRNA
smrA,protein_coding
dgcM,protein_coding
ynaN,protein_coding
zntB,protein_coding
fnrS,ncRNA
ynaL,protein_coding
dbpA,protein_coding
ttcA,protein_coding
intR,protein_coding
xisR,protein_coding
rcbA,protein_coding
ralA,ncRNA
ralR,protein_coding
recT,protein_coding
recE,protein_coding
racC,protein_coding
ydaE,protein_coding
kilR,protein_coding
sieB,protein_coding
ydaF,protein_coding
ydaG,protein_coding
racR,protein_coding
ydaS,protein_coding
ydaT,protein_coding
ydaU,protein_coding
ydaV,protein_coding
ydaW,protein_coding
rzpR,pseudogene
rzoR,protein_coding
trkG,protein_coding
ynaK,protein_coding
ydaY,protein_coding
ynaA,protein_coding
lomR,pseudogene
insH5,protein_coding
stfR,protein_coding
tfaR,protein_coding
pinR,protein_coding
ynaE,protein_coding
ynaM,protein_coding
ttcC,pseudogene
uspF,protein_coding
ompN,protein_coding
micC,ncRNA
ydbK,protein_coding
ydbJ,protein_coding
hslJ,protein_coding
ldhA,protein_coding
ydbH,protein_coding
ynbE,protein_coding
ydbL,protein_coding
feaR,protein_coding
feaB,protein_coding
tynA,protein_coding
paaZ,protein_coding
paaA,protein_coding
paaB,protein_coding
paaC,protein_coding
paaD,protein_coding
paaE,protein_coding
paaF,protein_coding
paaG,protein_coding
paaH,protein_coding
paaI,protein_coding
paaJ,protein_coding
paaK,protein_coding
paaX,protein_coding
paaY,protein_coding
ynbG,protein_coding
ydbA,pseudogene
insD2,protein_coding
insC2,protein_coding
pdxI,protein_coding
ydbD,protein_coding
ynbA,protein_coding
ynbB,protein_coding
ynbC,protein_coding
ynbD,protein_coding
azoR,protein_coding
hrpA,protein_coding
ydcF,protein_coding
aldA,protein_coding
gapC,pseudogene
cybB,protein_coding
rydC,ncRNA
ydcA,protein_coding
yncP,protein_coding
hokB,protein_coding
mokB,protein_coding
sokB,ncRNA
trg,protein_coding
ydcI,protein_coding
ydcJ,protein_coding
opgD,protein_coding
ydcH,protein_coding
rimL,protein_coding
ydcK,protein_coding
tehA,protein_coding
tehB,protein_coding
ydcL,protein_coding
yncK,pseudogene
insQ,protein_coding
ydcO,protein_coding
sutR,protein_coding
rlhA,protein_coding
yncJ,protein_coding
hicA,protein_coding
hicB,protein_coding
ydcR,protein_coding
ydcS,protein_coding
ydcT,protein_coding
ydcU,protein_coding
ydcV,protein_coding
patD,protein_coding
yncL,protein_coding
ortT,protein_coding
ydcY,protein_coding
ydcZ,protein_coding
mnaT,protein_coding
curA,protein_coding
mcbR,protein_coding
yncD,protein_coding
yncE,protein_coding
ansP,protein_coding
yncG,protein_coding
yncH,protein_coding
rhsE,pseudogene
ydcD,protein_coding
yncO,protein_coding
yncI,pseudogene
ydcC,protein_coding
pptA,protein_coding
yddH,protein_coding
nhoA,protein_coding
yddE,protein_coding
narV,protein_coding
narW,protein_coding
narY,protein_coding
narZ,protein_coding
narU,protein_coding
yddJ,pseudogene
yddK,protein_coding
yddL,protein_coding
yddG,protein_coding
fdnG,protein_coding
fdnH,protein_coding
fdnI,protein_coding
yddM,protein_coding
adhP,protein_coding
maeA,protein_coding
sra,protein_coding
bdm,protein_coding
osmC,protein_coding
ddpF,protein_coding
ddpD,protein_coding
ddpC,protein_coding
ddpB,protein_coding
ddpA,protein_coding
ddpX,protein_coding
dosP,protein_coding
dosC,protein_coding
yddY,protein_coding
digH,protein_coding
gadC,protein_coding
gadB,protein_coding
pqqL,protein_coding
yddB,protein_coding
yddA,protein_coding
yneP,protein_coding
ydeM,protein_coding
ydeN,protein_coding
ydeO,protein_coding
safA,protein_coding
ydeP,protein_coding
ydeQ,protein_coding
ydeR,protein_coding
ydeS,protein_coding
ydeT,protein_coding
yneL,pseudogene
hipA,protein_coding
hipB,protein_coding
yneO,pseudogene
lsrK,protein_coding
lsrR,protein_coding
lsrA,protein_coding
lsrC,protein_coding
lsrD,protein_coding
lsrB,protein_coding
lsrF,protein_coding
lsrG,protein_coding
tam,protein_coding
yneE,protein_coding
uxaB,protein_coding
dgcF,protein_coding
yneG,protein_coding
glsB,protein_coding
sad,protein_coding
yneJ,protein_coding
yneK,protein_coding
ydeA,protein_coding
marC,protein_coding
marR,protein_coding
marA,protein_coding
marB,protein_coding
eamA,protein_coding
ydeE,protein_coding
mgtS,protein_coding
mgtT,protein_coding
mgrR,ncRNA
dgcZ,protein_coding
ydeI,protein_coding
ydeJ,protein_coding
dcp,protein_coding
ydfG,protein_coding
ydfH,protein_coding
ydfZ,protein_coding
ydfI,protein_coding
ydfJ,protein_coding
ynfT,protein_coding
ydfK,protein_coding
pinQ,protein_coding
tfaQ,protein_coding
stfQ,protein_coding
nohA,protein_coding
ynfO,protein_coding
ydfO,protein_coding
gnsB,protein_coding
ynfN,protein_coding
ynfR,protein_coding
ynfQ,protein_coding
cspI,protein_coding
rzpQ,protein_coding
rzoQ,protein_coding
rrrQ,protein_coding
ydfR,protein_coding
essQ,protein_coding
ynfU,protein_coding
cspB,protein_coding
cspF,protein_coding
ynfS,protein_coding
ydfT,protein_coding
ydfU,protein_coding
rem,protein_coding
hokD,protein_coding
relE,protein_coding
relB,protein_coding
ydfV,protein_coding
flxA,protein_coding
ydfW,protein_coding
ydfX,protein_coding
dicC,protein_coding
dicA,protein_coding
ydfA,protein_coding
ydfB,protein_coding
ydfC,protein_coding
dicF,ncRNA
dicB,protein_coding
ydfD,protein_coding
ydfE,pseudogene
insD7,pseudogene
intQ,pseudogene
ynfP,protein_coding
rspB,protein_coding
rspA,protein_coding
ynfA,protein_coding
ynfB,protein_coding
speG,protein_coding
ynfC,protein_coding
ynfD,protein_coding
ynfE,protein_coding
ynfF,protein_coding
ynfG,protein_coding
ynfH,protein_coding
dmsD,protein_coding
clcB,protein_coding
ynfK,protein_coding
mlc,protein_coding
ynfL,protein_coding
ynfM,protein_coding
asr,protein_coding
ydgU,protein_coding
ydgD,protein_coding
mdtI,protein_coding
mdtJ,protein_coding
ydgV,protein_coding
tqsA,protein_coding
pntB,protein_coding
pntA,protein_coding
ydgH,protein_coding
ydgI,protein_coding
folM,protein_coding
ydgC,protein_coding
rstA,protein_coding
rstB,protein_coding
tus,protein_coding
fumC,protein_coding
fumA,protein_coding
manA,protein_coding
ydgA,protein_coding
uidC,protein_coding
uidB,protein_coding
uidA,protein_coding
uidR,protein_coding
hdhA,protein_coding
malI,protein_coding
malX,protein_coding
malY,protein_coding
add,protein_coding
ydgJ,protein_coding
blr,protein_coding
cnu,protein_coding
ydgK,protein_coding
rsxA,protein_coding
rsxB,protein_coding
rsxC,protein_coding
rsxD,protein_coding
rsxG,protein_coding
rsxE,protein_coding
nth,protein_coding
dtpA,protein_coding
gstA,protein_coding
pdxY,protein_coding
tyrS,protein_coding
pdxH,protein_coding
mliC,protein_coding
anmK,protein_coding
slyB,protein_coding
slyA,protein_coding
ydhI,protein_coding
ydhJ,protein_coding
ydhK,protein_coding
sodC,protein_coding
ydhF,protein_coding
ydhL,protein_coding
nemR,protein_coding
nemA,protein_coding
gloA,protein_coding
rnt,protein_coding
lhr,protein_coding
grxD,protein_coding
mepH,protein_coding
sodB,protein_coding
ydhP,protein_coding
cydH,protein_coding
purR,protein_coding
ydhB,protein_coding
ydhC,protein_coding
cfa,protein_coding
ribC,protein_coding
mdtK,protein_coding
ydhQ,protein_coding
valV,tRNA
valW,tRNA
ydhR,protein_coding
ydhS,protein_coding
ydhT,protein_coding
ydhU,protein_coding
ydhX,protein_coding
ydhW,protein_coding
ydhV,protein_coding
ydhY,protein_coding
fumD,protein_coding
pykF,protein_coding
lpp,protein_coding
ldtE,protein_coding
sufE,protein_coding
sufS,protein_coding
sufD,protein_coding
sufC,protein_coding
sufB,protein_coding
sufA,protein_coding
rydB,ncRNA
ydiH,protein_coding
menI,protein_coding
ydiJ,protein_coding
ydiK,protein_coding
rprA,ncRNA
ydiL,protein_coding
ydiM,protein_coding
ydiN,protein_coding
ydiB,protein_coding
aroD,protein_coding
ydiF,protein_coding
ydiO,protein_coding
ydiP,protein_coding
ydiQ,protein_coding
ydiR,protein_coding
ydiS,protein_coding
ydiT,protein_coding
fadK,protein_coding
ppsA,protein_coding
ppsR,protein_coding
aroH,protein_coding
ydiE,protein_coding
ydiU,protein_coding
rflP,protein_coding
nlpC,protein_coding
btuD,protein_coding
btuE,protein_coding
btuC,protein_coding
ihfA,protein_coding
pheT,protein_coding
pheS,protein_coding
pheM,protein_coding
rplT,protein_coding
rpmI,protein_coding
infC,protein_coding
thrS,protein_coding
arpB,pseudogene
yniD,protein_coding
ydiY,protein_coding
pfkB,protein_coding
ydiZ,protein_coding
yniA,protein_coding
yniB,protein_coding
hxpB,protein_coding
ydjM,protein_coding
tcyP,protein_coding
ydjO,protein_coding
cedA,protein_coding
katE,protein_coding
chbG,protein_coding
chbF,protein_coding
chbR,protein_coding
chbA,protein_coding
chbC,protein_coding
chbB,protein_coding
osmE,protein_coding
nadE,protein_coding
cho,protein_coding
ves,protein_coding
spy,protein_coding
astE,protein_coding
astB,protein_coding
astD,protein_coding
astA,protein_coding
astC,protein_coding
xthA,protein_coding
ydjX,protein_coding
ydjY,protein_coding
ydjZ,protein_coding
ynjA,protein_coding
ynjB,protein_coding
ynjC,protein_coding
ynjD,protein_coding
ynjE,protein_coding
ynjF,protein_coding
nudG,protein_coding
ynjH,protein_coding
gdhA,protein_coding
ynjI,protein_coding
topB,protein_coding
selD,protein_coding
ydjA,protein_coding
sppA,protein_coding
ansA,protein_coding
pncA,protein_coding
ydjE,protein_coding
ydjF,protein_coding
ydjG,protein_coding
ydjH,protein_coding
ydjI,protein_coding
ydjJ,protein_coding
ydjK,protein_coding
ydjL,protein_coding
yeaC,protein_coding
msrB,protein_coding
gapA,protein_coding
yeaD,protein_coding
yeaE,protein_coding
mipA,protein_coding
yeaG,protein_coding
yeaH,protein_coding
cdgI,protein_coding
dgcJ,protein_coding
yeaK,protein_coding
yoaI,protein_coding
yeaL,protein_coding
nimR,protein_coding
nimT,protein_coding
yeaO,protein_coding
yoaF,protein_coding
dgcP,protein_coding
yoaK,protein_coding
yoaJ,protein_coding
yeaQ,protein_coding
yoaG,protein_coding
yeaR,protein_coding
leuE,protein_coding
dmlR,protein_coding
dmlA,protein_coding
yeaV,protein_coding
yeaW,protein_coding
yeaX,protein_coding
rnd,protein_coding
fadD,protein_coding
yeaY,protein_coding
tsaB,protein_coding
yoaA,protein_coding
yoaB,protein_coding
yoaC,protein_coding
yoaH,protein_coding
pabB,protein_coding
nudL,protein_coding
sdaA,protein_coding
pdeD,protein_coding
yoaE,protein_coding
yoaL,protein_coding
manX,protein_coding
manY,protein_coding
manZ,protein_coding
yobD,protein_coding
mntP,protein_coding
rlmA,protein_coding
cspC,protein_coding
yobF,protein_coding
yebO,protein_coding
mgrB,protein_coding
yobH,protein_coding
kdgR,protein_coding
yebQ,protein_coding
htpX,protein_coding
prc,protein_coding
proQ,protein_coding
msrC,protein_coding
letA,protein_coding
letB,protein_coding
rsmF,protein_coding
yebV,protein_coding
yebW,protein_coding
pphA,protein_coding
ryeA,ncRNA
sdsR,ncRNA
yebY,protein_coding
yebZ,protein_coding
yobA,protein_coding
holE,protein_coding
yobB,protein_coding
exoX,protein_coding
ptrB,protein_coding
yebE,protein_coding
yebF,protein_coding
yebG,protein_coding
purT,protein_coding
eda,protein_coding
edd,protein_coding
zwf,protein_coding
yebK,protein_coding
pykA,protein_coding
lpxM,protein_coding
mepM,protein_coding
znuA,protein_coding
znuC,protein_coding
znuB,protein_coding
ruvB,protein_coding
ruvA,protein_coding
yobI,protein_coding
yebB,protein_coding
ruvC,protein_coding
yebC,protein_coding
nudB,protein_coding
aspS,protein_coding
yecD,protein_coding
yecE,protein_coding
yecN,protein_coding
cmoA,protein_coding
cmoB,protein_coding
torZ,protein_coding
torY,protein_coding
micL,ncRNA
cutC,protein_coding
yecM,protein_coding
argS,protein_coding
yecV,protein_coding
yecT,protein_coding
flhE,protein_coding
flhA,protein_coding
flhB,protein_coding
cheZ,protein_coding
cheY,protein_coding
cheB,protein_coding
cheR,protein_coding
tap,protein_coding
tar,protein_coding
cheW,protein_coding
cheA,protein_coding
motB,protein_coding
motA,protein_coding
flhC,protein_coding
flhD,protein_coding
insB5,protein_coding
insA5,protein_coding
uspC,protein_coding
otsA,protein_coding
otsB,protein_coding
araH,protein_coding
araG,protein_coding
araF,protein_coding
ftnB,protein_coding
yecJ,protein_coding
azuC,protein_coding
yecR,protein_coding
ftnA,protein_coding
yecH,protein_coding
tyrP,protein_coding
yecA,protein_coding
3'ETS-leuZ,ncRNA
leuZ,tRNA
cysT,tRNA
glyW,tRNA
pgsA,protein_coding
uvrC,protein_coding
uvrY,protein_coding
yecU,protein_coding
yecF,protein_coding
sdiA,protein_coding
sdsN,ncRNA
tcyN,protein_coding
tcyL,protein_coding
dcyD,protein_coding
tcyJ,protein_coding
fliZ,protein_coding
fliA,protein_coding
fliC,protein_coding
fliD,protein_coding
fliS,protein_coding
fliT,protein_coding
amyA,protein_coding
yedD,protein_coding
yedE,protein_coding
yedF,protein_coding
yedK,protein_coding
yedL,protein_coding
yedN,pseudogene
intG,pseudogene
fliE,protein_coding
fliF,protein_coding
fliG,protein_coding
fliH,protein_coding
fliI,protein_coding
fliJ,protein_coding
fliK,protein_coding
fliL,protein_coding
fliM,protein_coding
fliN,protein_coding
fliO,protein_coding
fliP,protein_coding
fliQ,protein_coding
fliR,protein_coding
rcsA,protein_coding
dsrB,protein_coding
yodD,protein_coding
dsrA,ncRNA
yedP,protein_coding
dgcQ,protein_coding
yodC,protein_coding
yedI,protein_coding
yedA,protein_coding
vsr,protein_coding
dcm,protein_coding
yedJ,protein_coding
yedR,protein_coding
rseX,ncRNA
yedS,pseudogene
hchA,protein_coding
hprS,protein_coding
hprR,protein_coding
hiuH,protein_coding
msrP,protein_coding
msrQ,protein_coding
zinT,protein_coding
yodB,protein_coding
serU,tRNA
mtfA,protein_coding
asnT,tRNA
yeeJ,protein_coding
yeeL,pseudogene
shiA,protein_coding
amn,protein_coding
yeeN,protein_coding
asnW,tRNA
yeeO,protein_coding
asnU,tRNA
cbl,protein_coding
nac,protein_coding
asnV,tRNA
ldtA,protein_coding
cobT,protein_coding
cobS,protein_coding
cobU,protein_coding
yeeH,pseudogene
insH6,protein_coding
yoeG,pseudogene
yoeH,pseudogene
yoeA,pseudogene
insD3,protein_coding
insC3,protein_coding
yeeP,pseudogene
isrC,ncRNA
flu,protein_coding
yeeR,protein_coding
yeeS,protein_coding
yeeT,protein_coding
cbeA,protein_coding
cbtA,protein_coding
yeeW,protein_coding
yoeD,pseudogene
yoeF,protein_coding
yeeX,protein_coding
yeeA,protein_coding
sbmC,protein_coding
dacD,protein_coding
sbcB,protein_coding
yeeD,protein_coding
yeeE,protein_coding
plaP,protein_coding
yoeI,protein_coding
yeeY,protein_coding
yeeZ,protein_coding
yoeB,protein_coding
yefM,protein_coding
hisL,protein_coding
hisG,protein_coding
hisD,protein_coding
hisC,protein_coding
hisB,protein_coding
hisH,protein_coding
hisA,protein_coding
hisF,protein_coding
hisI,protein_coding
wzzB,protein_coding
ugd,protein_coding
gnd,protein_coding
wbbL,pseudogene
insH7,protein_coding
wbbK,protein_coding
wbbJ,protein_coding
wbbI,protein_coding
wbbH,protein_coding
glf,protein_coding
rfbX,protein_coding
rfbC,protein_coding
rfbA,protein_coding
rfbD,protein_coding
rfbB,protein_coding
galF,protein_coding
wcaM,protein_coding
wcaL,protein_coding
wcaK,protein_coding
wzxC,protein_coding
wcaJ,protein_coding
cpsG,protein_coding
cpsB,protein_coding
wcaI,protein_coding
gmm,protein_coding
fcl,protein_coding
gmd,protein_coding
wcaF,protein_coding
wcaE,protein_coding
wcaD,protein_coding
wcaC,protein_coding
wcaB,protein_coding
wcaA,protein_coding
wzc,protein_coding
wzb,protein_coding
wza,protein_coding
yegH,protein_coding
asmA,protein_coding
dcd,protein_coding
udk,protein_coding
dgcE,protein_coding
alkA,protein_coding
yegD,protein_coding
yegI,protein_coding
yegJ,protein_coding
pphC,protein_coding
yegL,protein_coding
sibA,ncRNA
ibsA,protein_coding
sibB,ncRNA
ibsB,protein_coding
mdtA,protein_coding
mdtB,protein_coding
mdtC,protein_coding
mdtD,protein_coding
baeS,protein_coding
baeR,protein_coding
yegP,protein_coding
trhP,protein_coding
cyaR,ncRNA
ogrK,protein_coding
yegZ,pseudogene
yegR,protein_coding
yegS,protein_coding
gatR,pseudogene
insE5,protein_coding
insF5,protein_coding
gatD,protein_coding
gatC,pseudogene
gatB,protein_coding
gatA,protein_coding
gatZ,protein_coding
gatY,protein_coding
fbaB,protein_coding
yegT,protein_coding
yegU,protein_coding
yegV,protein_coding
yegW,protein_coding
yegX,protein_coding
thiD,protein_coding
thiM,protein_coding
rcnR,protein_coding
rcnA,protein_coding
rcnB,protein_coding
yehA,protein_coding
yehB,protein_coding
yehC,protein_coding
yehD,protein_coding
yehE,protein_coding
mrp,protein_coding
metG,protein_coding
yehF,protein_coding
yehH,pseudogene
yehI,protein_coding
yehK,protein_coding
yehL,protein_coding
yehM,protein_coding
yehP,protein_coding
yehQ,protein_coding
yehR,protein_coding
yehS,protein_coding
btsR,protein_coding
btsS,protein_coding
mlrA,protein_coding
yohO,protein_coding
yehW,protein_coding
yehX,protein_coding
yehY,protein_coding
osmF,protein_coding
bglX,protein_coding
dld,protein_coding
pbpG,protein_coding
yohC,protein_coding
yohD,protein_coding
yohF,protein_coding
mdtQ,pseudogene
yohP,protein_coding
dusC,protein_coding
yohJ,protein_coding
yohK,protein_coding
cdd,protein_coding
sanA,protein_coding
yeiS,protein_coding
preT,protein_coding
preA,protein_coding
mglC,protein_coding
mglA,protein_coding
mglB,protein_coding
galS,protein_coding
yeiB,protein_coding
folE,protein_coding
yeiG,protein_coding
cirA,protein_coding
lysP,protein_coding
yeiE,protein_coding
yeiH,protein_coding
nfo,protein_coding
yeiI,protein_coding
nupX,protein_coding
rihB,protein_coding
yeiL,protein_coding
psuT,protein_coding
psuG,protein_coding
psuK,protein_coding
fruA,protein_coding
fruK,protein_coding
fruB,protein_coding
setB,protein_coding
yeiW,protein_coding
yeiP,protein_coding
yeiQ,protein_coding
yeiR,protein_coding
lpxT,protein_coding
mepS,protein_coding
pdeN,protein_coding
yejA,protein_coding
yejB,protein_coding
yejE,protein_coding
yejF,protein_coding
yejG,protein_coding
bcr,protein_coding
rsuA,protein_coding
radD,protein_coding
rplY,protein_coding
yejK,protein_coding
yejL,protein_coding
yejM,protein_coding
proL,tRNA
yejO,pseudogene
insH8,protein_coding
narP,protein_coding
ccmH,protein_coding
ccmG,protein_coding
ccmF,protein_coding
ccmE,protein_coding
ccmD,protein_coding
ccmC,protein_coding
ccmB,protein_coding
ccmA,protein_coding
napC,protein_coding
napB,protein_coding
napH,protein_coding
napG,protein_coding
napA,protein_coding
napD,protein_coding
napF,protein_coding
yojO,protein_coding
eco,protein_coding
mqo,protein_coding
yojI,protein_coding
alkB,protein_coding
ada,protein_coding
ftp,protein_coding
ompC,protein_coding
micF,ncRNA
rcsD,protein_coding
rcsB,protein_coding
rcsC,protein_coding
atoS,protein_coding
atoC,protein_coding
atoD,protein_coding
atoA,protein_coding
atoE,protein_coding
atoB,protein_coding
yfaP,protein_coding
yfaQ,protein_coding
yfaS,pseudogene
yfaT,protein_coding
yfaA,protein_coding
gyrA,protein_coding
ubiG,protein_coding
yfaL,protein_coding
ypaB,protein_coding
nrdA,protein_coding
yoaM,protein_coding
nrdB,protein_coding
yfaE,protein_coding
inaA,protein_coding
yfaH,pseudogene
glpQ,protein_coding
glpT,protein_coding
glpA,protein_coding
glpB,protein_coding
glpC,protein_coding
rpnE,protein_coding
ypaA,pseudogene
yfaU,protein_coding
yfaV,protein_coding
rhmD,protein_coding
yfaX,protein_coding
yfaY,protein_coding
yfaZ,protein_coding
nudI,protein_coding
ais,protein_coding
arnB,protein_coding
arnC,protein_coding
arnA,protein_coding
arnD,protein_coding
arnT,protein_coding
arnE,protein_coding
arnF,protein_coding
pmrD,protein_coding
menE,protein_coding
menC,protein_coding
menB,protein_coding
menH,protein_coding
menD,protein_coding
menF,protein_coding
elaB,protein_coding
elaA,protein_coding
rbn,protein_coding
elaD,protein_coding
yfbK,protein_coding
yfbL,protein_coding
yfbM,protein_coding
yfbN,protein_coding
yfbO,protein_coding
yfbP,protein_coding
nuoN,protein_coding
nuoM,protein_coding
nuoL,protein_coding
nuoK,protein_coding
nuoJ,protein_coding
nuoI,protein_coding
nuoH,protein_coding
nuoG,protein_coding
nuoF,protein_coding
nuoE,protein_coding
nuoC,protein_coding
nuoB,protein_coding
nuoA,protein_coding
lrhA,protein_coding
alaA,protein_coding
yfbR,protein_coding
yfbS,protein_coding
hxpA,protein_coding
yfbU,protein_coding
yfbV,protein_coding
ackA,protein_coding
pta,protein_coding
yfcC,protein_coding
yfcD,protein_coding
yfcE,protein_coding
yfcF,protein_coding
yfcG,protein_coding
folX,protein_coding
yfcH,protein_coding
rpnB,protein_coding
hisP,protein_coding
hisM,protein_coding
hisQ,protein_coding
hisJ,protein_coding
argT,protein_coding
ubiX,protein_coding
purF,protein_coding
cvpA,protein_coding
dedD,protein_coding
folC,protein_coding
accD,protein_coding
dedA,protein_coding
truA,protein_coding
usg,protein_coding
pdxB,protein_coding
flk,protein_coding
yfcJ,protein_coding
fabB,protein_coding
mnmC,protein_coding
yfcL,protein_coding
epmC,protein_coding
yfcA,protein_coding
mepA,protein_coding
aroC,protein_coding
prmB,protein_coding
smrB,protein_coding
yfcO,protein_coding
yfcP,protein_coding
yfcQ,protein_coding
yfcR,protein_coding
yfcS,protein_coding
yfcU,pseudogene
yfcV,protein_coding
sixA,protein_coding
fadJ,protein_coding
fadI,protein_coding
yfcZ,protein_coding
fadL,protein_coding
yfdF,protein_coding
mlaA,protein_coding
yfdC,protein_coding
argW,tRNA
intS,protein_coding
yfdG,protein_coding
yfdH,protein_coding
yfdI,protein_coding
yodE,protein_coding
tfaS,pseudogene
yfdK,protein_coding
yfdL,pseudogene
yfdM,protein_coding
yfdN,protein_coding
yfdO,protein_coding
yfdP,protein_coding
yfdQ,protein_coding
yfdR,protein_coding
yfdS,protein_coding
yfdT,protein_coding
ypdJ,protein_coding
torI,protein_coding
pawZ,pseudogene
dsdC,protein_coding
dsdX,protein_coding
dsdA,protein_coding
emrY,protein_coding
emrK,protein_coding
evgL,protein_coding
evgA,protein_coding
evgS,protein_coding
yfdE,protein_coding
yfdV,protein_coding
oxc,protein_coding
frc,protein_coding
yfdX,protein_coding
ypdI,protein_coding
yfdY,protein_coding
lpxP,protein_coding
ypdK,protein_coding
alaC,protein_coding
pyrS,protein_coding
pyrR,protein_coding
ypdC,protein_coding
fryA,protein_coding
ypdE,protein_coding
ypdF,protein_coding
fryC,protein_coding
fryB,protein_coding
glk,protein_coding
yfeO,protein_coding
ypeC,protein_coding
mntH,protein_coding
nupC,protein_coding
insL3,protein_coding
pdeA,protein_coding
alaX,tRNA
alaW,tRNA
yfeC,protein_coding
yfeD,protein_coding
gltX,protein_coding
valU,tRNA
valX,tRNA
valY,tRNA
lysV,tRNA
xapR,protein_coding
xapB,protein_coding
xapA,protein_coding
yfeN,protein_coding
yfeR,protein_coding
yfeH,protein_coding
ypeB,protein_coding
ligA,protein_coding
zipA,protein_coding
cysZ,protein_coding
cysK,protein_coding
ptsH,protein_coding
ptsI,protein_coding
crr,protein_coding
pdxK,protein_coding
yfeK,protein_coding
yfeS,protein_coding
cysM,protein_coding
cysA,protein_coding
cysW,protein_coding
cysU,protein_coding
cysP,protein_coding
ucpA,protein_coding
murR,protein_coding
murQ,protein_coding
murP,protein_coding
yfeW,protein_coding
yfeX,protein_coding
yfeY,protein_coding
yfeZ,protein_coding
ypeA,protein_coding
amiA,protein_coding
hemF,protein_coding
eutR,protein_coding
eutK,protein_coding
eutL,protein_coding
eutC,protein_coding
eutB,protein_coding
intZ,protein_coding
yffL,protein_coding
yffM,protein_coding
yffN,protein_coding
yffO,protein_coding
yffP,protein_coding
yffQ,protein_coding
yffR,protein_coding
yffS,protein_coding
eutA,protein_coding
eutH,protein_coding
eutG,protein_coding
eutJ,protein_coding
eutE,protein_coding
eutN,protein_coding
eutM,protein_coding
eutD,protein_coding
eutT,protein_coding
eutQ,protein_coding
eutP,protein_coding
eutS,protein_coding
maeB,protein_coding
talA,protein_coding
tktB,protein_coding
ypfG,protein_coding
nudK,protein_coding
aegA,protein_coding
narQ,protein_coding
acrD,protein_coding
ypfM,protein_coding
yffB,protein_coding
dapE,protein_coding
ypfN,protein_coding
ypfH,protein_coding
tmcA,protein_coding
ypfJ,protein_coding
purC,protein_coding
bamC,protein_coding
dapA,protein_coding
gcvR,protein_coding
bcp,protein_coding
hyfA,protein_coding
hyfB,protein_coding
hyfC,protein_coding
hyfD,protein_coding
hyfE,protein_coding
hyfF,protein_coding
hyfG,protein_coding
hyfH,protein_coding
hyfI,protein_coding
hyfJ,protein_coding
hyfR,protein_coding
focB,protein_coding
yfgO,protein_coding
bepA,protein_coding
yfgD,protein_coding
hda,protein_coding
uraA,protein_coding
upp,protein_coding
purM,protein_coding
purN,protein_coding
ppk,protein_coding
ppx,protein_coding
pdeF,protein_coding
yfgG,protein_coding
yfgH,protein_coding
yfgI,protein_coding
guaA,protein_coding
guaB,protein_coding
xseA,protein_coding
yfgJ,protein_coding
der,protein_coding
bamB,protein_coding
yfgM,protein_coding
hisS,protein_coding
sroE,ncRNA
ispG,protein_coding
rodZ,protein_coding
rlmN,protein_coding
ndk,protein_coding
pbpC,protein_coding
yfhM,protein_coding
sseA,protein_coding
ryfA,ncRNA
sseB,protein_coding
pepB,protein_coding
iscX,protein_coding
fdx,protein_coding
hscA,protein_coding
hscB,protein_coding
iscA,protein_coding
iscU,protein_coding
iscS,protein_coding
iscR,protein_coding
trmJ,protein_coding
suhB,protein_coding
yfhR,protein_coding
csiE,protein_coding
hcaT,protein_coding
hcaR,protein_coding
iroK,protein_coding
hcaE,protein_coding
hcaF,protein_coding
hcaC,protein_coding
hcaB,protein_coding
hcaD,protein_coding
yphA,protein_coding
yphB,protein_coding
yphC,protein_coding
yphD,protein_coding
yphE,protein_coding
yphF,protein_coding
yphG,protein_coding
yphH,protein_coding
glyA,protein_coding
hmp,protein_coding
glnB,protein_coding
glrR,protein_coding
qseG,protein_coding
glrK,protein_coding
glmY,ncRNA
purL,protein_coding
mltF,protein_coding
tadA,protein_coding
pgpC,protein_coding
yfhH,protein_coding
yfhL,protein_coding
shoB,protein_coding
ohsC,ncRNA
acpS,protein_coding
pdxJ,protein_coding
recO,protein_coding
era,protein_coding
rnc,protein_coding
lepB,protein_coding
lepA,protein_coding
rseC,protein_coding
rseB,protein_coding
rseA,protein_coding
rpoE,protein_coding
rseD,protein_coding
nadB,protein_coding
yfiC,protein_coding
srmB,protein_coding
yfiE,protein_coding
eamB,protein_coding
grcA,protein_coding
ung,protein_coding
yfiF,protein_coding
trxC,protein_coding
tapT,protein_coding
patZ,protein_coding
pssL,protein_coding
pssA,protein_coding
yfiM,protein_coding
kgtP,protein_coding
yfiS,protein_coding
rrfG,rRNA
rrlG,rRNA
gltW,tRNA
rrsG,rRNA
clpB,protein_coding
ryfD,ncRNA
pgeF,protein_coding
rluD,protein_coding
bamD,protein_coding
raiA,protein_coding
pheL,protein_coding
pheA,protein_coding
tyrA,protein_coding
aroF,protein_coding
yfiL,protein_coding
yfiR,protein_coding
dgcN,protein_coding
yfiB,protein_coding
rplS,protein_coding
trmD,protein_coding
rimM,protein_coding
rpsP,protein_coding
ffh,protein_coding
ypjD,protein_coding
yfjD,protein_coding
grpE,protein_coding
nadK,protein_coding
recN,protein_coding
bamE,protein_coding
yfjF,protein_coding
ratA,protein_coding
smpB,protein_coding
ssrA,ncRNA
intA,protein_coding
yfjH,protein_coding
alpA,protein_coding
yfjI,protein_coding
yfjJ,protein_coding
abpB,protein_coding
abpA,protein_coding
yfjM,protein_coding
rnlA,protein_coding
rnlB,protein_coding
yfjP,protein_coding
yfjQ,protein_coding
yfjR,protein_coding
ypjK,protein_coding
yfjS,protein_coding
yfjT,protein_coding
yfjU,protein_coding
yfjV,pseudogene
yfjW,protein_coding
ypjI,pseudogene
yfjX,protein_coding
yfjY,protein_coding
ypjJ,protein_coding
yfjZ,protein_coding
ypjF,protein_coding
psaA,pseudogene
ypjA,protein_coding
pinH,pseudogene
ypjB,protein_coding
ypjC,protein_coding
ileY,tRNA
ygaQ,pseudogene
glaH,protein_coding
lhgD,protein_coding
gabD,protein_coding
gabT,protein_coding
gabP,protein_coding
glaR,protein_coding
kbp,protein_coding
yqaE,protein_coding
ygaV,protein_coding
ygaP,protein_coding
stpA,protein_coding
alaE,protein_coding
ygaC,protein_coding
ygaM,protein_coding
nrdH,protein_coding
nrdI,protein_coding
nrdE,protein_coding
nrdF,protein_coding
proV,protein_coding
proW,protein_coding
proX,protein_coding
ygaY,pseudogene
ygaZ,protein_coding
ygaH,protein_coding
mprA,protein_coding
emrA,protein_coding
emrB,protein_coding
luxS,protein_coding
micA,ncRNA
gshA,protein_coding
yqaA,protein_coding
yqaB,protein_coding
argQ,tRNA
argZ,tRNA
argY,tRNA
argV,tRNA
serV,tRNA
csrA,protein_coding
alaS,protein_coding
recX,protein_coding
recA,protein_coding
pncC,protein_coding
mltB,protein_coding
srlA,protein_coding
srlE,protein_coding
srlB,protein_coding
srlD,protein_coding
gutM,protein_coding
srlR,protein_coding
gutQ,protein_coding
norR,protein_coding
norV,protein_coding
norW,protein_coding
hypF,protein_coding
hydN,protein_coding
ascG,protein_coding
ascF,protein_coding
ascB,protein_coding
hycI,protein_coding
hycH,protein_coding
hycG,protein_coding
hycF,protein_coding
hycE,protein_coding
hycD,protein_coding
hycC,protein_coding
hycB,protein_coding
hycA,protein_coding
hypA,protein_coding
hypB,protein_coding
hypC,protein_coding
hypD,protein_coding
hypE,protein_coding
fhlA,protein_coding
ygbA,protein_coding
mutS,protein_coding
pphB,protein_coding
ygbI,protein_coding
ygbJ,protein_coding
ygbK,protein_coding
ygbL,protein_coding
ygbM,protein_coding
ygbN,protein_coding
rpoS,protein_coding
nlpD,protein_coding
pcm,protein_coding
umpG,protein_coding
truD,protein_coding
ispF,protein_coding
ispD,protein_coding
ftsB,protein_coding
ygbE,protein_coding
cysC,protein_coding
cysN,protein_coding
cysD,protein_coding
iap,protein_coding
cas2,protein_coding
cas1,protein_coding
casE,protein_coding
casD,protein_coding
casC,protein_coding
casB,protein_coding
casA,protein_coding
cas3,protein_coding
sokX,ncRNA
cysH,protein_coding
cysI,protein_coding
cysJ,protein_coding
queD,protein_coding
ygcN,protein_coding
ygcO,protein_coding
ygcP,protein_coding
ygcQ,protein_coding
ygcR,protein_coding
ygcS,protein_coding
ygcU,protein_coding
ygcW,protein_coding
yqcE,protein_coding
ygcE,protein_coding
queE,protein_coding
yqcG,protein_coding
ygcG,protein_coding
eno,protein_coding
pyrG,protein_coding
mazG,protein_coding
mazF,protein_coding
mazE,protein_coding
relA,protein_coding
rlmD,protein_coding
barA,protein_coding
gudD,protein_coding
gudX,protein_coding
gudP,protein_coding
yqcA,protein_coding
truC,protein_coding
yqcC,protein_coding
csrB,ncRNA
syd,protein_coding
queF,protein_coding
ppnN,protein_coding
sdaC,protein_coding
sdaB,protein_coding
ygdG,protein_coding
fucO,protein_coding
fucA,protein_coding
fucP,protein_coding
fucI,protein_coding
fucK,protein_coding
fucU,protein_coding
fucR,protein_coding
rlmM,protein_coding
ygdD,protein_coding
gcvA,protein_coding
gcvB,ncRNA
ygdI,protein_coding
csdA,protein_coding
csdE,protein_coding
tcdA,protein_coding
mltA,protein_coding
metZ,tRNA
metW,tRNA
metV,tRNA
amiC,protein_coding
argA,protein_coding
recD,protein_coding
recB,protein_coding
ptrA,protein_coding
recC,protein_coding
ppdC,protein_coding
ygdB,protein_coding
ppdB,protein_coding
ppdA,protein_coding
thyA,protein_coding
lgt,protein_coding
ptsP,protein_coding
rppH,protein_coding
ygdT,protein_coding
mutH,protein_coding
ygdQ,protein_coding
ygdR,protein_coding
tas,protein_coding
lplT,protein_coding
aas,protein_coding
omrA,ncRNA
omrB,ncRNA
galR,protein_coding
lysA,protein_coding
lysR,protein_coding
ygeA,protein_coding
araE,protein_coding
kduD,protein_coding
kduI,protein_coding
yqeF,protein_coding
yqeG,protein_coding
yqeH,protein_coding
yqeI,protein_coding
yqeJ,protein_coding
yqeL,protein_coding
yqeK,protein_coding
ygeF,pseudogene
ygeG,protein_coding
ygeH,protein_coding
ygeI,protein_coding
pbl,pseudogene
ygeK,pseudogene
ygeL,pseudogene
ygeN,pseudogene
ygeO,pseudogene
insD4,protein_coding
insC4,protein_coding
ygeP,pseudogene
ygeQ,protein_coding
glyU,tRNA
ygeR,protein_coding
xdhA,protein_coding
xdhB,protein_coding
xdhC,protein_coding
ygeV,protein_coding
ygeW,protein_coding
ygeX,protein_coding
ygeY,protein_coding
hyuA,protein_coding
yqeA,protein_coding
yqeB,protein_coding
yqeC,protein_coding
mocA,protein_coding
ygfK,protein_coding
ssnA,protein_coding
ygfM,protein_coding
xdhD,protein_coding
xanQ,protein_coding
guaD,protein_coding
ghxQ,protein_coding
ygfS,protein_coding
ygfT,protein_coding
uacT,protein_coding
yqfG,protein_coding
yqfH,protein_coding
idi,protein_coding
lysS,protein_coding
prfB,protein_coding
recJ,protein_coding
dsbC,protein_coding
xerD,protein_coding
fldB,protein_coding
ygfX,protein_coding
sdhE,protein_coding
ygfZ,protein_coding
yqfA,protein_coding
yqfB,protein_coding
bglA,protein_coding
ygfF,protein_coding
gcvP,protein_coding
gcvH,protein_coding
gcvT,protein_coding
yqfI,protein_coding
ubiI,protein_coding
ubiH,protein_coding
pepP,protein_coding
ygfB,protein_coding
zapA,protein_coding
ssrS,ncRNA
fau,protein_coding
sibC,ncRNA
ibsC,protein_coding
serA,protein_coding
rpiA,protein_coding
yqfE,pseudogene
argP,protein_coding
scpA,protein_coding
argK,protein_coding
scpB,protein_coding
scpC,protein_coding
ygfI,protein_coding
yggE,protein_coding
argO,protein_coding
mscS,protein_coding
fbaA,protein_coding
pgk,protein_coding
epd,protein_coding
yggC,protein_coding
fumE,protein_coding
yggF,protein_coding
yggP,protein_coding
cmtA,protein_coding
cmtB,protein_coding
tktA,protein_coding
loiP,protein_coding
speB,protein_coding
speA,protein_coding
yqgB,protein_coding
yqgG,protein_coding
yqgC,protein_coding
yqgD,protein_coding
metK,protein_coding
galP,protein_coding
yggI,protein_coding
endA,protein_coding
rsmE,protein_coding
gshB,protein_coding
yqgE,protein_coding
yqgF,protein_coding
yggR,protein_coding
yggS,protein_coding
yggT,protein_coding
yggU,protein_coding
rdgB,protein_coding
hemW,protein_coding
yggM,protein_coding
ansB,protein_coding
yggN,protein_coding
yggL,protein_coding
trmB,protein_coding
mutY,protein_coding
yggX,protein_coding
mltC,protein_coding
nupG,protein_coding
speC,protein_coding
yqgH,protein_coding
yqgA,protein_coding
pheV,tRNA
yghD,protein_coding
yghE,protein_coding
yqhJ,protein_coding
yghF,protein_coding
yghG,protein_coding
pppA,protein_coding
yghJ,protein_coding
glcA,protein_coding
glcB,protein_coding
glcG,protein_coding
glcF,protein_coding
glcE,protein_coding
glcD,protein_coding
glcC,protein_coding
yghO,protein_coding
insH9,protein_coding
yghQ,protein_coding
yghR,protein_coding
yghS,protein_coding
yghT,protein_coding
pitB,protein_coding
gss,protein_coding
yghU,protein_coding
hybG,protein_coding
hybF,protein_coding
hybE,protein_coding
hybD,protein_coding
hybC,protein_coding
hybB,protein_coding
hybA,protein_coding
hybO,protein_coding
yghW,protein_coding
yghX,pseudogene
yqhI,protein_coding
gpr,protein_coding
yqhA,protein_coding
yghA,protein_coding
exbD,protein_coding
exbB,protein_coding
metC,protein_coding
yghB,protein_coding
yqhC,protein_coding
yqhD,protein_coding
dkgA,protein_coding
yqhG,protein_coding
yqhH,protein_coding
ygiQ,protein_coding
ftsP,protein_coding
plsC,protein_coding
parC,protein_coding
ygiS,protein_coding
mqsA,protein_coding
mqsR,protein_coding
ygiV,protein_coding
ygiW,protein_coding
qseB,protein_coding
qseC,protein_coding
ygiZ,protein_coding
mdaB,protein_coding
ygiN,protein_coding
parE,protein_coding
yqiA,protein_coding
cpdA,protein_coding
yqiB,protein_coding
nudF,protein_coding
tolC,protein_coding
ygiB,protein_coding
ygiC,protein_coding
ygiD,protein_coding
zupT,protein_coding
yqiD,protein_coding
ribB,protein_coding
ubiK,protein_coding
ygiL,protein_coding
yqiG,pseudogene
insC5,protein_coding
insD5,protein_coding
yqiH,protein_coding
yqiI,protein_coding
glgS,protein_coding
yqiJ,protein_coding
yqiK,protein_coding
sibD,ncRNA
ibsD,protein_coding
sibE,ncRNA
ibsE,protein_coding
hldE,protein_coding
glnE,protein_coding
ygiF,protein_coding
ygiM,protein_coding
cca,protein_coding
bacA,protein_coding
folB,protein_coding
plsY,protein_coding
ttdR,protein_coding
ttdA,protein_coding
ttdB,protein_coding
ttdT,protein_coding
tsaD,protein_coding
rpsU,protein_coding
dnaG,protein_coding
rpoD,protein_coding
mug,protein_coding
ileX,tRNA
nfeF,protein_coding
nfeR,protein_coding
aer,protein_coding
patA,protein_coding
ygjH,protein_coding
ebgR,protein_coding
ebgA,protein_coding
ebgC,protein_coding
ygjI,protein_coding
ygjJ,protein_coding
ygjK,protein_coding
fadH,protein_coding
higA,protein_coding
higB,protein_coding
rlmG,protein_coding
ygjP,protein_coding
ygjQ,protein_coding
ygjR,protein_coding
alx,protein_coding
sstT,protein_coding
ygjV,protein_coding
uxaA,protein_coding
uxaC,protein_coding
exuT,protein_coding
exuR,protein_coding
yqiM,protein_coding
yqjA,protein_coding
mzrA,protein_coding
yqjC,protein_coding
yqjD,protein_coding
yqjE,protein_coding
yqjK,protein_coding
yqjF,protein_coding
yqjG,protein_coding
yhaH,protein_coding
yhaI,protein_coding
yhaJ,protein_coding
yhaK,protein_coding
yhaL,protein_coding
cyuA,protein_coding
cyuP,protein_coding
tdcG,protein_coding
tdcF,protein_coding
tdcE,protein_coding
tdcD,protein_coding
tdcC,protein_coding
tdcB,protein_coding
tdcA,protein_coding
tdcR,protein_coding
yhaB,protein_coding
yhaC,protein_coding
rnpB,ncRNA
garK,protein_coding
garR,protein_coding
garL,protein_coding
garP,protein_coding
garD,protein_coding
prlF,protein_coding
yhaV,protein_coding
agaR,protein_coding
kbaZ,protein_coding
agaV,protein_coding
agaW,pseudogene
agaA,pseudogene
agaS,protein_coding
kbaY,protein_coding
agaB,protein_coding
agaC,protein_coding
agaD,protein_coding
agaI,protein_coding
yraH,protein_coding
yraI,protein_coding
yraJ,protein_coding
yraK,protein_coding
rsmI,protein_coding
lpoA,protein_coding
yraN,protein_coding
diaA,protein_coding
yraP,protein_coding
yraQ,protein_coding
yraR,protein_coding
yhbO,protein_coding
yhbP,protein_coding
yhbQ,protein_coding
yhbS,protein_coding
ubiT,protein_coding
ubiU,protein_coding
ubiV,protein_coding
yhbW,protein_coding
mtr,protein_coding
deaD,protein_coding
yrbN,protein_coding
nlpI,protein_coding
pnp,protein_coding
sraG,ncRNA
rpsO,protein_coding
truB,protein_coding
rbfA,protein_coding
infB,protein_coding
nusA,protein_coding
rimP,protein_coding
metY,tRNA
argG,protein_coding
yhbX,protein_coding
leuU,tRNA
secG,protein_coding
glmM,protein_coding
folP,protein_coding
ftsH,protein_coding
rlmE,protein_coding
yhbY,protein_coding
greA,protein_coding
dacB,protein_coding
obgE,protein_coding
yhbE,protein_coding
rpmA,protein_coding
rplU,protein_coding
ispB,protein_coding
sfsB,protein_coding
murA,protein_coding
ibaG,protein_coding
mlaB,protein_coding
mlaC,protein_coding
mlaD,protein_coding
mlaE,protein_coding
mlaF,protein_coding
yrbG,protein_coding
kdsD,protein_coding
kdsC,protein_coding
lptC,protein_coding
lptA,protein_coding
lptB,protein_coding
rpoN,protein_coding
hpf,protein_coding
ptsN,protein_coding
rapZ,protein_coding
npr,protein_coding
yrbL,protein_coding
mtgA,protein_coding
elbB,protein_coding
arcZ,ncRNA
arcB,protein_coding
yhcC,protein_coding
gltB,protein_coding
gltD,protein_coding
gltF,protein_coding
yhcA,protein_coding
yhcD,protein_coding
yhcE,pseudogene
insH10,protein_coding
yhcF,protein_coding
yhcG,protein_coding
yhcH,protein_coding
nanK,protein_coding
nanE,protein_coding
nanT,protein_coding
nanA,protein_coding
nanR,protein_coding
dcuD,protein_coding
sspB,protein_coding
sspA,protein_coding
rpsI,protein_coding
rplM,protein_coding
zapE,protein_coding
yhcB,protein_coding
degQ,protein_coding
degS,protein_coding
mdh,protein_coding
argR,protein_coding
yhcN,protein_coding
yhcO,protein_coding
aaeB,protein_coding
aaeA,protein_coding
aaeX,protein_coding
aaeR,protein_coding
tldD,protein_coding
yhdP,protein_coding
rng,protein_coding
yhdE,protein_coding
mreD,protein_coding
mreC,protein_coding
mreB,protein_coding
csrD,protein_coding
yhdH,protein_coding
yrdF,pseudogene
yrdE,pseudogene
accB,protein_coding
accC,protein_coding
yhdT,protein_coding
panF,protein_coding
prmA,protein_coding
dusB,protein_coding
fis,protein_coding
yhdJ,protein_coding
yhdU,protein_coding
envR,protein_coding
acrE,protein_coding
acrF,protein_coding
yhdV,protein_coding
yhdW,pseudogene
yhdX,protein_coding
yhdY,protein_coding
yhdZ,protein_coding
rrfF,rRNA
thrV,tRNA
rrfD,rRNA
rrlD,rRNA
alaU,tRNA
ileU,tRNA
rrsD,rRNA
yrdA,protein_coding
yrdB,protein_coding
aroE,protein_coding
tsaC,protein_coding
yrdD,protein_coding
smg,protein_coding
smf,protein_coding
def,protein_coding
fmt,protein_coding
rsmB,protein_coding
trkA,protein_coding
mscL,protein_coding
arfA,protein_coding
zntR,protein_coding
yhdN,protein_coding
rplQ,protein_coding
rpoA,protein_coding
rpsD,protein_coding
rpsK,protein_coding
rpsM,protein_coding
rpmJ,protein_coding
secY,protein_coding
rplO,protein_coding
rpmD,protein_coding
rpsE,protein_coding
rplR,protein_coding
rplF,protein_coding
rpsH,protein_coding
rpsN,protein_coding
rplE,protein_coding
rplX,protein_coding
rplN,protein_coding
rpsQ,protein_coding
rpmC,protein_coding
rplP,protein_coding
rpsC,protein_coding
rplV,protein_coding
rpsS,protein_coding
rplB,protein_coding
rplW,protein_coding
rplD,protein_coding
rplC,protein_coding
rpsJ,protein_coding
gspB,protein_coding
gspA,protein_coding
gspC,protein_coding
gspD,protein_coding
gspE,protein_coding
gspF,protein_coding
gspG,protein_coding
gspH,protein_coding
gspI,protein_coding
gspJ,protein_coding
gspK,protein_coding
gspL,protein_coding
gspM,protein_coding
gspO,protein_coding
bfr,protein_coding
bfd,protein_coding
chiA,protein_coding
tufA,protein_coding
fusA,protein_coding
rpsG,protein_coding
rpsL,protein_coding
tusB,protein_coding
tusC,protein_coding
tusD,protein_coding
yheO,protein_coding
fkpA,protein_coding
slyX,protein_coding
slyD,protein_coding
yheV,protein_coding
kefB,protein_coding
kefG,protein_coding
yheS,protein_coding
yheT,protein_coding
yheU,protein_coding
prkB,protein_coding
yhfA,protein_coding
crp,protein_coding
yhfK,protein_coding
argD,protein_coding
pabA,protein_coding
fic,protein_coding
yhfG,protein_coding
ppiA,protein_coding
tsgA,protein_coding
nirB,protein_coding
nirD,protein_coding
nirC,protein_coding
cysG,protein_coding
yhfL,protein_coding
frlA,protein_coding
frlB,protein_coding
frlC,protein_coding
frlD,protein_coding
frlR,protein_coding
yhfS,protein_coding
yhfT,protein_coding
yhfU,protein_coding
php,protein_coding
yhfW,protein_coding
yhfX,protein_coding
yhfY,protein_coding
yhfZ,protein_coding
trpS,protein_coding
gph,protein_coding
rpe,protein_coding
dam,protein_coding
damX,protein_coding
aroB,protein_coding
aroK,protein_coding
hofQ,protein_coding
hofP,protein_coding
hofO,protein_coding
hofN,protein_coding
hofM,protein_coding
mrcA,protein_coding
nudE,protein_coding
igaA,protein_coding
yrfG,protein_coding
hslR,protein_coding
hslO,protein_coding
yhgE,protein_coding
pck,protein_coding
envZ,protein_coding
ompR,protein_coding
greB,protein_coding
yhgF,protein_coding
feoA,protein_coding
feoB,protein_coding
feoC,protein_coding
rpnA,protein_coding
bioH,protein_coding
yhgH,protein_coding
nfuA,protein_coding
gntT,protein_coding
malQ,protein_coding
malP,protein_coding
malT,protein_coding
rtcA,protein_coding
rtcB,protein_coding
rtcR,protein_coding
glpR,pseudogene
glpG,protein_coding
glpE,protein_coding
glpD,protein_coding
yzgL,protein_coding
glgP,protein_coding
glgA,protein_coding
glgC,protein_coding
glgX,protein_coding
glgB,protein_coding
yhgO,protein_coding
yhgP,protein_coding
asd,protein_coding
yhgN,protein_coding
gntU,protein_coding
gntK,protein_coding
gntR,protein_coding
yhhW,protein_coding
yhhX,protein_coding
ryhB,ncRNA
yhhY,protein_coding
yhhZ,protein_coding
yrhA,pseudogene
insA6,protein_coding
insB6,protein_coding
yrhD,protein_coding
yrhB,protein_coding
ggt,protein_coding
yhhA,protein_coding
ugpQ,protein_coding
ugpC,protein_coding
ugpE,protein_coding
ugpA,protein_coding
ugpB,protein_coding
livF,protein_coding
livG,protein_coding
livM,protein_coding
livH,protein_coding
livK,protein_coding
panZ,protein_coding
livJ,protein_coding
rpoH,protein_coding
ftsX,protein_coding
ftsE,protein_coding
ftsY,protein_coding
rsmD,protein_coding
yhhL,protein_coding
yhhM,protein_coding
yhhN,protein_coding
zntA,protein_coding
tusA,protein_coding
yhhQ,protein_coding
dcrB,protein_coding
yhhS,protein_coding
yhhT,protein_coding
acpT,protein_coding
nikA,protein_coding
nikB,protein_coding
nikC,protein_coding
nikD,protein_coding
nikE,protein_coding
nikR,protein_coding
rhsB,protein_coding
yhhH,protein_coding
yrhC,pseudogene
yhhI,protein_coding
yhhJ,protein_coding
rbbA,protein_coding
yhiI,protein_coding
yhiY,protein_coding
yhiJ,protein_coding
yhiL,pseudogene
yhiM,protein_coding
yhiN,protein_coding
pitA,protein_coding
uspB,protein_coding
uspA,protein_coding
yriA,protein_coding
yriB,protein_coding
dtpB,protein_coding
rsmJ,protein_coding
prlC,protein_coding
rlmJ,protein_coding
gor,protein_coding
dinQ,protein_coding
agrA,ncRNA
agrB,ncRNA
arsR,protein_coding
arsB,protein_coding
arsC,protein_coding
yhiS,pseudogene
insH11,protein_coding
slp,protein_coding
dctR,protein_coding
yhiD,protein_coding
hdeB,protein_coding
hdeA,protein_coding
hdeD,protein_coding
arrS,ncRNA
gadE,protein_coding
gadF,ncRNA
mdtE,protein_coding
mdtF,protein_coding
gadW,protein_coding
gadY,ncRNA
gadX,protein_coding
gadA,protein_coding
ccp,protein_coding
treF,protein_coding
yhjB,protein_coding
rcdB,protein_coding
yhjD,protein_coding
yhjE,protein_coding
yhjG,protein_coding
pdeH,protein_coding
kdgK,protein_coding
yhjJ,protein_coding
dctA,protein_coding
pdeK,protein_coding
bcsC,protein_coding
bcsZ,protein_coding
bcsB,protein_coding
bcsA,protein_coding
bcsQ,pseudogene
yhjR,protein_coding
bcsE,protein_coding
bcsF,protein_coding
bcsG,protein_coding
ldrD,protein_coding
rdlD,ncRNA
yhjV,protein_coding
dppF,protein_coding
dppD,protein_coding
dppC,protein_coding
dppB,protein_coding
dppA,protein_coding
proK,tRNA
eptB,protein_coding
yhjX,protein_coding
yhjY,protein_coding
tag,protein_coding
yiaC,protein_coding
bisC,protein_coding
yiaD,protein_coding
ghrB,protein_coding
yiaF,protein_coding
yiaG,protein_coding
cspA,protein_coding
ysaE,protein_coding
mokA,pseudogene
hokA,protein_coding
insJ,protein_coding
insK,protein_coding
sokA,pseudogene
glyS,protein_coding
glyQ,protein_coding
ysaB,protein_coding
wecH,protein_coding
yiaA,protein_coding
yiaB,protein_coding
xylB,protein_coding
xylA,protein_coding
xylF,protein_coding
xylG,protein_coding
xylH,protein_coding
xylR,protein_coding
bax,protein_coding
baxL,protein_coding
malS,protein_coding
avtA,protein_coding
ysaA,protein_coding
plaR,protein_coding
yiaK,protein_coding
yiaL,protein_coding
yiaM,protein_coding
yiaN,protein_coding
yiaO,protein_coding
lyxK,protein_coding
sgbH,protein_coding
sgbU,protein_coding
sgbE,protein_coding
ysaC,pseudogene
ysaD,pseudogene
yiaT,protein_coding
yiaU,protein_coding
yiaV,protein_coding
yiaW,protein_coding
aldB,protein_coding
yiaY,protein_coding
selB,protein_coding
selA,protein_coding
yibF,protein_coding
rhsA,protein_coding
yibA,protein_coding
yibJ,pseudogene
yibG,protein_coding
yibS,pseudogene
yibW,pseudogene
yibV,protein_coding
yibU,pseudogene
yibH,protein_coding
yibI,protein_coding
mtlA,protein_coding
mtlD,protein_coding
mtlR,protein_coding
yibT,protein_coding
yibL,protein_coding
lldP,protein_coding
lldR,protein_coding
lldD,protein_coding
trmL,protein_coding
cysE,protein_coding
gpsA,protein_coding
secB,protein_coding
grxC,protein_coding
yibN,protein_coding
gpmM,protein_coding
envC,protein_coding
yibQ,protein_coding
waaH,protein_coding
tdh,protein_coding
kbl,protein_coding
htrL,protein_coding
rfaD,protein_coding
waaF,protein_coding
waaC,protein_coding
waaL,protein_coding
yibX,protein_coding
yibY,protein_coding
waaU,protein_coding
waaZ,protein_coding
waaY,protein_coding
waaJ,protein_coding
waaO,protein_coding
waaB,protein_coding
waaS,protein_coding
waaP,protein_coding
waaG,protein_coding
waaQ,protein_coding
rirA,ncRNA
waaA,protein_coding
coaD,protein_coding
mutM,protein_coding
rpmG,protein_coding
rpmB,protein_coding
yicR,protein_coding
dfp,protein_coding
dut,protein_coding
slmA,protein_coding
pyrE,protein_coding
rph,protein_coding
yicC,protein_coding
dinD,protein_coding
yicG,protein_coding
ligB,protein_coding
gmk,protein_coding
rpoZ,protein_coding
spoT,protein_coding
trmH,protein_coding
recG,protein_coding
gltS,protein_coding
xanP,protein_coding
yicH,protein_coding
yicI,protein_coding
yicJ,protein_coding
selC,tRNA
yicT,pseudogene
setC,protein_coding
yicL,protein_coding
yicU,protein_coding
nlpA,protein_coding
yicS,protein_coding
nepI,protein_coding
yicN,protein_coding
adeQ,protein_coding
adeD,protein_coding
uhpT,protein_coding
uhpC,protein_coding
uhpB,protein_coding
uhpA,protein_coding
ilvN,protein_coding
ilvB,protein_coding
ivbL,protein_coding
istR,ncRNA
tisB,protein_coding
ysdE,protein_coding
emrD,protein_coding
yidF,protein_coding
yidG,protein_coding
yidH,protein_coding
yidI,protein_coding
yidJ,protein_coding
yidK,protein_coding
yidL,protein_coding
ysdC,pseudogene
glvG,protein_coding
glvB,protein_coding
glvC,protein_coding
yidP,protein_coding
yidE,protein_coding
ibpB,protein_coding
ibpA,protein_coding
yidQ,protein_coding
yidR,protein_coding
cbrA,protein_coding
dgoT,protein_coding
dgoD,protein_coding
dgoA,protein_coding
dgoK,protein_coding
dgoR,protein_coding
yidX,protein_coding
yidA,protein_coding
yidB,protein_coding
gyrB,protein_coding
recF,protein_coding
dnaN,protein_coding
dnaA,protein_coding
ysdD,protein_coding
rpmH,protein_coding
rnpA,protein_coding
yidD,protein_coding
yidC,protein_coding
mnmE,protein_coding
tnaC,protein_coding
tnaA,protein_coding
tnaB,protein_coding
mdtL,protein_coding
yidZ,protein_coding
yieE,protein_coding
yieF,protein_coding
adeP,protein_coding
yieH,protein_coding
cbrB,protein_coding
cbrC,protein_coding
yieK,protein_coding
yieL,protein_coding
bglH,protein_coding
bglB,protein_coding
bglF,protein_coding
bglG,protein_coding
phoU,protein_coding
pstB,protein_coding
pstA,protein_coding
pstC,protein_coding
pstS,protein_coding
glmS,protein_coding
glmU,protein_coding
atpC,protein_coding
atpD,protein_coding
atpG,protein_coding
atpA,protein_coding
atpH,protein_coding
atpF,protein_coding
atpE,protein_coding
atpB,protein_coding
atpI,protein_coding
rsmG,protein_coding
mnmG,protein_coding
mioC,protein_coding
asnC,protein_coding
asnA,protein_coding
viaA,protein_coding
ravA,protein_coding
kup,protein_coding
rbsD,protein_coding
rbsA,protein_coding
rbsC,protein_coding
rbsB,protein_coding
rbsK,protein_coding
rbsR,protein_coding
hsrA,protein_coding
yieP,protein_coding
rrsC,rRNA
gltU,tRNA
rrlC,rRNA
rrfC,rRNA
aspT,tRNA
trpT,tRNA
hdfR,protein_coding
maoP,protein_coding
yifB,protein_coding
ilvL,protein_coding
ilvX,protein_coding
ilvG,pseudogene
ilvM,protein_coding
ilvE,protein_coding
ilvD,protein_coding
ilvA,protein_coding
ilvY,protein_coding
ilvC,protein_coding
ppiC,protein_coding
yifN,pseudogene
rep,protein_coding
gpp,protein_coding
rhlB,protein_coding
trxA,protein_coding
rhoL,protein_coding
rho,protein_coding
rfe,protein_coding
wzzE,protein_coding
wecB,protein_coding
wecC,protein_coding
rffG,protein_coding
rffH,protein_coding
rffC,protein_coding
wecE,protein_coding
wzxE,protein_coding
wecF,protein_coding
wzyE,protein_coding
rffM,protein_coding
yifK,protein_coding
argX,tRNA
hisR,tRNA
leuT,tRNA
proM,tRNA
aslB,protein_coding
aslA,protein_coding
glmZ,ncRNA
hemY,protein_coding
hemX,protein_coding
hemD,protein_coding
hemC,protein_coding
cyaA,protein_coding
cyaY,protein_coding
yzcX,protein_coding
yifL,protein_coding
dapF,protein_coding
yigA,protein_coding
xerC,protein_coding
yigB,protein_coding
uvrD,protein_coding
yigE,protein_coding
ysgD,protein_coding
corA,protein_coding
yigF,protein_coding
yigG,protein_coding
rarD,protein_coding
yigI,protein_coding
pldA,protein_coding
recQ,protein_coding
rhtC,protein_coding
rhtB,protein_coding
pldB,protein_coding
yigL,protein_coding
bioP,protein_coding
metR,protein_coding
metE,protein_coding
ysgA,protein_coding
udp,protein_coding
rmuC,protein_coding
ubiE,protein_coding
ubiJ,protein_coding
esrE,ncRNA
ubiB,protein_coding
tatA,protein_coding
tatB,protein_coding
tatC,protein_coding
tatD,protein_coding
rfaH,protein_coding
ubiD,protein_coding
fre,protein_coding
fadA,protein_coding
fadB,protein_coding
pepQ,protein_coding
yigZ,protein_coding
trkH,protein_coding
hemG,protein_coding
rrsA,rRNA
ileT,tRNA
alaT,tRNA
rrlA,rRNA
rrfA,rRNA
mobB,protein_coding
mobA,protein_coding
yihD,protein_coding
srkA,protein_coding
dsbA,protein_coding
yihF,protein_coding
yihG,protein_coding
polA,protein_coding
spf,ncRNA
yihA,protein_coding
csrC,ncRNA
yihI,protein_coding
hemN,protein_coding
yshB,protein_coding
glnG,protein_coding
glnL,protein_coding
glnA,protein_coding
bipA,protein_coding
yihL,protein_coding
yihM,protein_coding
yihN,protein_coding
ompL,protein_coding
yihO,protein_coding
yihP,protein_coding
yihQ,protein_coding
yihR,protein_coding
yihS,protein_coding
yihT,protein_coding
yihU,protein_coding
yihV,protein_coding
csqR,protein_coding
yihX,protein_coding
yihY,protein_coding
dtd,protein_coding
fabY,protein_coding
yiiE,protein_coding
yiiF,protein_coding
fdhE,protein_coding
fdoI,protein_coding
fdoH,protein_coding
fdoG,protein_coding
fdhD,protein_coding
yiiG,protein_coding
frvR,protein_coding
frvX,protein_coding
frvB,protein_coding
frvA,protein_coding
rhaM,protein_coding
rhaD,protein_coding
rhaA,protein_coding
rhaB,protein_coding
rhaS,protein_coding
rhaR,protein_coding
rhaT,protein_coding
sodA,protein_coding
kdgT,protein_coding
yiiM,protein_coding
cpxA,protein_coding
cpxR,protein_coding
cpxP,protein_coding
cpxQ,ncRNA
fieF,protein_coding
pfkA,protein_coding
sbp,protein_coding
cdh,protein_coding
tpiA,protein_coding
yiiQ,protein_coding
yiiR,protein_coding
yiiS,protein_coding
uspD,protein_coding
fpr,protein_coding
glpX,protein_coding
glpK,protein_coding
glpF,protein_coding
zapB,protein_coding
rraA,protein_coding
menA,protein_coding
hslU,protein_coding
hslV,protein_coding
ftsN,protein_coding
cytR,protein_coding
priA,protein_coding
rpmE,protein_coding
yiiX,protein_coding
metJ,protein_coding
metB,protein_coding
metL,protein_coding
metF,protein_coding
katG,protein_coding
yijE,protein_coding
yijF,protein_coding
gldA,protein_coding
fsaB,protein_coding
ptsA,protein_coding
frwC,protein_coding
frwB,protein_coding
pflD,protein_coding
pflC,protein_coding
frwD,protein_coding
yijO,protein_coding
eptC,protein_coding
ppc,protein_coding
argE,protein_coding
argC,protein_coding
argB,protein_coding
argH,protein_coding
oxyS,ncRNA
oxyR,protein_coding
sthA,protein_coding
fabR,protein_coding
yijD,protein_coding
trmA,protein_coding
btuB,protein_coding
murI,protein_coding
rrsB,rRNA
gltT,tRNA
rrlB,rRNA
rrfB,rRNA
murB,protein_coding
birA,protein_coding
coaA,protein_coding
thrU,tRNA
tyrU,tRNA
glyT,tRNA
thrT,tRNA
tufB,protein_coding
secE,protein_coding
nusG,protein_coding
rplK,protein_coding
rplA,protein_coding
rplJ,protein_coding
rplL,protein_coding
rpoB,protein_coding
rpoC,protein_coding
yjaZ,protein_coding
sroH,ncRNA
thiH,protein_coding
thiG,protein_coding
thiS,protein_coding
thiF,protein_coding
thiE,protein_coding
thiC,protein_coding
rsd,protein_coding
nudC,protein_coding
hemE,protein_coding
nfi,protein_coding
yjaG,protein_coding
hupA,protein_coding
yjaH,protein_coding
zraP,protein_coding
zraS,protein_coding
zraR,protein_coding
purD,protein_coding
purH,protein_coding
rrsE,rRNA
gltV,tRNA
rrlE,rRNA
rrfE,rRNA
yjaA,protein_coding
yjaB,protein_coding
metA,protein_coding
aceB,protein_coding
aceA,protein_coding
aceK,protein_coding
arpA,protein_coding
iclR,protein_coding
metH,protein_coding
yjbB,protein_coding
pepE,protein_coding
rluF,protein_coding
yjbD,protein_coding
lysC,protein_coding
pgi,protein_coding
yjbE,protein_coding
yjbF,protein_coding
yjbG,protein_coding
yjbH,protein_coding
yjbT,protein_coding
psiE,protein_coding
xylE,protein_coding
malG,protein_coding
malF,protein_coding
malE,protein_coding
malK,protein_coding
lamB,protein_coding
malM,protein_coding
yjbI,pseudogene
ubiC,protein_coding
ubiA,protein_coding
plsB,protein_coding
dgkA,protein_coding
lexA,protein_coding
dinF,protein_coding
yjbJ,protein_coding
zur,protein_coding
yjbL,protein_coding
yjbM,protein_coding
dusA,protein_coding
pspG,protein_coding
pspH,ncRNA
qorA,protein_coding
dnaB,protein_coding
alr,protein_coding
tyrB,protein_coding
yjbS,protein_coding
aphA,protein_coding
yjbQ,protein_coding
yjbR,protein_coding
uvrA,protein_coding
ssb,protein_coding
yjcB,protein_coding
pdeC,protein_coding
soxS,protein_coding
soxR,protein_coding
ryjA,ncRNA
ghxP,protein_coding
yjcE,protein_coding
yjcF,protein_coding
actP,protein_coding
yjcH,protein_coding
acs,protein_coding
nrfA,protein_coding
nrfB,protein_coding
nrfC,protein_coding
nrfD,protein_coding
nrfE,protein_coding
nrfF,protein_coding
nrfG,protein_coding
gltP,protein_coding
yjcO,protein_coding
fdhF,protein_coding
mdtP,protein_coding
mdtO,protein_coding
mdtN,protein_coding
ytcA,protein_coding
yjcS,protein_coding
alsK,protein_coding
alsE,protein_coding
alsC,protein_coding
alsA,protein_coding
alsB,protein_coding
alsR,protein_coding
rpiB,protein_coding
yjdP,protein_coding
phnP,protein_coding
phnO,protein_coding
phnN,protein_coding
phnM,protein_coding
phnL,protein_coding
phnK,protein_coding
phnJ,protein_coding
phnI,protein_coding
phnH,protein_coding
phnG,protein_coding
phnF,protein_coding
phnE,pseudogene
phnD,protein_coding
phnC,protein_coding
yjdN,protein_coding
yjdM,protein_coding
rdcA,protein_coding
rdcB,protein_coding
proP,protein_coding
pmrR,protein_coding
basS,protein_coding
basR,protein_coding
eptA,protein_coding
adiC,protein_coding
adiY,protein_coding
adiA,protein_coding
melR,protein_coding
melA,protein_coding
melB,protein_coding
yjdF,protein_coding
fumB,protein_coding
dcuB,protein_coding
dcuR,protein_coding
dcuS,protein_coding
yjdI,protein_coding
yjdJ,protein_coding
ghoS,protein_coding
ghoT,protein_coding
lysU,protein_coding
dtpC,protein_coding
cadA,protein_coding
cadB,protein_coding
cadC,protein_coding
yjdQ,pseudogene
pheU,tRNA
yjdC,protein_coding
dsbD,protein_coding
cutA,protein_coding
dcuA,protein_coding
aspA,protein_coding
fxsA,protein_coding
yjeH,protein_coding
groS,protein_coding
groL,protein_coding
yjeI,protein_coding
yjeJ,protein_coding
epmB,protein_coding
efp,protein_coding
ecnA,protein_coding
ecnB,protein_coding
gdx,protein_coding
blc,protein_coding
ampC,protein_coding
frdD,protein_coding
frdC,protein_coding
frdB,protein_coding
frdA,protein_coding
epmA,protein_coding
yjeM,protein_coding
yjeN,protein_coding
yjeO,protein_coding
mscM,protein_coding
psd,protein_coding
rsgA,protein_coding
orn,protein_coding
glyV,tRNA
glyX,tRNA
glyY,tRNA
yjeV,protein_coding
queG,protein_coding
nnr,protein_coding
tsaE,protein_coding
amiB,protein_coding
mutL,protein_coding
miaA,protein_coding
hfq,protein_coding
hflX,protein_coding
hflK,protein_coding
hflC,protein_coding
yjeT,protein_coding
purA,protein_coding
nsrR,protein_coding
rnr,protein_coding
rlmB,protein_coding
yjfI,protein_coding
yjfJ,protein_coding
yjfK,protein_coding
yjfL,protein_coding
yjfM,protein_coding
yjfC,protein_coding
aidB,protein_coding
yjfN,protein_coding
bsmA,protein_coding
yjfP,protein_coding
ulaR,protein_coding
ulaG,protein_coding
ulaA,protein_coding
ulaB,protein_coding
ulaC,protein_coding
ulaD,protein_coding
ulaE,protein_coding
ulaF,protein_coding
yjfY,protein_coding
rpsF,protein_coding
priB,protein_coding
rpsR,protein_coding
rplI,protein_coding
yjfZ,protein_coding
ytfA,pseudogene
ytfB,protein_coding
fklB,protein_coding
cycA,protein_coding
ytfE,protein_coding
ytfF,protein_coding
qorB,protein_coding
ytfH,protein_coding
cpdB,protein_coding
cysQ,protein_coding
ytfI,protein_coding
ytfJ,protein_coding
ytfK,protein_coding
ytfL,protein_coding
msrA,protein_coding
tamA,protein_coding
tamB,protein_coding
ytfP,protein_coding
chpS,protein_coding
chpB,protein_coding
ppa,protein_coding
ytfQ,protein_coding
ytfR,protein_coding
ytfT,protein_coding
yjfF,protein_coding
fbp,protein_coding
mpl,protein_coding
yjgA,protein_coding
tldE,protein_coding
cybC,pseudogene
nrdG,protein_coding
nrdD,protein_coding
treC,protein_coding
treB,protein_coding
treR,protein_coding
mgtL,protein_coding
mgtA,protein_coding
ridA,protein_coding
pyrI,protein_coding
pyrB,protein_coding
pyrL,protein_coding
yjgH,protein_coding
bdcA,protein_coding
bdcR,protein_coding
tabA,protein_coding
yjgL,protein_coding
argI,protein_coding
rraB,protein_coding
yjgM,protein_coding
yjgN,protein_coding
valS,protein_coding
holC,protein_coding
pepA,protein_coding
ytgA,protein_coding
lptF,protein_coding
lptG,protein_coding
yjgR,protein_coding
idnR,protein_coding
idnT,protein_coding
idnO,protein_coding
idnD,protein_coding
idnK,protein_coding
ahr,protein_coding
leuX,tRNA
intB,pseudogene
insC6,protein_coding
insD6,protein_coding
yjgX,pseudogene
yjgZ,protein_coding
insG,protein_coding
nanX,protein_coding
nanY,protein_coding
ythA,protein_coding
yjhD,pseudogene
yjhE,pseudogene
insO,pseudogene
insI3,protein_coding
insM,pseudogene
yjhV,pseudogene
fecE,protein_coding
fecD,protein_coding
fecC,protein_coding
fecB,protein_coding
fecA,protein_coding
fecR,protein_coding
fecI,protein_coding
ykiE,protein_coding
insA7,protein_coding
insB7,pseudogene
yjhU,protein_coding
yjhF,protein_coding
yjhG,protein_coding
yjhH,protein_coding
yjhI,protein_coding
sgcR,protein_coding
sgcE,protein_coding
sgcA,protein_coding
ryjB,ncRNA
sgcQ,protein_coding
sgcC,protein_coding
sgcB,protein_coding
sgcX,protein_coding
yjhY,pseudogene
yjhP,protein_coding
yjhQ,protein_coding
topAI,protein_coding
yjhZ,pseudogene
yjhR,pseudogene
ythB,protein_coding
nanS,protein_coding
nanM,protein_coding
nanC,protein_coding
fimB,protein_coding
fimE,protein_coding
fimA,protein_coding
fimI,protein_coding
fimC,protein_coding
fimD,protein_coding
fimF,protein_coding
fimG,protein_coding
fimH,protein_coding
gntP,protein_coding
uxuA,protein_coding
uxuB,protein_coding
uxuR,protein_coding
yjiC,protein_coding
ytiC,protein_coding
ytiD,protein_coding
idlP,protein_coding
iraD,protein_coding
hypT,protein_coding
iadA,protein_coding
yjiG,protein_coding
yjiH,protein_coding
kptA,protein_coding
yjiJ,protein_coding
yjiK,protein_coding
ytiA,protein_coding
yjiL,protein_coding
yjiM,protein_coding
yjiN,protein_coding
mdtM,protein_coding
rpnD,pseudogene
yjiR,protein_coding
yjiS,protein_coding
yjiT,protein_coding
yjiV,pseudogene
mcrC,protein_coding
mcrB,protein_coding
symE,protein_coding
symR,ncRNA
hsdS,protein_coding
hsdM,protein_coding
hsdR,protein_coding
mrr,protein_coding
yjiA,protein_coding
yjiX,protein_coding
btsT,protein_coding
tsr,protein_coding
lgoT,protein_coding
lgoR,protein_coding
lgoD,protein_coding
opgB,protein_coding
yjjA,protein_coding
dnaC,protein_coding
dnaT,protein_coding
yjjB,protein_coding
yjjP,protein_coding
yjjQ,protein_coding
bglJ,protein_coding
fhuF,protein_coding
yjjZ,protein_coding
leuV,tRNA
leuP,tRNA
leuQ,tRNA
rsmC,protein_coding
holD,protein_coding
rimI,protein_coding
yjjG,protein_coding
prfC,protein_coding
osmY,protein_coding
ytjA,protein_coding
yjjU,protein_coding
yjjV,protein_coding
yjjW,protein_coding
yjjI,protein_coding
deoC,protein_coding
deoA,protein_coding
deoB,protein_coding
deoD,protein_coding
yjjJ,protein_coding
lplA,protein_coding
ytjB,protein_coding
serB,protein_coding
radA,protein_coding
nadR,protein_coding
ettA,protein_coding
slt,protein_coding
trpR,protein_coding
yjjX,protein_coding
ytjC,protein_coding
rob,protein_coding
creA,protein_coding
creB,protein_coding
creC,protein_coding
creD,protein_coding
arcA,protein_coding
yjjY,protein_coding
yjtD,protein_coding
tetR,protein_coding
ampR,protein_coding
YFP,protein_coding
GFP,protein_coding
mCherry,protein_coding
spc,protein_coding
kanR,protein_coding
camR,protein_coding
vapC,protein_coding
tmRNA,protein_coding
LELOBEKK,protein_coding
