,VAPC_T5_A,VAPC_T5_B,VAPC_T5_C
Unnamed: 1,3740.0,3569.0,3707.0
GFP,92488.0,89237.0,90070.0
INTR_alaXW,1032.0,1017.0,1043.0
LELOBEKK,12.0,14.0,25.0
LELOBEKK_appX,1.0,2.0,1.0
LELOBEKK_araC,0.0,0.0,1.0
LELOBEKK_atl,0.0,0.0,0.0
LELOBEKK_ccdA,0.0,1.0,0.0
LELOBEKK_fdoG,1.0,1.0,0.0
LELOBEKK_finO,0.0,0.0,1.0
LELOBEKK_flmC,0.0,0.0,0.0
LELOBEKK_galK,0.0,0.0,0.0
LELOBEKK_galT,0.0,0.0,0.0
LELOBEKK_gap,0.0,0.0,0.0
LELOBEKK_gpt,0.0,0.0,0.0
LELOBEKK_lacA,0.0,1.0,0.0
LELOBEKK_lacI,1.0,0.0,0.0
LELOBEKK_lacY,0.0,1.0,0.0
LELOBEKK_lacZ,0.0,0.0,0.0
LELOBEKK_lexA,0.0,1.0,0.0
LELOBEKK_malE,0.0,0.0,1.0
LELOBEKK_mpaA,1.0,1.0,2.0
LELOBEKK_pheS,0.0,1.0,1.0
LELOBEKK_psiB,0.0,0.0,0.0
LELOBEKK_rpsL,0.0,0.0,0.0
LELOBEKK_sgrT,3.0,0.0,0.0
LELOBEKK_tisB,2.0,0.0,0.0
LELOBEKK_traJ,0.0,0.0,0.0
LELOBEKK_traQ,0.0,0.0,0.0
LELOBEKK_traY,0.0,0.0,0.0
LELOBEKK_trpA,0.0,0.0,0.0
LELOBEKK_trxA,0.0,0.0,0.0
LELOBEKK_uidA,0.0,0.0,0.0
LELOBEKK_yedR,0.0,0.0,0.0
LELOBEKK_ylpA,0.0,0.0,1.0
LELOBEKK_yneM,0.0,0.0,0.0
LELOBEKK_ynhF,0.0,1.0,0.0
LELOBEKK_yshB,2.0,0.0,0.0
LELOBEKKtfaE,0.0,0.0,1.0
LacI,185524.0,184532.0,185005.0
MS2_fwd,0.0,2.0,1.0
YFP,1.0,2.0,5.0
aaeA,101.0,105.0,111.0
aaeB,82.0,69.0,83.0
aaeR,99.0,100.0,115.0
aaeX,0.0,4.0,4.0
aas,128.0,142.0,126.0
aat,30.0,36.0,36.0
abgA,0.0,0.0,0.0
abgB,81.0,91.0,54.0
abgR,93.0,92.0,95.0
abgT,84.0,94.0,87.0
abrB,7.0,5.0,8.0
accA,288.0,301.0,256.0
accB,172.0,143.0,128.0
accC,92.0,71.0,105.0
accD,14.0,17.0,15.0
aceA,154.0,125.0,146.0
aceB,105.0,103.0,125.0
aceE,141.0,150.0,117.0
aceF,236.0,186.0,241.0
aceK,46.0,49.0,51.0
ackA,116.0,143.0,108.0
acnA,100.0,97.0,91.0
acnB,44.0,50.0,57.0
acpH,1.0,0.0,0.0
acpP,506.0,478.0,538.0
acpS,2.0,0.0,0.0
acpT,7.0,2.0,7.0
acrA,24.0,29.0,25.0
acrB,34.0,34.0,33.0
acrD,20.0,19.0,18.0
acrE,21.0,10.0,6.0
acrF,109.0,103.0,122.0
acrR,228.0,235.0,198.0
acs,76.0,71.0,88.0
actP,22.0,10.0,17.0
ada,1.0,1.0,1.0
add,32.0,24.0,36.0
ade,43.0,48.0,50.0
adhE,98.0,105.0,101.0
adhP,208.0,200.0,186.0
adiA,71.0,64.0,60.0
adiC,26.0,27.0,27.0
adiY,73.0,78.0,72.0
adk,1.0,2.0,3.0
aegA,33.0,43.0,49.0
aer,0.0,1.0,0.0
aes,28.0,31.0,26.0
afuB,23.0,25.0,25.0
afuC,49.0,60.0,52.0
agaA,0.0,0.0,1.0
agaB,54.0,55.0,64.0
agaC,17.0,17.0,25.0
agaD,44.0,44.0,45.0
agaI,25.0,37.0,38.0
agaR,0.0,0.0,0.0
agaS,1.0,5.0,1.0
agaV,12.0,10.0,15.0
agaW,0.0,0.0,0.0
agp,82.0,87.0,64.0
ahpC,232.0,231.0,235.0
ahpF,67.0,57.0,66.0
aidB,41.0,52.0,47.0
ais,89.0,85.0,91.0
alaS,154.0,149.0,162.0
alaw,26069.0,25342.0,26430.0
aldA,177.0,175.0,152.0
aldB,1.0,4.0,1.0
alkA,0.0,0.0,0.0
alkB,23.0,33.0,24.0
allA,47.0,52.0,37.0
allB,53.0,52.0,66.0
allC,75.0,103.0,72.0
allD,31.0,21.0,19.0
allR,130.0,139.0,126.0
alpA,1.0,1.0,0.0
alr,80.0,100.0,75.0
alsA,78.0,66.0,82.0
alsB,139.0,129.0,128.0
alsC,15.0,21.0,18.0
alsE,11.0,11.0,13.0
alsK,15.0,17.0,24.0
alx,23.0,18.0,26.0
amiA,229.0,232.0,251.0
amiB,203.0,164.0,158.0
amiC,1.0,1.0,1.0
amn,42.0,50.0,49.0
ampC,35.0,45.0,43.0
ampD,0.0,0.0,1.0
ampE,178.0,143.0,149.0
ampG,73.0,76.0,85.0
ampH,34.0,22.0,14.0
ampR,13972.0,13724.0,14384.0
amtB,1.0,0.0,0.0
amyA,96.0,108.0,79.0
anmK,20.0,27.0,19.0
ansA,58.0,65.0,58.0
ansB,85.0,100.0,105.0
ansP,38.0,24.0,27.0
apaG,26.0,28.0,28.0
apaH,32.0,38.0,29.0
aphA,130.0,127.0,123.0
appA,85.0,76.0,71.0
appB,31.0,20.0,20.0
appC,44.0,35.0,41.0
appY,10.0,6.0,15.0
apt,3.0,1.0,5.0
aqpZ,21.0,19.0,16.0
araA,0.0,0.0,0.0
araB,5.0,13.0,3.0
araD,6.0,3.0,3.0
araE,4.0,3.0,1.0
araF,82.0,77.0,84.0
araG,123.0,85.0,90.0
araH,7.0,8.0,10.0
araJ,46.0,50.0,45.0
arcA,82.0,91.0,98.0
arcB,106.0,113.0,101.0
argA,86.0,102.0,109.0
argB,1.0,0.0,2.0
argC,39.0,33.0,50.0
argD,185.0,168.0,192.0
argE,65.0,47.0,40.0
argF,6.0,4.0,9.0
argG,101.0,103.0,115.0
argH,33.0,23.0,24.0
argI,27.0,47.0,40.0
argK,2.0,0.0,0.0
argO,39.0,37.0,34.0
argP,1.0,1.0,1.0
argR,102.0,101.0,94.0
argS,65.0,72.0,77.0
argT,11.0,11.0,20.0
arnA,67.0,82.0,80.0
arnB,55.0,41.0,39.0
arnC,35.0,45.0,27.0
arnT,140.0,167.0,154.0
aroA,144.0,132.0,121.0
aroB,7.0,9.0,10.0
aroC,0.0,0.0,2.0
aroD,52.0,46.0,66.0
aroE,57.0,47.0,50.0
aroF,128.0,148.0,174.0
aroG,41.0,35.0,40.0
aroH,73.0,82.0,79.0
aroK,119.0,128.0,107.0
aroL,0.0,0.0,0.0
aroM,270.0,252.0,256.0
aroP,128.0,136.0,125.0
arpA,52.0,75.0,73.0
arpB,136.0,106.0,137.0
arsB,27.0,23.0,25.0
arsC,12.0,10.0,7.0
arsR,0.0,0.0,0.0
artI,109.0,103.0,104.0
artJ,45.0,62.0,58.0
artM,35.0,41.0,34.0
artP,2.0,0.0,0.0
artQ,27.0,25.0,23.0
ascB,94.0,103.0,87.0
ascF,14.0,26.0,21.0
ascG,26.0,26.0,39.0
asd,73.0,72.0,66.0
aslA,90.0,76.0,81.0
aslB,44.0,61.0,77.0
asmA,139.0,124.0,118.0
asnA,9.0,3.0,2.0
asnB,50.0,42.0,48.0
asnC,2.0,8.0,6.0
asnS,4.0,2.0,1.0
aspA,91.0,82.0,108.0
aspC,80.0,73.0,68.0
aspS,128.0,138.0,98.0
aspv,18769.0,18388.0,18475.0
asr,3.0,5.0,1.0
astA,3.0,1.0,1.0
astB,36.0,45.0,36.0
astC,12.0,6.0,9.0
astD,2.0,2.0,2.0
astE,41.0,31.0,24.0
atoA,3.0,3.0,4.0
atoB,78.0,71.0,95.0
atoC,82.0,87.0,90.0
atoD,1.0,1.0,1.0
atoE,45.0,50.0,36.0
atoS,104.0,80.0,92.0
atpA,470.0,509.0,524.0
atpB,5.0,1.0,1.0
atpC,1.0,0.0,1.0
atpD,18.0,21.0,19.0
atpE,25.0,23.0,20.0
atpF,0.0,0.0,0.0
atpG,67.0,77.0,92.0
atpH,290.0,341.0,321.0
atpI,2.0,0.0,0.0
avtA,22.0,30.0,30.0
azoR,17.0,12.0,15.0
bacA,0.0,0.0,0.0
baeR,0.0,0.0,3.0
baeS,61.0,68.0,63.0
barA,113.0,115.0,122.0
basR,43.0,33.0,39.0
basS,30.0,56.0,45.0
bax,277.0,290.0,280.0
bcp,32.0,44.0,31.0
bcr,9.0,13.0,13.0
bcsA,0.0,0.0,0.0
bcsB,36.0,23.0,37.0
bcsC,17.0,16.0,11.0
bcsE,31.0,34.0,40.0
bcsF,10.0,9.0,15.0
bcsG,75.0,78.0,58.0
bcsZ,0.0,0.0,1.0
bdm,164.0,144.0,177.0
betA,43.0,24.0,46.0
betI,0.0,0.0,0.0
betT,58.0,58.0,81.0
bfd,1.0,1.0,4.0
bfr,74.0,63.0,87.0
bglA,132.0,109.0,98.0
bglB,47.0,42.0,37.0
bglF,34.0,44.0,37.0
bglG,70.0,87.0,89.0
bglH,53.0,67.0,78.0
bglJ,32.0,56.0,51.0
bglX,50.0,66.0,79.0
bioA,43.0,46.0,39.0
bioB,0.0,3.0,0.0
bioC,26.0,23.0,32.0
bioD,80.0,82.0,95.0
bioF,10.0,10.0,9.0
bioH,5.0,15.0,15.0
bipA,535.0,539.0,518.0
birA,129.0,141.0,121.0
bisC,62.0,56.0,46.0
blc,19.0,24.0,25.0
blr,27.0,12.0,13.0
bolA,133.0,131.0,139.0
brnQ,1.0,1.0,0.0
bssR,95.0,92.0,82.0
bssS,20.0,23.0,34.0
btuB,87.0,102.0,89.0
btuC,4.0,2.0,1.0
btuD,42.0,55.0,58.0
btuE,36.0,27.0,34.0
btuF,0.0,5.0,1.0
btuR,73.0,69.0,85.0
cadA,18.0,30.0,17.0
cadB,75.0,82.0,88.0
cadC,100.0,86.0,74.0
caiA,15.0,16.0,12.0
caiB,74.0,81.0,99.0
caiC,170.0,138.0,164.0
caiD,19.0,16.0,27.0
caiE,71.0,73.0,85.0
caiF,146.0,163.0,169.0
caiT,120.0,136.0,104.0
camR,3.0,4.0,3.0
can,10.0,14.0,9.0
carA,10.0,14.0,6.0
carB,20.0,16.0,22.0
cbl,161.0,146.0,166.0
cbpA,24.0,26.0,25.0
cbpM,16.0,16.0,24.0
cbrA,41.0,37.0,35.0
cbrC,97.0,95.0,119.0
cca,39.0,21.0,29.0
cchA,0.0,0.0,1.0
cchB,28.0,18.0,19.0
ccmA,34.0,24.0,24.0
ccmB,0.0,0.0,2.0
ccmC,0.0,0.0,0.0
ccmD,0.0,1.0,0.0
ccmE,35.0,38.0,41.0
ccmF,0.0,1.0,1.0
ccmG,46.0,47.0,57.0
ccmH,9.0,6.0,16.0
cdaR,31.0,32.0,34.0
cdd,31.0,31.0,34.0
cdh,296.0,290.0,298.0
cdsA,71.0,74.0,75.0
cedA,6.0,8.0,4.0
cfa,130.0,111.0,136.0
chaA,62.0,66.0,65.0
chaB,14.0,9.0,7.0
chaC,63.0,53.0,63.0
chbA,10.0,13.0,10.0
chbB,14.0,14.0,11.0
chbC,203.0,172.0,167.0
chbF,65.0,57.0,60.0
chbG,8.0,10.0,15.0
chbR,83.0,82.0,102.0
cheA,409.0,430.0,451.0
cheB,89.0,70.0,67.0
cheR,1.0,0.0,0.0
cheW,104.0,98.0,123.0
cheY,1.0,0.0,0.0
cheZ,65.0,58.0,62.0
chiA,82.0,94.0,88.0
cho,50.0,46.0,61.0
chpA,1.0,0.0,4.0
chpB,1.0,0.0,1.0
chpR,72.0,52.0,56.0
chpS,0.0,1.0,1.0
cirA,218.0,200.0,223.0
citA,67.0,47.0,65.0
citB,34.0,48.0,42.0
citC,89.0,98.0,117.0
citD,0.0,1.0,1.0
citE,1.0,2.0,2.0
citF,12.0,5.0,9.0
citG,0.0,1.0,1.0
citT,42.0,49.0,45.0
citX,7.0,3.0,4.0
clcA,71.0,58.0,81.0
clcB,17.0,31.0,30.0
cld,294.0,296.0,295.0
clpA,143.0,136.0,118.0
clpB,180.0,194.0,193.0
clpP,3.0,7.0,3.0
clpS,4.0,15.0,8.0
clpX,463.0,418.0,440.0
cls,77.0,78.0,52.0
cmk,288.0,260.0,248.0
cmr,11.0,10.0,10.0
cmtA,39.0,48.0,60.0
cmtB,29.0,31.0,22.0
coaA,92.0,69.0,101.0
coaD,55.0,43.0,31.0
coaE,81.0,93.0,89.0
cobB,28.0,31.0,36.0
cobC,55.0,61.0,38.0
cobS,10.0,12.0,16.0
cobT,8.0,14.0,20.0
cobU,130.0,133.0,131.0
codA,4.0,1.0,1.0
codB,62.0,55.0,76.0
cof,61.0,50.0,67.0
copA,72.0,60.0,56.0
corA,102.0,100.0,111.0
cpdA,0.0,0.0,0.0
cpdB,21.0,26.0,31.0
cpsB,5.0,7.0,2.0
cpsG,47.0,50.0,46.0
cpxA,169.0,151.0,131.0
cpxP,50.0,67.0,58.0
cpxR,91.0,122.0,102.0
crcA,6.0,11.0,6.0
crcB,26.0,14.0,15.0
creA,6.0,7.0,5.0
creB,2.0,1.0,0.0
creC,140.0,152.0,123.0
creD,76.0,86.0,81.0
crl,38.0,36.0,47.0
crp,48.0,56.0,41.0
crr,183.0,188.0,199.0
csdA,8.0,9.0,9.0
csgA,9.0,19.0,18.0
csgB,23.0,14.0,23.0
csgC,40.0,40.0,49.0
csgD,93.0,79.0,108.0
csgE,32.0,16.0,35.0
csgF,49.0,45.0,46.0
csgG,19.0,26.0,17.0
csiE,128.0,125.0,158.0
csiR,59.0,66.0,61.0
cspA,246.0,236.0,260.0
cspB,5.0,11.0,10.0
cspC,0.0,0.0,4.0
cspD,19.0,8.0,11.0
cspE,36.0,46.0,44.0
cspF,1.0,0.0,0.0
cspG,84.0,65.0,86.0
cspH,3.0,0.0,1.0
cspI,11.0,14.0,16.0
csrA,10.0,8.0,10.0
csrb,8427.0,8514.0,8814.0
cstA,93.0,86.0,83.0
cueO,64.0,65.0,76.0
cusA,42.0,48.0,39.0
cusB,24.0,18.0,23.0
cusC,53.0,54.0,41.0
cusF,79.0,65.0,65.0
cusR,82.0,73.0,76.0
cusS,27.0,25.0,24.0
cutA,5.0,4.0,2.0
cutC,32.0,32.0,31.0
cvpA,43.0,37.0,35.0
cvrA,69.0,60.0,71.0
cyaA,46.0,37.0,47.0
cyaY,0.0,2.0,0.0
cybB,37.0,34.0,35.0
cybC,9.0,10.0,8.0
cycA,84.0,78.0,87.0
cydA,5.0,6.0,5.0
cydB,4.0,16.0,12.0
cydC,51.0,59.0,49.0
cydD,169.0,186.0,177.0
cynR,37.0,27.0,20.0
cynS,45.0,59.0,47.0
cynT,9.0,6.0,7.0
cynX,99.0,101.0,116.0
cyoA,216.0,233.0,236.0
cyoB,55.0,66.0,58.0
cyoC,49.0,41.0,50.0
cyoD,1.0,4.0,1.0
cyoE,5.0,5.0,3.0
cysA,8.0,13.0,9.0
cysB,210.0,182.0,198.0
cysC,17.0,17.0,13.0
cysD,225.0,225.0,195.0
cysE,1.0,3.0,0.0
cysG,26.0,42.0,41.0
cysH,74.0,77.0,72.0
cysI,42.0,35.0,44.0
cysJ,20.0,19.0,16.0
cysK,704.0,732.0,691.0
cysM,3.0,5.0,4.0
cysN,59.0,60.0,57.0
cysP,2.0,0.0,2.0
cysQ,1.0,3.0,3.0
cysS,16.0,24.0,19.0
cysU,50.0,67.0,61.0
cysW,1.0,0.0,0.0
cysZ,21.0,13.0,28.0
cytR,71.0,73.0,63.0
dacA,120.0,98.0,112.0
dacB,117.0,112.0,129.0
dacC,141.0,134.0,163.0
dacD,166.0,148.0,152.0
dadA,1.0,2.0,2.0
dadX,0.0,0.0,0.0
dam,56.0,63.0,55.0
damX,22.0,17.0,22.0
dapA,282.0,240.0,238.0
dapB,37.0,54.0,39.0
dapD,37.0,34.0,30.0
dapE,44.0,40.0,39.0
dapF,1.0,0.0,2.0
dbpA,26.0,41.0,27.0
dcd,7.0,9.0,14.0
dcm,20.0,9.0,9.0
dcp,38.0,27.0,34.0
dcrB,43.0,42.0,31.0
dctA,59.0,77.0,85.0
dcuA,25.0,25.0,15.0
dcuB,10.0,11.0,12.0
dcuC,31.0,35.0,33.0
dcuD,101.0,108.0,95.0
dcuR,82.0,63.0,70.0
dcuS,69.0,51.0,68.0
dcyD,60.0,76.0,70.0
ddlA,74.0,73.0,70.0
ddlB,31.0,37.0,45.0
ddpA,40.0,31.0,45.0
ddpB,1.0,2.0,1.0
ddpC,28.0,27.0,22.0
ddpD,11.0,20.0,16.0
ddpF,47.0,33.0,32.0
ddpX,74.0,99.0,78.0
deaD,946.0,985.0,999.0
dedA,43.0,40.0,39.0
dedD,39.0,55.0,47.0
def,74.0,73.0,95.0
degP,136.0,112.0,126.0
degQ,107.0,103.0,112.0
degS,102.0,112.0,116.0
deoA,84.0,82.0,65.0
deoB,41.0,54.0,39.0
deoC,7.0,7.0,3.0
deoD,8.0,4.0,4.0
deoR,3.0,2.0,2.0
der,28.0,26.0,31.0
dfp,33.0,34.0,39.0
dgkA,1.0,0.0,0.0
dgoA,0.0,1.0,0.0
dgoD,75.0,94.0,78.0
dgoK,27.0,41.0,52.0
dgoR,0.0,3.0,0.0
dgoT,9.0,13.0,5.0
dgsA,114.0,108.0,109.0
dgt,87.0,104.0,105.0
dhaK,16.0,17.0,16.0
dhaL,12.0,17.0,28.0
dhaM,109.0,90.0,118.0
dhaR,70.0,71.0,67.0
diaA,181.0,162.0,168.0
dicA,3.0,6.0,4.0
dicB,1.0,1.0,0.0
dicC,31.0,22.0,23.0
dinB,1.0,0.0,0.0
dinD,97.0,108.0,112.0
dinF,46.0,49.0,41.0
dinG,112.0,141.0,119.0
dinI,9.0,5.0,12.0
dinJ,12.0,7.0,10.0
dipZ,55.0,50.0,57.0
djlA,0.0,0.0,0.0
djlB,131.0,147.0,131.0
djlC,81.0,64.0,67.0
dkgA,28.0,26.0,25.0
dkgB,123.0,142.0,102.0
dksA,4.0,1.0,3.0
dld,51.0,49.0,47.0
dmsA,46.0,67.0,49.0
dmsB,212.0,211.0,227.0
dmsC,0.0,0.0,0.0
dmsD,99.0,90.0,83.0
dnaA,319.0,379.0,383.0
dnaB,61.0,64.0,82.0
dnaC,167.0,122.0,127.0
dnaE,102.0,114.0,129.0
dnaG,243.0,327.0,281.0
dnaJ,186.0,179.0,204.0
dnaK,144.0,146.0,154.0
dnaN,75.0,90.0,84.0
dnaQ,69.0,56.0,55.0
dnaT,35.0,41.0,24.0
dnaX,151.0,145.0,182.0
dos,118.0,106.0,126.0
dppA,53.0,63.0,57.0
dppB,0.0,0.0,0.0
dppC,14.0,9.0,7.0
dppD,19.0,29.0,21.0
dppF,6.0,5.0,6.0
dps,2.0,4.0,5.0
dsbA,37.0,32.0,30.0
dsbB,22.0,21.0,18.0
dsbC,161.0,153.0,146.0
dsbG,115.0,132.0,114.0
dsdA,108.0,95.0,111.0
dsdC,44.0,48.0,49.0
dsdX,59.0,57.0,39.0
dsrB,0.0,1.0,0.0
dtd,4.0,1.0,2.0
dusA,105.0,116.0,114.0
dusB,225.0,206.0,228.0
dusC,35.0,41.0,36.0
dut,0.0,0.0,3.0
dxr,9.0,9.0,10.0
dxs,1.0,0.0,0.0
eaeH,41.0,63.0,40.0
eamA,87.0,102.0,89.0
ebgA,115.0,106.0,110.0
ebgC,38.0,63.0,57.0
ebgR,51.0,47.0,44.0
ecfK,168.0,184.0,132.0
ecnA,42.0,30.0,34.0
ecnB,24.0,18.0,21.0
eco,2.0,0.0,0.0
ecpD,76.0,51.0,67.0
eda,1.0,2.0,1.0
edd,82.0,110.0,90.0
efeU,0.0,0.0,3.0
efp,33.0,25.0,27.0
elaA,11.0,17.0,12.0
elaB,5.0,0.0,4.0
elaC,51.0,53.0,57.0
elaD,31.0,55.0,35.0
elbA,37.0,39.0,24.0
elbB,64.0,75.0,60.0
emrA,32.0,30.0,33.0
emrB,22.0,24.0,22.0
emrD,0.0,2.0,1.0
emrE,87.0,88.0,92.0
emrK,126.0,130.0,112.0
emrY,33.0,19.0,28.0
emtA,34.0,50.0,32.0
endA,26.0,25.0,21.0
eno,209.0,195.0,173.0
entA,21.0,19.0,27.0
entB,32.0,22.0,22.0
entC,5.0,2.0,0.0
entD,91.0,80.0,96.0
entE,3.0,7.0,5.0
entF,22.0,9.0,15.0
envC,49.0,39.0,67.0
envR,180.0,173.0,167.0
envY,100.0,109.0,96.0
envZ,33.0,31.0,38.0
epd,96.0,119.0,114.0
eptA,50.0,50.0,64.0
eptB,98.0,98.0,88.0
era,47.0,57.0,48.0
erfK,84.0,88.0,82.0
essD,32.0,30.0,32.0
essQ,61.0,67.0,83.0
etk,66.0,85.0,83.0
etp,62.0,64.0,49.0
eutA,39.0,28.0,25.0
eutB,60.0,49.0,41.0
eutC,1.0,0.0,1.0
eutE,33.0,38.0,35.0
eutG,23.0,37.0,44.0
eutH,36.0,25.0,22.0
eutI,1.0,0.0,0.0
eutJ,2.0,0.0,0.0
eutL,0.0,1.0,0.0
eutP,1.0,1.0,1.0
eutQ,0.0,0.0,0.0
eutT,0.0,0.0,0.0
evgA,85.0,92.0,89.0
evgS,98.0,98.0,106.0
exbB,56.0,65.0,52.0
exbD,54.0,53.0,67.0
exoX,83.0,73.0,64.0
exuR,68.0,56.0,60.0
exuT,40.0,46.0,37.0
fabA,135.0,135.0,141.0
fabB,152.0,137.0,149.0
fabD,63.0,72.0,65.0
fabF,600.0,623.0,581.0
fabG,323.0,350.0,287.0
fabH,67.0,59.0,59.0
fabI,10.0,5.0,11.0
fabR,20.0,18.0,20.0
fabZ,251.0,235.0,214.0
fadA,15.0,14.0,21.0
fadB,6.0,8.0,15.0
fadD,58.0,48.0,55.0
fadE,20.0,15.0,13.0
fadH,15.0,26.0,18.0
fadJ,85.0,72.0,59.0
fadK,109.0,111.0,98.0
fadL,111.0,85.0,108.0
fadR,56.0,64.0,63.0
fbaA,68.0,71.0,60.0
fbaB,83.0,84.0,88.0
fbp,45.0,46.0,46.0
fcl,0.0,0.0,0.0
fdhD,32.0,35.0,44.0
fdhE,35.0,38.0,26.0
fdhF,66.0,68.0,71.0
fdnG,148.0,142.0,144.0
fdnH,5.0,4.0,3.0
fdnI,65.0,77.0,76.0
fdoG,138.0,163.0,150.0
fdoH,14.0,31.0,15.0
fdoI,91.0,108.0,79.0
fdrA,67.0,78.0,101.0
fdx,1.0,1.0,1.0
feaB,21.0,16.0,14.0
feaR,132.0,147.0,130.0
fecA,16.0,28.0,17.0
fecB,16.0,19.0,21.0
fecC,2.0,3.0,3.0
fecD,1.0,0.0,0.0
fecE,42.0,53.0,47.0
fecI,0.0,0.0,0.0
fecR,3.0,0.0,0.0
feoA,0.0,2.0,0.0
feoB,80.0,69.0,59.0
fepA,88.0,81.0,90.0
fepB,14.0,19.0,15.0
fepC,44.0,55.0,60.0
fepD,3.0,7.0,0.0
fepE,92.0,94.0,84.0
fes,19.0,26.0,23.0
ffh,105.0,115.0,116.0
ffs,15031.0,14719.0,15237.0
fhlA,170.0,151.0,180.0
fhuA,137.0,130.0,112.0
fhuB,46.0,42.0,55.0
fhuC,0.0,1.0,1.0
fhuD,60.0,65.0,67.0
fhuE,60.0,61.0,76.0
fhuF,0.0,4.0,0.0
fic,2.0,7.0,4.0
fieF,51.0,50.0,49.0
fimA,137.0,139.0,135.0
fimB,69.0,78.0,60.0
fimC,99.0,106.0,105.0
fimD,69.0,68.0,68.0
fimE,61.0,56.0,49.0
fimF,3.0,1.0,4.0
fimG,0.0,0.0,0.0
fimH,102.0,96.0,121.0
fimI,105.0,120.0,102.0
fimZ,23.0,18.0,26.0
fis,811.0,773.0,794.0
fiu,86.0,103.0,90.0
fixA,42.0,38.0,47.0
fixB,0.0,0.0,0.0
fixC,79.0,91.0,94.0
fixX,49.0,43.0,55.0
fklB,1.0,2.0,0.0
fkpA,179.0,171.0,186.0
fkpB,13.0,14.0,6.0
fldA,134.0,159.0,160.0
fldB,0.0,0.0,0.0
flgA,32.0,39.0,49.0
flgB,43.0,47.0,33.0
flgC,17.0,20.0,19.0
flgD,0.0,0.0,0.0
flgE,63.0,77.0,77.0
flgF,143.0,127.0,136.0
flgG,32.0,30.0,37.0
flgH,93.0,75.0,87.0
flgI,0.0,0.0,0.0
flgJ,21.0,27.0,27.0
flgK,76.0,93.0,86.0
flgL,16.0,38.0,37.0
flgM,48.0,33.0,35.0
flgN,34.0,26.0,31.0
flhA,39.0,29.0,38.0
flhB,2.0,0.0,2.0
flhC,61.0,52.0,44.0
flhD,3.0,0.0,1.0
flhE,0.0,0.0,0.0
fliA,39.0,31.0,41.0
fliC,511.0,475.0,488.0
fliD,126.0,130.0,131.0
fliE,0.0,1.0,1.0
fliF,9.0,6.0,10.0
fliG,39.0,45.0,48.0
fliH,23.0,16.0,12.0
fliI,0.0,1.0,0.0
fliJ,27.0,28.0,30.0
fliK,11.0,14.0,6.0
fliL,0.0,0.0,0.0
fliM,39.0,41.0,48.0
fliN,18.0,16.0,15.0
fliO,1.0,2.0,0.0
fliP,7.0,4.0,3.0
fliQ,14.0,12.0,13.0
fliR,25.0,41.0,44.0
fliS,45.0,53.0,37.0
fliT,0.0,3.0,3.0
fliY,292.0,300.0,276.0
fliZ,67.0,70.0,81.0
flk,44.0,29.0,46.0
flu,14.0,4.0,7.0
flxA,20.0,16.0,14.0
fmt,0.0,1.0,3.0
fnr,10.0,20.0,18.0
focA,14.0,9.0,12.0
focB,4.0,2.0,3.0
folA,59.0,48.0,80.0
folB,4.0,8.0,8.0
folC,47.0,77.0,65.0
folD,42.0,44.0,48.0
folE,17.0,14.0,15.0
folK,139.0,141.0,150.0
folM,173.0,143.0,166.0
folP,7.0,11.0,12.0
folX,10.0,13.0,5.0
fpr,15.0,24.0,20.0
frc,106.0,113.0,109.0
frdA,10.0,12.0,9.0
frdB,7.0,16.0,13.0
frdC,7.0,14.0,27.0
frdD,0.0,0.0,0.0
fre,9.0,19.0,15.0
frlA,4.0,5.0,6.0
frlB,20.0,18.0,27.0
frlC,52.0,61.0,65.0
frlD,0.0,1.0,0.0
frlR,47.0,50.0,59.0
frmA,650.0,670.0,624.0
frmB,422.0,445.0,443.0
frmR,1.0,0.0,0.0
frr,267.0,301.0,270.0
frsA,29.0,25.0,30.0
fruA,59.0,70.0,60.0
fruB,1.0,0.0,1.0
fruK,14.0,17.0,14.0
fruR,15.0,12.0,12.0
frvA,0.0,0.0,0.0
frvB,2.0,0.0,1.0
frvR,54.0,51.0,51.0
frvX,45.0,48.0,64.0
frwB,39.0,36.0,52.0
frwC,0.0,0.0,0.0
frwD,24.0,25.0,26.0
fsaA,33.0,21.0,27.0
fsaB,16.0,27.0,28.0
fsr,46.0,56.0,71.0
ftn,82.0,93.0,93.0
ftsA,160.0,197.0,188.0
ftsB,21.0,17.0,14.0
ftsE,1.0,1.0,0.0
ftsH,817.0,811.0,807.0
ftsI,72.0,81.0,79.0
ftsK,151.0,133.0,133.0
ftsL,1.0,0.0,0.0
ftsN,1.0,0.0,0.0
ftsQ,2.0,1.0,1.0
ftsW,49.0,57.0,51.0
ftsX,125.0,119.0,155.0
ftsY,32.0,44.0,31.0
ftsZ,22.0,22.0,34.0
fucA,60.0,57.0,61.0
fucI,11.0,6.0,8.0
fucK,67.0,67.0,73.0
fucO,2.0,1.0,5.0
fucP,48.0,47.0,56.0
fucR,98.0,105.0,111.0
fucU,84.0,88.0,114.0
fumA,67.0,68.0,84.0
fumB,15.0,12.0,20.0
fumC,56.0,65.0,79.0
fur,206.0,211.0,203.0
fusA,789.0,798.0,777.0
fxsA,53.0,49.0,64.0
gabD,0.0,0.0,0.0
gabP,25.0,33.0,29.0
gabT,0.0,0.0,1.0
gadA,3.0,4.0,3.0
gadB,70.0,78.0,71.0
gadC,65.0,68.0,66.0
gadE,9.0,5.0,9.0
gadW,79.0,67.0,73.0
gadX,184.0,168.0,187.0
galE,90.0,84.0,80.0
galF,125.0,161.0,114.0
galP,29.0,26.0,35.0
galR,55.0,41.0,28.0
galS,71.0,83.0,98.0
galU,67.0,82.0,82.0
gapA,172.0,187.0,187.0
gapC,11.0,8.0,7.0
garD,135.0,150.0,156.0
garK,32.0,30.0,29.0
garL,15.0,8.0,13.0
garP,41.0,34.0,43.0
garR,19.0,19.0,12.0
gatA,62.0,56.0,64.0
gatB,32.0,33.0,32.0
gatC,33.0,30.0,35.0
gatD,103.0,111.0,130.0
gatR,52.0,46.0,60.0
gatY,1.0,0.0,0.0
gatZ,101.0,105.0,109.0
gcd,33.0,42.0,42.0
gcl,96.0,106.0,78.0
gcvA,72.0,84.0,69.0
gcvH,54.0,54.0,54.0
gcvP,21.0,15.0,20.0
gcvR,82.0,84.0,88.0
gcvT,38.0,36.0,24.0
gdhA,41.0,39.0,27.0
gfcD,32.0,37.0,38.0
ggt,34.0,31.0,34.0
ghrB,125.0,118.0,115.0
gidA,163.0,194.0,181.0
gidB,79.0,74.0,74.0
glcA,32.0,35.0,44.0
glcB,50.0,47.0,44.0
glcC,57.0,50.0,68.0
glcD,5.0,2.0,0.0
glcE,3.0,1.0,12.0
glcF,40.0,37.0,25.0
glcG,1.0,0.0,0.0
gldA,52.0,50.0,52.0
glf,117.0,106.0,114.0
glgA,192.0,184.0,198.0
glgB,114.0,89.0,97.0
glgC,162.0,168.0,138.0
glgP,92.0,78.0,109.0
glgS,4.0,1.0,3.0
glgX,21.0,25.0,34.0
glk,41.0,38.0,34.0
glmM,102.0,85.0,99.0
glmS,132.0,137.0,146.0
glmU,11.0,9.0,17.0
glnA,40.0,47.0,42.0
glnB,21.0,22.0,29.0
glnD,67.0,59.0,43.0
glnE,169.0,155.0,157.0
glnG,19.0,15.0,14.0
glnH,155.0,173.0,183.0
glnK,98.0,98.0,109.0
glnL,80.0,78.0,73.0
glnP,13.0,12.0,17.0
glnQ,0.0,1.0,0.0
glnS,220.0,211.0,223.0
gloA,7.0,11.0,5.0
gloB,105.0,129.0,113.0
glpA,98.0,100.0,96.0
glpB,2.0,1.0,0.0
glpC,14.0,10.0,16.0
glpD,927.0,872.0,870.0
glpE,1.0,1.0,1.0
glpF,11.0,23.0,13.0
glpG,2.0,2.0,0.0
glpK,58.0,67.0,73.0
glpQ,100.0,113.0,100.0
glpR,126.0,103.0,99.0
glpT,58.0,53.0,51.0
glpX,3.0,1.0,0.0
gltA,143.0,134.0,133.0
gltB,85.0,91.0,93.0
gltD,2.0,0.0,0.0
gltF,90.0,78.0,104.0
gltI,78.0,68.0,69.0
gltJ,18.0,18.0,19.0
gltK,17.0,16.0,24.0
gltL,0.0,1.0,0.0
gltP,19.0,25.0,20.0
gltS,1.0,1.0,5.0
gltX,39.0,36.0,30.0
glvC,6.0,6.0,1.0
glvG,8.0,16.0,14.0
glxK,23.0,22.0,21.0
glxR,7.0,11.0,12.0
glyA,6.0,10.0,7.0
glyQ,0.0,0.0,0.0
glyS,1.0,3.0,2.0
gmd,23.0,30.0,37.0
gmhB,44.0,56.0,44.0
gmk,73.0,76.0,80.0
gmr,70.0,73.0,68.0
gnd,297.0,281.0,264.0
gnsA,8.0,3.0,6.0
gnsB,17.0,20.0,20.0
gntK,51.0,45.0,52.0
gntP,50.0,28.0,49.0
gntR,40.0,35.0,38.0
gntT,5.0,6.0,7.0
gntU,48.0,44.0,43.0
gntX,10.0,11.0,6.0
gntY,0.0,2.0,3.0
gor,86.0,84.0,72.0
gph,81.0,83.0,75.0
gpmA,17.0,24.0,26.0
gpmI,16.0,9.0,10.0
gpp,10.0,16.0,13.0
gpsA,11.0,9.0,7.0
greA,50.0,54.0,49.0
greB,6.0,8.0,6.0
groL,194.0,214.0,223.0
groS,132.0,105.0,122.0
grpE,3.0,1.0,2.0
grxA,49.0,43.0,44.0
grxB,95.0,123.0,89.0
grxC,0.0,0.0,0.0
grxD,34.0,34.0,29.0
gshA,255.0,300.0,287.0
gshB,17.0,22.0,18.0
gsk,137.0,139.0,141.0
gspA,48.0,58.0,50.0
gspC,89.0,74.0,78.0
gspD,75.0,62.0,82.0
gspE,53.0,68.0,64.0
gspF,22.0,22.0,27.0
gspG,14.0,12.0,9.0
gspH,45.0,37.0,39.0
gspI,45.0,53.0,41.0
gspJ,29.0,19.0,19.0
gspK,110.0,126.0,118.0
gspL,81.0,93.0,92.0
gspM,30.0,38.0,27.0
gspO,54.0,56.0,53.0
gss,104.0,80.0,87.0
gst,21.0,13.0,22.0
guaA,73.0,70.0,67.0
guaB,255.0,238.0,233.0
guaC,300.0,256.0,285.0
guaD,83.0,55.0,77.0
gudD,8.0,10.0,17.0
gudP,37.0,50.0,37.0
gudX,75.0,70.0,59.0
gutM,21.0,17.0,16.0
gutQ,0.0,0.0,0.0
gyrA,63.0,64.0,64.0
gyrB,127.0,153.0,145.0
hcaC,1.0,9.0,4.0
hcaD,9.0,4.0,14.0
hcaE,27.0,34.0,25.0
hcaF,26.0,31.0,33.0
hcaR,44.0,41.0,38.0
hcaT,31.0,48.0,24.0
hchA,94.0,66.0,99.0
hcp,24.0,23.0,37.0
hcr,3.0,1.0,4.0
hda,0.0,0.0,2.0
hdeA,6.0,5.0,2.0
hdeB,19.0,19.0,18.0
hdeD,31.0,37.0,55.0
hdfR,99.0,72.0,86.0
hdhA,293.0,251.0,243.0
helD,168.0,147.0,153.0
hemA,3.0,4.0,1.0
hemB,21.0,37.0,37.0
hemC,17.0,14.0,10.0
hemD,0.0,1.0,0.0
hemE,0.0,0.0,0.0
hemF,9.0,4.0,4.0
hemG,33.0,31.0,47.0
hemH,113.0,118.0,120.0
hemL,29.0,23.0,32.0
hemN,0.0,1.0,0.0
hemX,188.0,183.0,175.0
hemY,3.0,5.0,3.0
hepA,52.0,55.0,59.0
hflC,100.0,114.0,115.0
hflD,2.0,0.0,1.0
hflK,2.0,1.0,2.0
hflX,161.0,175.0,190.0
hfq,161.0,167.0,167.0
hha,5.0,7.0,7.0
hinT,28.0,46.0,27.0
hipA,86.0,105.0,113.0
hipB,2.0,2.0,15.0
hisA,1.0,0.0,0.0
hisB,15.0,9.0,22.0
hisC,66.0,60.0,54.0
hisD,0.0,1.0,2.0
hisF,4.0,5.0,2.0
hisG,45.0,43.0,47.0
hisH,0.0,0.0,0.0
hisI,6.0,3.0,7.0
hisJ,161.0,137.0,153.0
hisL,52.0,51.0,50.0
hisM,46.0,51.0,44.0
hisP,1.0,3.0,2.0
hisQ,43.0,44.0,44.0
hisS,47.0,73.0,66.0
hlpA,1.0,0.0,2.0
hlyE,98.0,85.0,111.0
hmp,36.0,31.0,37.0
hns,157.0,183.0,183.0
hofB,54.0,50.0,50.0
hofC,39.0,26.0,37.0
hofQ,13.0,13.0,18.0
hokA,14.0,3.0,5.0
hokB,7.0,1.0,1.0
hokC,346.0,272.0,342.0
hokD,109.0,105.0,118.0
hokE,39.0,38.0,45.0
holA,1.0,3.0,1.0
holB,54.0,58.0,60.0
holC,6.0,6.0,4.0
holD,0.0,0.0,0.0
holE,4.0,3.0,4.0
hpf,23.0,23.0,18.0
hpt,3.0,2.0,2.0
hrpA,94.0,74.0,78.0
hrpB,31.0,34.0,25.0
hscA,120.0,112.0,122.0
hscB,58.0,66.0,42.0
hscC,109.0,87.0,100.0
hsdM,55.0,35.0,40.0
hsdR,165.0,178.0,163.0
hsdS,75.0,74.0,75.0
hslJ,132.0,114.0,120.0
hslO,150.0,135.0,152.0
hslR,21.0,17.0,17.0
hslU,15.0,33.0,23.0
hslV,50.0,42.0,59.0
hspQ,51.0,59.0,55.0
hsrA,35.0,29.0,28.0
htgA,5.0,8.0,12.0
htpG,75.0,73.0,79.0
htpX,0.0,1.0,1.0
htrC,89.0,79.0,70.0
htrE,61.0,63.0,68.0
htrG,42.0,49.0,48.0
htrL,100.0,104.0,112.0
hupA,0.0,2.0,3.0
hupB,490.0,559.0,538.0
hyaA,24.0,34.0,23.0
hyaB,1.0,1.0,0.0
hyaC,42.0,23.0,43.0
hyaD,0.0,0.0,0.0
hyaE,0.0,0.0,0.0
hyaF,28.0,10.0,14.0
hybA,0.0,0.0,0.0
hybB,49.0,46.0,38.0
hybC,75.0,100.0,81.0
hybD,2.0,5.0,2.0
hybE,6.0,7.0,3.0
hybF,14.0,7.0,7.0
hybG,1.0,1.0,0.0
hybO,85.0,83.0,111.0
hycA,17.0,30.0,22.0
hycB,6.0,6.0,10.0
hycC,36.0,57.0,59.0
hycD,0.0,0.0,0.0
hycE,22.0,27.0,21.0
hycF,0.0,0.0,0.0
hycG,13.0,8.0,9.0
hycH,22.0,26.0,29.0
hycI,133.0,156.0,164.0
hydN,0.0,2.0,0.0
hyfA,3.0,6.0,1.0
hyfB,28.0,36.0,35.0
hyfC,33.0,41.0,34.0
hyfD,17.0,12.0,25.0
hyfE,1.0,4.0,2.0
hyfF,20.0,19.0,31.0
hyfG,9.0,16.0,28.0
hyfH,3.0,1.0,6.0
hyfI,0.0,2.0,0.0
hyfJ,51.0,51.0,49.0
hyfR,63.0,68.0,35.0
hyi,175.0,156.0,144.0
hypA,0.0,0.0,0.0
hypB,11.0,15.0,18.0
hypC,4.0,2.0,2.0
hypD,11.0,13.0,11.0
hypE,1.0,0.0,1.0
hypF,2.0,0.0,0.0
hyuA,34.0,25.0,22.0
iaaA,0.0,0.0,3.0
iadA,1.0,2.0,1.0
iap,39.0,32.0,26.0
ibpA,168.0,192.0,167.0
ibpB,1.0,0.0,1.0
icd,295.0,291.0,304.0
icdC,95.0,91.0,120.0
iclR,2.0,0.0,1.0
idi,36.0,25.0,24.0
idnD,61.0,48.0,57.0
idnK,148.0,121.0,153.0
idnO,65.0,54.0,51.0
idnR,46.0,44.0,39.0
idnT,111.0,89.0,112.0
ihfA,271.0,273.0,269.0
ihfB,44.0,62.0,44.0
ileS,42.0,31.0,40.0
ilvA,21.0,18.0,21.0
ilvB,52.0,55.0,70.0
ilvC,93.0,87.0,95.0
ilvD,111.0,91.0,111.0
ilvE,0.0,1.0,1.0
ilvG,11.0,10.0,12.0
ilvH,83.0,65.0,59.0
ilvI,97.0,71.0,94.0
ilvL,0.0,0.0,0.0
ilvM,40.0,35.0,32.0
ilvN,14.0,14.0,15.0
ilvY,0.0,0.0,0.0
imp,346.0,270.0,360.0
inaA,84.0,87.0,87.0
infA,6.0,1.0,1.0
infB,600.0,629.0,584.0
infC,3.0,8.0,6.0
insA-7,24.0,24.0,39.0
insC-2,38.0,52.0,53.0
insD-2,5.0,6.0,5.0
insE-4,191.0,200.0,188.0
insF-4,34.0,38.0,29.0
insG,92.0,89.0,72.0
insH-1,571.0,602.0,638.0
insH-5,1.0,0.0,0.0
insH-6,104.0,97.0,82.0
insI-1,96.0,95.0,119.0
insI-2,8.0,12.0,9.0
insJ,258.0,296.0,270.0
insK,176.0,161.0,172.0
insL-3,157.0,166.0,128.0
insM,104.0,110.0,112.0
insN-1,1.0,1.0,2.0
insN-2,45.0,43.0,48.0
insO-1,3.0,5.0,6.0
insO-2,72.0,67.0,79.0
intA,94.0,101.0,91.0
intB,135.0,133.0,135.0
intD,116.0,112.0,125.0
intE,81.0,99.0,86.0
intF,53.0,36.0,41.0
intG,69.0,64.0,60.0
intQ,111.0,126.0,111.0
intR,48.0,44.0,47.0
intS,67.0,54.0,58.0
intZ,23.0,23.0,15.0
iraP,75.0,50.0,80.0
iscA,73.0,61.0,74.0
iscR,105.0,117.0,100.0
iscS,9.0,16.0,20.0
iscU,541.0,469.0,505.0
ispA,0.0,0.0,0.0
ispB,72.0,61.0,69.0
ispD,51.0,45.0,48.0
ispE,121.0,108.0,104.0
ispF,40.0,40.0,31.0
ispG,42.0,54.0,62.0
ispH,61.0,46.0,52.0
ispU,138.0,142.0,148.0
ivbL,62.0,72.0,56.0
ivy,51.0,55.0,55.0
kanR,7311.0,7341.0,7424.0
katE,119.0,114.0,99.0
katG,132.0,141.0,160.0
kbaY,16.0,17.0,12.0
kbaZ,2.0,1.0,1.0
kbl,6.0,10.0,12.0
kch,93.0,127.0,105.0
kdgK,1.0,1.0,2.0
kdgR,18.0,29.0,30.0
kdgT,31.0,22.0,35.0
kdpA,31.0,42.0,42.0
kdpB,7.0,4.0,2.0
kdpC,14.0,10.0,11.0
kdpD,52.0,63.0,70.0
kdpE,1.0,2.0,0.0
kdpF,0.0,0.0,0.0
kdsA,63.0,72.0,81.0
kdsB,8.0,16.0,15.0
kdsC,22.0,7.0,20.0
kdsD,62.0,60.0,63.0
kdtA,33.0,27.0,24.0
kduD,33.0,34.0,37.0
kduI,39.0,42.0,44.0
kefA,93.0,95.0,99.0
kefB,67.0,81.0,57.0
kefC,19.0,15.0,21.0
kefF,10.0,9.0,8.0
kefG,20.0,20.0,16.0
kgtP,751.0,726.0,760.0
kil,12.0,21.0,39.0
kptA,90.0,88.0,83.0
ksgA,58.0,44.0,53.0
lafU,9.0,6.0,8.0
lamB,24.0,30.0,27.0
lar,14.0,8.0,14.0
ldcA,49.0,51.0,42.0
ldcC,37.0,41.0,49.0
ldhA,93.0,91.0,98.0
ldrB,26.0,28.0,27.0
ldrC,14.0,13.0,14.0
ldrD,44.0,38.0,41.0
lepA,204.0,194.0,236.0
lepB,21.0,21.0,24.0
leuA,57.0,35.0,66.0
leuB,3.0,4.0,5.0
leuC,72.0,85.0,78.0
leuD,9.0,2.0,7.0
leuL,6.0,1.0,0.0
leuO,54.0,51.0,60.0
leuS,133.0,170.0,114.0
lfhA,1.0,2.0,0.0
lgt,14.0,19.0,10.0
lhr,22.0,25.0,20.0
ligA,146.0,153.0,139.0
ligB,80.0,94.0,67.0
ligT,0.0,0.0,0.0
lipA,0.0,1.0,2.0
lipB,22.0,14.0,21.0
lit,190.0,183.0,197.0
livF,0.0,0.0,0.0
livG,42.0,46.0,49.0
livH,63.0,38.0,24.0
livJ,86.0,89.0,82.0
livK,59.0,67.0,60.0
livM,0.0,0.0,1.0
lldD,102.0,110.0,129.0
lldP,22.0,17.0,25.0
lldR,6.0,10.0,7.0
lnt,0.0,0.0,1.0
lolA,148.0,176.0,182.0
lolB,35.0,36.0,21.0
lolC,19.0,18.0,18.0
lolD,37.0,26.0,24.0
lolE,23.0,27.0,36.0
lomR,58.0,38.0,67.0
lon,193.0,194.0,200.0
lpcA,33.0,56.0,45.0
lpd,86.0,90.0,97.0
lplA,43.0,37.0,31.0
lpp,87.0,70.0,69.0
lpxA,65.0,71.0,72.0
lpxB,36.0,48.0,51.0
lpxC,130.0,180.0,153.0
lpxD,32.0,44.0,43.0
lpxH,0.0,0.0,0.0
lpxK,73.0,73.0,75.0
lpxL,18.0,33.0,36.0
lpxM,27.0,18.0,24.0
lpxP,67.0,51.0,66.0
lrhA,249.0,245.0,255.0
lrp,146.0,142.0,156.0
lspA,53.0,55.0,43.0
lsrA,57.0,54.0,40.0
lsrB,46.0,50.0,64.0
lsrC,0.0,1.0,2.0
lsrD,102.0,110.0,86.0
lsrF,73.0,82.0,76.0
lsrG,21.0,26.0,33.0
lsrK,124.0,94.0,111.0
lsrR,7.0,5.0,7.0
ltaE,3.0,2.0,3.0
luxS,196.0,195.0,206.0
lysA,41.0,44.0,44.0
lysC,14.0,6.0,16.0
lysP,32.0,28.0,23.0
lysR,52.0,38.0,48.0
lysS,121.0,134.0,130.0
lysT--lysQoperon,4713.0,4777.0,4817.0
lysU,88.0,82.0,70.0
lyxK,31.0,38.0,32.0
mCherry,6318.0,6657.0,6504.0
maa,19.0,21.0,21.0
macA,38.0,34.0,33.0
macB,30.0,36.0,26.0
maeB,58.0,58.0,57.0
mak,49.0,33.0,29.0
malF,59.0,46.0,63.0
malG,18.0,16.0,24.0
malI,11.0,9.0,9.0
malK,35.0,34.0,33.0
malM,15.0,12.0,6.0
malP,36.0,33.0,51.0
malQ,72.0,73.0,74.0
malS,18.0,32.0,21.0
malT,82.0,83.0,77.0
malX,54.0,45.0,45.0
malY,134.0,108.0,113.0
malZ,133.0,145.0,110.0
manA,9.0,9.0,7.0
manX,16.0,24.0,11.0
manY,52.0,40.0,53.0
manZ,63.0,61.0,61.0
maoC,33.0,55.0,35.0
map,26.0,22.0,27.0
marA,14.0,12.0,8.0
marB,16.0,18.0,12.0
marC,29.0,33.0,25.0
marR,43.0,29.0,39.0
mazG,66.0,92.0,92.0
mcrA,218.0,173.0,243.0
mcrB,62.0,56.0,52.0
mcrC,62.0,66.0,79.0
mdaB,25.0,14.0,23.0
mdh,50.0,74.0,74.0
mdlA,44.0,40.0,44.0
mdlB,14.0,24.0,26.0
mdoB,45.0,48.0,61.0
mdoC,69.0,71.0,68.0
mdoD,108.0,119.0,115.0
mdoG,166.0,165.0,156.0
mdoH,37.0,44.0,38.0
mdtA,41.0,41.0,38.0
mdtB,75.0,93.0,110.0
mdtC,54.0,50.0,49.0
mdtD,5.0,14.0,10.0
mdtE,4.0,3.0,10.0
mdtF,123.0,128.0,127.0
mdtG,63.0,53.0,57.0
mdtH,0.0,0.0,0.0
mdtI,40.0,61.0,47.0
mdtJ,4.0,3.0,1.0
mdtK,28.0,36.0,30.0
mdtL,14.0,18.0,17.0
mdtQ,73.0,71.0,91.0
melA,44.0,57.0,65.0
melB,124.0,101.0,113.0
melR,42.0,46.0,30.0
menA,14.0,19.0,15.0
menB,5.0,4.0,5.0
menC,27.0,21.0,13.0
menD,0.0,0.0,0.0
menE,7.0,14.0,8.0
menF,6.0,7.0,4.0
mepA,0.0,0.0,1.0
metA,64.0,83.0,74.0
metB,0.0,0.0,0.0
metC,72.0,70.0,65.0
metE,107.0,94.0,121.0
metF,73.0,43.0,71.0
metG,49.0,38.0,53.0
metH,139.0,133.0,118.0
metI,76.0,86.0,74.0
metJ,0.0,0.0,1.0
metK,46.0,53.0,49.0
metL,1.0,2.0,0.0
metN,0.0,0.0,0.0
metQ,51.0,38.0,49.0
metR,2.0,0.0,1.0
mfd,87.0,98.0,106.0
mglA,103.0,91.0,76.0
mglB,63.0,61.0,64.0
mglC,23.0,23.0,23.0
mgsA,1.0,0.0,7.0
mgtA,595.0,619.0,618.0
mhpA,42.0,41.0,38.0
mhpB,0.0,1.0,0.0
mhpC,30.0,38.0,18.0
mhpD,6.0,11.0,14.0
mhpE,6.0,6.0,3.0
mhpF,53.0,55.0,48.0
mhpR,0.0,0.0,1.0
mhpT,1.0,0.0,1.0
miaA,129.0,132.0,125.0
miaB,78.0,79.0,80.0
minC,0.0,1.0,4.0
minD,250.0,277.0,253.0
minE,2.0,2.0,2.0
mioC,5.0,2.0,3.0
mipA,55.0,72.0,78.0
mlrA,12.0,17.0,15.0
mltA,60.0,37.0,30.0
mltB,2.0,0.0,1.0
mltC,84.0,86.0,68.0
mltD,279.0,318.0,297.0
mmuM,0.0,1.0,0.0
mmuP,44.0,33.0,35.0
mngA,27.0,28.0,24.0
mngB,63.0,70.0,62.0
mngR,53.0,43.0,66.0
mnmA,35.0,34.0,27.0
mnmC,25.0,29.0,18.0
mnmE,10.0,6.0,13.0
mntH,87.0,82.0,80.0
mntR,1.0,1.0,1.0
moaA,51.0,53.0,58.0
moaB,3.0,9.0,2.0
moaC,0.0,0.0,1.0
moaE,0.0,2.0,1.0
mobA,59.0,57.0,49.0
mobB,115.0,117.0,118.0
modA,397.0,422.0,416.0
modB,59.0,53.0,52.0
modC,0.0,0.0,0.0
modE,38.0,49.0,40.0
modF,16.0,23.0,17.0
moeA,40.0,49.0,39.0
moeB,3.0,1.0,0.0
mog,1.0,1.0,3.0
mokB,12.0,30.0,26.0
mokC,11.0,16.0,11.0
molR,394.0,433.0,400.0
motA,86.0,73.0,65.0
motB,164.0,174.0,189.0
mpaA,37.0,38.0,31.0
mpl,12.0,6.0,10.0
mppA,81.0,84.0,93.0
mprA,56.0,55.0,65.0
mqo,0.0,3.0,2.0
mqsR,4.0,4.0,2.0
mraW,0.0,0.0,0.0
mraY,22.0,39.0,25.0
mraZ,0.0,0.0,0.0
mrcA,37.0,51.0,57.0
mrcB,179.0,163.0,166.0
mrdA,38.0,55.0,44.0
mrdB,58.0,46.0,50.0
mreB,46.0,38.0,34.0
mreC,17.0,16.0,14.0
mreD,18.0,10.0,16.0
mrp,19.0,16.0,6.0
mrr,82.0,77.0,85.0
ms2_rev,11.0,12.0,10.0
msbA,211.0,229.0,211.0
mscL,44.0,42.0,37.0
mscS,91.0,116.0,107.0
msrA,15.0,20.0,18.0
msrB,81.0,93.0,73.0
msyB,3.0,5.0,3.0
mtgA,15.0,12.0,20.0
mtlA,112.0,80.0,105.0
mtlD,25.0,26.0,24.0
mtlR,19.0,17.0,18.0
mtn,1.0,1.0,0.0
mtr,37.0,36.0,40.0
mug,25.0,25.0,32.0
mukB,54.0,49.0,55.0
mukE,14.0,20.0,19.0
mukF,167.0,158.0,171.0
murA,1.0,6.0,1.0
murB,39.0,45.0,33.0
murC,13.0,15.0,5.0
murD,65.0,72.0,81.0
murE,0.0,2.0,2.0
murF,40.0,47.0,42.0
murG,23.0,15.0,19.0
murI,64.0,74.0,77.0
murP,2.0,0.0,0.0
mutH,106.0,113.0,119.0
mutL,52.0,52.0,44.0
mutM,7.0,6.0,12.0
mutS,121.0,113.0,109.0
mutT,15.0,11.0,5.0
mutY,123.0,120.0,96.0
mviM,0.0,0.0,2.0
nac,298.0,317.0,323.0
nadA,127.0,130.0,119.0
nadB,11.0,6.0,8.0
nadC,33.0,32.0,27.0
nadD,24.0,10.0,15.0
nadE,63.0,65.0,57.0
nadK,80.0,73.0,88.0
nadR,75.0,63.0,75.0
nagA,51.0,57.0,72.0
nagB,21.0,32.0,21.0
nagC,90.0,101.0,85.0
nagD,1.0,2.0,2.0
nagE,174.0,178.0,170.0
nagK,40.0,29.0,46.0
nagZ,52.0,51.0,69.0
nanA,54.0,64.0,49.0
nanE,11.0,3.0,15.0
nanK,0.0,3.0,0.0
nanR,0.0,1.0,1.0
nanT,13.0,14.0,8.0
napA,29.0,23.0,28.0
napB,70.0,70.0,60.0
napC,15.0,25.0,19.0
napD,49.0,32.0,51.0
napF,2.0,4.0,7.0
napG,8.0,5.0,6.0
napH,26.0,39.0,32.0
narG,2.0,2.0,2.0
narH,10.0,6.0,10.0
narI,3.0,2.0,0.0
narJ,7.0,8.0,11.0
narK,6.0,3.0,2.0
narL,62.0,52.0,61.0
narP,76.0,94.0,86.0
narQ,75.0,70.0,81.0
narU,37.0,37.0,39.0
narV,14.0,17.0,10.0
narW,16.0,14.0,17.0
narX,249.0,236.0,235.0
narY,3.0,10.0,12.0
narZ,53.0,40.0,48.0
ndh,75.0,73.0,73.0
ndk,149.0,162.0,176.0
nei,20.0,18.0,14.0
nemA,14.0,18.0,18.0
nepI,27.0,30.0,36.0
nfi,18.0,20.0,12.0
nfnB,8.0,10.0,16.0
nfo,9.0,10.0,14.0
nfrA,104.0,66.0,100.0
nfrB,34.0,37.0,34.0
nfsA,20.0,23.0,33.0
nhaA,36.0,44.0,46.0
nhaB,301.0,345.0,358.0
nhaR,192.0,212.0,200.0
nhoA,23.0,17.0,25.0
nikA,112.0,108.0,108.0
nikB,2.0,3.0,3.0
nikC,8.0,6.0,12.0
nikD,0.0,0.0,0.0
nikE,61.0,74.0,80.0
nikR,12.0,10.0,14.0
ninE,25.0,13.0,13.0
nirB,113.0,122.0,113.0
nirC,17.0,20.0,8.0
nirD,20.0,16.0,14.0
nlpA,68.0,62.0,65.0
nlpB,171.0,145.0,136.0
nlpC,5.0,9.0,19.0
nlpD,194.0,211.0,193.0
nlpE,24.0,34.0,36.0
nlpI,683.0,718.0,760.0
nmpC,107.0,96.0,88.0
norR,0.0,0.0,1.0
norV,32.0,29.0,46.0
norW,1.0,1.0,0.0
npr,33.0,38.0,54.0
nrdA,60.0,62.0,48.0
nrdB,34.0,24.0,27.0
nrdD,32.0,41.0,31.0
nrdE,90.0,79.0,97.0
nrdF,34.0,33.0,33.0
nrdG,40.0,28.0,35.0
nrdH,0.0,0.0,0.0
nrdI,46.0,44.0,29.0
nrdR,73.0,66.0,79.0
nrfA,34.0,34.0,38.0
nrfB,86.0,90.0,79.0
nrfC,0.0,0.0,1.0
nrfD,30.0,29.0,26.0
nrfE,0.0,0.0,0.0
nrfF,1.0,1.0,0.0
nrfG,8.0,7.0,6.0
nsrR,149.0,119.0,167.0
nth,21.0,26.0,20.0
nudB,411.0,383.0,372.0
nudC,73.0,88.0,124.0
nudD,26.0,16.0,29.0
nudE,42.0,39.0,43.0
nudF,22.0,17.0,27.0
nudG,0.0,0.0,0.0
nudH,90.0,76.0,79.0
nudI,53.0,59.0,57.0
nudJ,19.0,27.0,22.0
nudK,35.0,36.0,26.0
nuoA,16.0,14.0,10.0
nuoB,39.0,55.0,34.0
nuoC,93.0,112.0,108.0
nuoE,0.0,1.0,0.0
nuoF,5.0,21.0,7.0
nuoG,0.0,0.0,0.0
nuoH,9.0,11.0,15.0
nuoI,0.0,1.0,1.0
nuoJ,7.0,7.0,8.0
nuoK,6.0,6.0,3.0
nuoL,1.0,3.0,1.0
nuoM,54.0,49.0,45.0
nuoN,1.0,1.0,1.0
nupC,120.0,98.0,99.0
nupG,96.0,84.0,85.0
nusA,293.0,307.0,285.0
nusB,0.0,0.0,0.0
nusG,541.0,566.0,545.0
obgE,177.0,165.0,155.0
ogrK,6.0,6.0,7.0
ogt,39.0,32.0,38.0
ompA,299.0,358.0,339.0
ompC,136.0,191.0,154.0
ompF,273.0,251.0,277.0
ompG,48.0,33.0,46.0
ompL,72.0,83.0,87.0
ompN,48.0,54.0,55.0
ompR,1.0,2.0,1.0
ompT,471.0,483.0,462.0
ompW,82.0,78.0,72.0
ompX,0.0,0.0,1.0
oppA,181.0,243.0,187.0
oppB,90.0,98.0,98.0
oppC,24.0,40.0,37.0
oppD,99.0,130.0,112.0
oppF,0.0,1.0,0.0
orn,20.0,17.0,22.0
osmB,4.0,0.0,4.0
osmC,14.0,25.0,19.0
osmE,3.0,1.0,3.0
osmY,22.0,23.0,34.0
otsA,71.0,67.0,92.0
otsB,54.0,74.0,63.0
oxc,66.0,58.0,56.0
oxyR,30.0,19.0,28.0
paaA,19.0,20.0,20.0
paaB,6.0,6.0,5.0
paaC,14.0,11.0,20.0
paaD,0.0,1.0,1.0
paaE,37.0,34.0,31.0
paaF,0.0,1.0,0.0
paaG,43.0,55.0,51.0
paaH,56.0,67.0,59.0
paaI,21.0,30.0,16.0
paaJ,124.0,115.0,101.0
paaK,123.0,105.0,91.0
paaX,32.0,26.0,20.0
paaY,46.0,41.0,39.0
pabA,0.0,0.0,0.0
pabB,57.0,46.0,56.0
pabC,53.0,42.0,39.0
pal,5.0,4.0,5.0
panB,1.0,1.0,2.0
panC,36.0,36.0,29.0
panD,0.0,0.0,2.0
panE,24.0,48.0,27.0
panF,2.0,4.0,3.0
parC,107.0,116.0,105.0
parE,34.0,25.0,38.0
pbl,7.0,7.0,10.0
pbpC,1.0,0.0,0.0
pbpG,53.0,48.0,43.0
pck,99.0,133.0,114.0
pcm,5.0,4.0,6.0
pcnB,269.0,337.0,324.0
pdhR,43.0,46.0,53.0
pdxA,63.0,66.0,81.0
pdxB,46.0,49.0,39.0
pdxH,49.0,63.0,54.0
pdxJ,9.0,12.0,9.0
pdxK,0.0,1.0,0.0
pdxY,0.0,1.0,1.0
pepA,64.0,59.0,62.0
pepB,2.0,1.0,1.0
pepD,80.0,90.0,76.0
pepE,0.0,1.0,0.0
pepN,135.0,128.0,118.0
pepP,95.0,80.0,108.0
pepQ,28.0,32.0,36.0
pepT,184.0,199.0,198.0
perR,173.0,156.0,176.0
pfkA,23.0,32.0,13.0
pfkB,40.0,44.0,29.0
pflA,4.0,1.0,1.0
pflB,191.0,218.0,183.0
pflC,25.0,16.0,36.0
pflD,103.0,126.0,116.0
pgaA,64.0,78.0,78.0
pgaB,70.0,79.0,65.0
pgaC,49.0,52.0,66.0
pgaD,72.0,96.0,76.0
pgi,28.0,28.0,33.0
pgk,88.0,84.0,83.0
pgl,173.0,150.0,145.0
pgm,195.0,176.0,159.0
pgpA,9.0,12.0,14.0
pgpB,121.0,121.0,140.0
pgsA,0.0,0.0,0.0
pheA,133.0,102.0,120.0
pheL,1.0,4.0,2.0
pheP,1.0,1.0,2.0
pheT,248.0,291.0,244.0
phnA,50.0,40.0,38.0
phnB,0.0,0.0,0.0
phnC,0.0,0.0,1.0
phnD,0.0,0.0,2.0
phnE,54.0,49.0,57.0
phnF,2.0,0.0,3.0
phnG,0.0,0.0,0.0
phnH,0.0,1.0,1.0
phnI,0.0,0.0,0.0
phnJ,64.0,60.0,73.0
phnK,43.0,50.0,30.0
phnL,0.0,0.0,0.0
phnM,38.0,34.0,20.0
phnN,73.0,92.0,90.0
phnO,1.0,0.0,0.0
phnP,0.0,1.0,1.0
phoA,0.0,0.0,0.0
phoB,2.0,0.0,0.0
phoE,55.0,56.0,60.0
phoH,106.0,107.0,87.0
phoP,313.0,316.0,295.0
phoQ,104.0,100.0,110.0
phoR,67.0,62.0,74.0
phoU,98.0,77.0,75.0
php,17.0,11.0,25.0
phr,89.0,111.0,113.0
pin,32.0,37.0,33.0
pinH,13.0,17.0,12.0
pinQ,141.0,122.0,108.0
pinR,49.0,49.0,45.0
pioO,12.0,16.0,7.0
pitA,35.0,27.0,24.0
pitB,2.0,1.0,2.0
pldA,16.0,9.0,9.0
pldB,0.0,0.0,0.0
plsB,114.0,115.0,102.0
plsC,70.0,84.0,64.0
plsX,450.0,430.0,424.0
pmbA,27.0,23.0,29.0
pmrD,53.0,50.0,36.0
pncA,22.0,33.0,34.0
pncB,152.0,165.0,180.0
pnp,154.0,152.0,130.0
pntA,73.0,78.0,83.0
pntB,233.0,237.0,272.0
pnuC,69.0,60.0,62.0
polA,59.0,43.0,59.0
polB,1.0,2.0,2.0
potA,82.0,91.0,91.0
potB,47.0,42.0,35.0
potC,0.0,0.0,0.0
potD,180.0,183.0,199.0
potE,122.0,99.0,116.0
potF,12.0,12.0,14.0
potG,19.0,17.0,11.0
potH,43.0,59.0,44.0
potI,0.0,0.0,0.0
poxA,13.0,14.0,19.0
poxB,61.0,36.0,42.0
ppa,0.0,0.0,1.0
ppc,88.0,86.0,110.0
ppdA,0.0,0.0,0.0
ppdB,35.0,14.0,25.0
ppdC,0.0,0.0,0.0
ppdD,28.0,42.0,36.0
pphA,173.0,166.0,165.0
pphB,50.0,47.0,52.0
ppiA,0.0,0.0,0.0
ppiB,27.0,20.0,38.0
ppiC,125.0,107.0,119.0
ppiD,111.0,126.0,156.0
ppk,56.0,43.0,65.0
pppA,74.0,61.0,75.0
pps,175.0,183.0,201.0
ppx,48.0,69.0,56.0
pqiA,150.0,157.0,156.0
pqiB,65.0,60.0,69.0
pqqL,9.0,12.0,16.0
prc,140.0,138.0,149.0
prfA,148.0,174.0,201.0
prfB,107.0,122.0,115.0
prfC,23.0,12.0,20.0
prfH,14.0,15.0,12.0
priA,1.0,0.0,1.0
priB,3.0,7.0,10.0
priC,0.0,0.0,0.0
prkB,78.0,70.0,101.0
prlC,121.0,107.0,110.0
prmA,7.0,8.0,13.0
prmB,65.0,100.0,73.0
prmC,8.0,6.0,8.0
proA,51.0,43.0,46.0
proB,0.0,2.0,0.0
proC,15.0,12.0,11.0
proP,702.0,768.0,798.0
proQ,38.0,25.0,20.0
proS,62.0,59.0,52.0
proV,162.0,145.0,126.0
proW,0.0,0.0,0.0
proX,27.0,22.0,37.0
proY,0.0,2.0,1.0
prpB,35.0,39.0,22.0
prpC,0.0,0.0,0.0
prpD,14.0,9.0,17.0
prpE,4.0,4.0,5.0
prpR,36.0,49.0,53.0
prsA,79.0,83.0,116.0
psd,94.0,118.0,118.0
psiE,58.0,59.0,50.0
psiF,42.0,39.0,59.0
pspA,193.0,174.0,197.0
pspB,18.0,20.0,19.0
pspC,56.0,56.0,38.0
pspD,0.0,0.0,0.0
pspE,8.0,18.0,6.0
pspF,114.0,112.0,111.0
pssA,46.0,35.0,39.0
pstA,12.0,18.0,19.0
pstB,18.0,29.0,29.0
pstC,29.0,31.0,30.0
pstS,11.0,12.0,12.0
pta,167.0,189.0,215.0
pth,103.0,110.0,108.0
ptrA,146.0,166.0,187.0
ptrB,53.0,53.0,56.0
ptsA,2.0,4.0,3.0
ptsG,16.0,15.0,19.0
ptsH,95.0,71.0,94.0
ptsI,235.0,241.0,226.0
ptsN,25.0,36.0,36.0
ptsP,9.0,10.0,13.0
purA,565.0,612.0,586.0
purB,50.0,47.0,45.0
purC,1.0,2.0,3.0
purD,5.0,7.0,10.0
purE,31.0,26.0,31.0
purF,15.0,26.0,32.0
purH,197.0,173.0,206.0
purK,37.0,45.0,50.0
purL,323.0,316.0,327.0
purM,54.0,61.0,45.0
purN,2.0,0.0,2.0
purR,296.0,290.0,303.0
purT,3.0,9.0,6.0
purU,128.0,91.0,127.0
putA,23.0,25.0,12.0
putP,92.0,81.0,101.0
puuA,20.0,26.0,23.0
puuB,52.0,66.0,50.0
puuC,10.0,12.0,11.0
puuD,61.0,74.0,72.0
puuE,1.0,5.0,2.0
puuP,82.0,101.0,87.0
puuR,145.0,124.0,149.0
pykA,3.0,6.0,5.0
pykF,75.0,71.0,70.0
pyrB,26.0,40.0,44.0
pyrC,76.0,82.0,85.0
pyrD,110.0,118.0,116.0
pyrE,112.0,130.0,120.0
pyrF,22.0,9.0,17.0
pyrG,245.0,288.0,271.0
pyrH,86.0,114.0,93.0
pyrI,11.0,4.0,11.0
pyrL,9.0,10.0,14.0
qor,18.0,25.0,27.0
qseB,11.0,4.0,13.0
qseC,2.0,0.0,0.0
queA,1.0,0.0,3.0
queC,20.0,16.0,16.0
queF,59.0,53.0,58.0
racC,78.0,72.0,107.0
racR,80.0,102.0,104.0
radA,44.0,46.0,55.0
raiA,43.0,64.0,59.0
rarA,1.0,0.0,0.0
rarD,22.0,20.0,23.0
ravA,46.0,49.0,62.0
rbbA,26.0,23.0,25.0
rbfA,4.0,1.0,3.0
rbn,5.0,5.0,5.0
rbsA,132.0,148.0,124.0
rbsB,9.0,12.0,19.0
rbsC,49.0,50.0,56.0
rbsD,6.0,11.0,13.0
rbsK,119.0,103.0,120.0
rbsR,34.0,23.0,27.0
rcsA,141.0,145.0,169.0
rcsB,45.0,33.0,42.0
rcsC,82.0,85.0,88.0
rcsD,102.0,123.0,119.0
rcsF,43.0,44.0,34.0
rdgC,2.0,5.0,4.0
recA,1.0,4.0,2.0
recB,44.0,62.0,53.0
recC,81.0,55.0,74.0
recD,24.0,21.0,23.0
recE,75.0,107.0,74.0
recF,34.0,37.0,40.0
recG,0.0,1.0,1.0
recJ,73.0,82.0,69.0
recN,104.0,97.0,118.0
recO,22.0,23.0,21.0
recQ,65.0,60.0,76.0
recR,1.0,0.0,4.0
recT,31.0,19.0,39.0
recX,5.0,0.0,0.0
relA,50.0,53.0,40.0
relB,85.0,89.0,91.0
relE,29.0,32.0,32.0
rem,38.0,36.0,45.0
rep,57.0,50.0,72.0
rfaB,56.0,60.0,58.0
rfaC,41.0,48.0,29.0
rfaD,2.0,0.0,3.0
rfaE,26.0,18.0,34.0
rfaF,17.0,8.0,10.0
rfaG,78.0,75.0,74.0
rfaH,13.0,12.0,7.0
rfaI,81.0,83.0,79.0
rfaJ,83.0,111.0,82.0
rfaK,28.0,21.0,16.0
rfaL,100.0,109.0,115.0
rfaP,127.0,149.0,142.0
rfaQ,77.0,76.0,74.0
rfaS,1.0,1.0,1.0
rfaY,43.0,46.0,56.0
rfaZ,62.0,61.0,47.0
rfbA,87.0,88.0,101.0
rfbB,96.0,100.0,105.0
rfbC,323.0,361.0,340.0
rfbD,291.0,310.0,339.0
rfbX,165.0,138.0,169.0
rfe,41.0,43.0,47.0
rffA,68.0,50.0,60.0
rffC,0.0,0.0,0.0
rffD,111.0,106.0,124.0
rffE,93.0,102.0,110.0
rffG,37.0,38.0,38.0
rffH,56.0,68.0,71.0
rffM,97.0,90.0,90.0
rffT,16.0,16.0,9.0
rhaA,0.0,1.0,0.0
rhaB,35.0,44.0,36.0
rhaD,15.0,13.0,18.0
rhaM,0.0,0.0,1.0
rhaR,74.0,69.0,75.0
rhaS,29.0,23.0,29.0
rhaT,15.0,10.0,23.0
rhlB,113.0,127.0,112.0
rhlE,23.0,22.0,16.0
rho,397.0,366.0,346.0
rhoL,1.0,0.0,2.0
rhsA,34.0,53.0,42.0
rhsB,200.0,189.0,187.0
rhsC,105.0,122.0,84.0
rhsD,44.0,48.0,63.0
rhsE,92.0,63.0,77.0
rhtA,1.0,4.0,0.0
rhtB,41.0,38.0,38.0
rhtC,26.0,26.0,30.0
ribA,49.0,54.0,58.0
ribB,57.0,48.0,31.0
ribC,104.0,78.0,83.0
ribD,83.0,94.0,100.0
ribE,8.0,2.0,1.0
ribF,31.0,27.0,23.0
rihA,25.0,14.0,23.0
rihB,77.0,75.0,61.0
rihC,46.0,54.0,55.0
rimI,7.0,13.0,13.0
rimJ,126.0,139.0,133.0
rimK,0.0,0.0,0.0
rimL,174.0,153.0,167.0
rimM,213.0,235.0,216.0
rlmB,29.0,20.0,34.0
rlmL,104.0,109.0,107.0
rlpA,2.0,0.0,1.0
rlpB,43.0,28.0,35.0
rluA,26.0,26.0,35.0
rluB,11.0,8.0,7.0
rluC,5.0,5.0,3.0
rluD,25.0,30.0,33.0
rluE,57.0,59.0,55.0
rluF,16.0,13.0,12.0
rmf,2.0,3.0,1.0
rmuC,0.0,0.0,0.0
rna,105.0,93.0,114.0
rnb,139.0,119.0,154.0
rnc,66.0,77.0,87.0
rnd,63.0,68.0,58.0
rne,239.0,239.0,227.0
rng,10.0,16.0,15.0
rnhA,0.0,0.0,1.0
rnhB,23.0,19.0,20.0
rnk,28.0,18.0,29.0
rnpA,3.0,12.0,6.0
rnr,2.0,0.0,2.0
rnt,2.0,4.0,1.0
rob,11.0,9.0,14.0
rof,35.0,44.0,46.0
rpe,52.0,68.0,51.0
rph,0.0,1.0,0.0
rpiA,33.0,22.0,34.0
rpiB,2.0,4.0,5.0
rpiR,64.0,68.0,66.0
rplA,1317.0,1252.0,1391.0
rplB,41.0,64.0,54.0
rplC,3766.0,3735.0,3704.0
rplD,2568.0,2625.0,2589.0
rplE,1472.0,1493.0,1511.0
rplF,2141.0,2289.0,2192.0
rplI,856.0,823.0,799.0
rplJ,1574.0,1629.0,1626.0
rplK,72.0,71.0,62.0
rplL,3526.0,3600.0,3656.0
rplM,9.0,14.0,13.0
rplN,1929.0,1940.0,1894.0
rplO,5214.0,5229.0,5432.0
rplP,32.0,27.0,34.0
rplQ,475.0,489.0,453.0
rplR,1843.0,1932.0,1813.0
rplS,566.0,567.0,601.0
rplT,789.0,841.0,801.0
rplU,30.0,24.0,36.0
rplV,1018.0,995.0,1101.0
rplW,2411.0,2574.0,2461.0
rplX,1148.0,1197.0,1199.0
rplY,11.0,9.0,9.0
rpmA,206.0,243.0,186.0
rpmB,6.0,6.0,6.0
rpmC,3688.0,3624.0,3713.0
rpmD,1107.0,1117.0,1109.0
rpmE,0.0,2.0,2.0
rpmF,158.0,132.0,148.0
rpmG,135.0,129.0,142.0
rpmH,12.0,7.0,10.0
rpmI,80.0,74.0,73.0
rpmJ,54.0,55.0,45.0
rpoA,3606.0,3658.0,3547.0
rpoB,711.0,711.0,767.0
rpoC,923.0,980.0,849.0
rpoD,213.0,226.0,235.0
rpoE,76.0,94.0,111.0
rpoH,72.0,65.0,64.0
rpoN,45.0,45.0,35.0
rpoS,296.0,297.0,303.0
rpoZ,80.0,82.0,85.0
rpsA,2062.0,2151.0,2102.0
rpsB,181.0,202.0,191.0
rpsC,528.0,489.0,504.0
rpsD,4846.0,4787.0,4827.0
rpsE,1809.0,1966.0,1829.0
rpsF,130.0,152.0,148.0
rpsG,263.0,296.0,277.0
rpsH,558.0,594.0,595.0
rpsI,8.0,7.0,8.0
rpsJ,12.0,10.0,10.0
rpsK,4296.0,4388.0,4330.0
rpsM,690.0,746.0,729.0
rpsN,2297.0,2393.0,2314.0
rpsO,1.0,5.0,6.0
rpsP,3.0,2.0,3.0
rpsQ,879.0,912.0,901.0
rpsR,238.0,219.0,223.0
rpsS,245.0,260.0,243.0
rpsT,0.0,0.0,1.0
rpsU,32.0,30.0,43.0
rraA,100.0,122.0,122.0
rraB,56.0,52.0,51.0
rrfB,80072.0,78031.0,78866.0
rrmA,105.0,126.0,113.0
rrmJ,296.0,301.0,361.0
rsd,97.0,78.0,93.0
rseA,44.0,41.0,43.0
rseB,328.0,340.0,344.0
rseC,0.0,0.0,0.0
rseP,122.0,146.0,142.0
rsgA,41.0,28.0,47.0
rsmB,17.0,17.0,16.0
rsmC,43.0,26.0,26.0
rspA,47.0,54.0,49.0
rspB,128.0,151.0,150.0
rssA,198.0,196.0,189.0
rssB,45.0,65.0,60.0
rstA,130.0,116.0,117.0
rstB,44.0,47.0,38.0
rsuA,34.0,49.0,30.0
rsxA,94.0,72.0,85.0
rsxB,2.0,3.0,2.0
rsxC,90.0,102.0,91.0
rsxD,1.0,5.0,6.0
rsxE,30.0,24.0,24.0
rsxG,0.0,0.0,0.0
rtcA,1.0,3.0,0.0
rtcB,149.0,169.0,158.0
rtcR,1.0,0.0,0.0
rtn,121.0,93.0,114.0
rumA,70.0,73.0,66.0
rumB,1.0,0.0,0.0
rusA,2.0,4.0,1.0
rutF,10.0,16.0,13.0
ruvA,97.0,130.0,110.0
ruvB,262.0,257.0,240.0
ruvC,0.0,0.0,0.0
rzpR,0.0,0.0,0.0
sanA,55.0,72.0,45.0
sapA,8.0,6.0,7.0
sapB,16.0,18.0,17.0
sapC,1.0,1.0,0.0
sapD,41.0,36.0,48.0
sapF,16.0,15.0,14.0
sbcB,64.0,65.0,72.0
sbcC,65.0,61.0,61.0
sbcD,95.0,81.0,73.0
sbmA,115.0,109.0,111.0
sbmC,122.0,100.0,121.0
sbp,154.0,162.0,180.0
sdaA,47.0,38.0,36.0
sdaB,72.0,62.0,63.0
sdaC,128.0,123.0,129.0
sdhA,0.0,0.0,1.0
sdhB,17.0,16.0,19.0
sdhC,102.0,94.0,72.0
sdhD,0.0,0.0,0.0
sdiA,301.0,305.0,336.0
secA,208.0,211.0,210.0
secB,24.0,18.0,23.0
secD,198.0,236.0,241.0
secE,0.0,0.0,0.0
secF,93.0,73.0,86.0
secG,450.0,474.0,463.0
secM,53.0,39.0,36.0
secY,1171.0,1161.0,1172.0
selA,27.0,33.0,30.0
selB,3.0,0.0,0.0
selD,15.0,26.0,20.0
seqA,25.0,21.0,27.0
serA,140.0,149.0,158.0
serB,4.0,3.0,2.0
serC,161.0,191.0,169.0
serS,96.0,84.0,111.0
serV,17724.0,17218.0,17779.0
setA,66.0,69.0,58.0
setB,28.0,25.0,26.0
setC,38.0,48.0,33.0
sfcA,151.0,119.0,122.0
sfmA,62.0,57.0,55.0
sfmC,39.0,27.0,34.0
sfmD,25.0,23.0,25.0
sfmF,150.0,143.0,165.0
sfmH,72.0,60.0,83.0
sfsA,40.0,30.0,22.0
sfsB,2.0,1.0,2.0
sgbE,2.0,2.0,0.0
sgbH,0.0,0.0,0.0
sgbU,63.0,67.0,64.0
sgcA,6.0,11.0,25.0
sgcB,30.0,40.0,27.0
sgcC,69.0,69.0,65.0
sgcE,67.0,48.0,55.0
sgcQ,23.0,17.0,22.0
sgcR,88.0,90.0,88.0
sgcX,7.0,6.0,14.0
sgrR,11.0,19.0,14.0
shiA,129.0,131.0,136.0
sieB,122.0,101.0,129.0
sirA,75.0,83.0,65.0
sixA,53.0,67.0,60.0
slp,111.0,125.0,124.0
slt,32.0,39.0,57.0
slyA,117.0,109.0,128.0
slyB,301.0,320.0,313.0
slyD,10.0,10.0,14.0
slyX,31.0,33.0,32.0
smf,111.0,139.0,101.0
smg,180.0,170.0,169.0
smpA,26.0,19.0,32.0
smpB,9.0,9.0,9.0
smtA,115.0,78.0,91.0
sodA,9.0,4.0,20.0
sodB,411.0,472.0,438.0
sodC,0.0,2.0,0.0
sohA,92.0,98.0,89.0
sohB,117.0,152.0,143.0
solA,2.0,1.0,0.0
soxR,3.0,1.0,2.0
soxS,24.0,29.0,26.0
speA,445.0,479.0,481.0
speB,24.0,28.0,31.0
speC,90.0,101.0,106.0
speD,110.0,93.0,87.0
speE,31.0,37.0,35.0
speF,91.0,98.0,79.0
speG,109.0,91.0,88.0
spoT,207.0,193.0,213.0
spoU,0.0,0.0,0.0
sppA,29.0,32.0,33.0
spr,159.0,197.0,191.0
sprT,16.0,10.0,17.0
spy,49.0,39.0,29.0
sra,5.0,9.0,7.0
srlA,7.0,3.0,2.0
srlB,5.0,0.0,4.0
srlD,8.0,5.0,8.0
srlE,25.0,33.0,27.0
srlR,47.0,35.0,31.0
srmB,12.0,11.0,8.0
ssb,0.0,2.0,0.0
sscR,5.0,5.0,4.0
sseA,115.0,91.0,99.0
sseB,184.0,190.0,195.0
ssnA,67.0,69.0,54.0
sspA,1.0,1.0,0.0
sspB,1.0,1.0,3.0
sstT,53.0,61.0,56.0
ssuA,8.0,10.0,11.0
ssuB,5.0,3.0,9.0
ssuC,12.0,12.0,16.0
ssuD,0.0,0.0,0.0
ssuE,16.0,8.0,16.0
stfE,18.0,33.0,22.0
stfQ,79.0,80.0,87.0
stfR,59.0,65.0,70.0
sthA,104.0,95.0,102.0
stpA,27.0,27.0,25.0
sucA,1.0,0.0,0.0
sucB,3.0,3.0,3.0
sucC,43.0,42.0,53.0
sucD,1.0,0.0,0.0
sufA,33.0,35.0,24.0
sufB,26.0,34.0,20.0
sufC,59.0,71.0,68.0
sufD,78.0,82.0,78.0
sufE,17.0,10.0,13.0
sufI,0.0,4.0,2.0
sufS,96.0,106.0,97.0
sugE,0.0,0.0,0.0
suhB,457.0,449.0,439.0
sulA,193.0,194.0,178.0
surA,59.0,52.0,58.0
surE,7.0,5.0,4.0
sxy,2.0,3.0,1.0
syd,96.0,115.0,94.0
tadA,3.0,5.0,0.0
tag,93.0,105.0,86.0
talA,66.0,54.0,76.0
talB,86.0,81.0,59.0
tam,0.0,0.0,1.0
tap,21.0,31.0,28.0
tar,130.0,155.0,159.0
tas,17.0,16.0,23.0
tatA,55.0,46.0,64.0
tatB,1.0,4.0,1.0
tatC,24.0,31.0,25.0
tatD,2.0,0.0,1.0
tatE,0.0,1.0,3.0
tauA,13.0,9.0,17.0
tauB,0.0,0.0,0.0
tauC,54.0,46.0,29.0
tauD,57.0,43.0,52.0
tbpA,33.0,20.0,37.0
tdcA,44.0,57.0,61.0
tdcB,74.0,89.0,84.0
tdcC,42.0,50.0,57.0
tdcD,21.0,17.0,14.0
tdcE,93.0,97.0,110.0
tdcF,0.0,1.0,0.0
tdcG,126.0,113.0,106.0
tdcR,41.0,33.0,38.0
tdh,30.0,20.0,35.0
tdk,26.0,47.0,43.0
tehA,9.0,13.0,6.0
tehB,34.0,46.0,46.0
tesA,32.0,21.0,44.0
tesB,0.0,0.0,2.0
tetR,2163.0,2325.0,2305.0
tfaE,219.0,208.0,167.0
tfaS,31.0,41.0,37.0
tfaX,0.0,0.0,0.0
tff,28307.0,28488.0,28470.0
tgt,163.0,161.0,166.0
thiC,3.0,5.0,2.0
thiD,3.0,3.0,2.0
thiE,0.0,0.0,0.0
thiF,2.0,2.0,2.0
thiG,1.0,3.0,1.0
thiH,10.0,15.0,20.0
thiI,136.0,127.0,111.0
thiK,23.0,21.0,26.0
thiL,85.0,98.0,96.0
thiM,13.0,14.0,12.0
thiP,0.0,0.0,0.0
thiQ,1.0,1.0,1.0
thiS,6.0,10.0,14.0
thrA,72.0,65.0,99.0
thrB,3.0,2.0,1.0
thrC,16.0,10.0,9.0
thrS,211.0,201.0,186.0
thrU---thrToperon,2169.0,2118.0,2165.0
thyA,17.0,27.0,24.0
tig,629.0,645.0,668.0
tilS,42.0,36.0,34.0
tktA,99.0,96.0,92.0
tktB,8.0,8.0,11.0
tldD,35.0,40.0,47.0
tmk,75.0,82.0,92.0
tnaA,25.0,15.0,30.0
tnaB,23.0,33.0,30.0
tnaC,0.0,0.0,1.0
tolA,199.0,170.0,181.0
tolB,172.0,161.0,167.0
tolC,78.0,94.0,78.0
tolQ,299.0,298.0,326.0
tolR,30.0,33.0,49.0
tonB,38.0,43.0,44.0
topA,321.0,308.0,328.0
topB,2.0,1.0,1.0
torA,115.0,129.0,123.0
torC,107.0,114.0,127.0
torD,2.0,3.0,2.0
torI,82.0,80.0,80.0
torR,15.0,16.0,18.0
torS,83.0,100.0,75.0
torT,83.0,84.0,78.0
torY,83.0,100.0,72.0
torZ,51.0,40.0,38.0
tpiA,50.0,46.0,36.0
tppB,199.0,170.0,168.0
tpr,8.0,16.0,16.0
tpx,64.0,33.0,38.0
tqsA,60.0,48.0,58.0
traY,3.0,4.0,6.0
treA,55.0,55.0,55.0
treB,11.0,19.0,19.0
treC,9.0,4.0,2.0
treF,11.0,13.0,12.0
treR,39.0,44.0,41.0
trg,94.0,95.0,84.0
trkA,74.0,75.0,62.0
trkD,46.0,39.0,48.0
trkG,147.0,132.0,177.0
trkH,32.0,34.0,37.0
trmA,58.0,66.0,77.0
trmD,111.0,105.0,84.0
trmI,100.0,106.0,97.0
trpB,0.0,1.0,1.0
trpC,2.0,5.0,4.0
trpD,7.0,11.0,11.0
trpE,2.0,3.0,2.0
trpH,4.0,8.0,13.0
trpR,15.0,9.0,14.0
trpS,73.0,66.0,69.0
truA,44.0,49.0,53.0
truB,35.0,36.0,29.0
truC,6.0,3.0,9.0
truD,77.0,73.0,50.0
trxB,3.0,3.0,3.0
trxC,51.0,73.0,67.0
tsf,3.0,2.0,3.0
tsgA,2.0,6.0,2.0
tsr,229.0,203.0,181.0
tsx,28.0,24.0,25.0
ttcA,73.0,83.0,73.0
ttdA,36.0,38.0,48.0
ttdB,6.0,3.0,7.0
ttk,78.0,93.0,91.0
tufA,37.0,39.0,44.0
tufB,38.0,30.0,31.0
tus,38.0,36.0,40.0
tynA,105.0,106.0,103.0
tyrA,74.0,81.0,96.0
tyrB,24.0,23.0,21.0
tyrP,120.0,123.0,135.0
tyrR,103.0,104.0,103.0
tyrS,34.0,29.0,23.0
tyrT,46342.0,45184.0,46241.0
ubiA,122.0,120.0,113.0
ubiB,134.0,146.0,135.0
ubiC,2.0,1.0,1.0
ubiD,84.0,101.0,108.0
ubiE,24.0,11.0,23.0
ubiF,33.0,39.0,32.0
ubiG,16.0,10.0,10.0
ubiH,9.0,16.0,10.0
ubiX,80.0,58.0,69.0
ucpA,2.0,2.0,2.0
udk,21.0,24.0,32.0
udp,22.0,9.0,22.0
ugd,87.0,76.0,93.0
ugpA,11.0,25.0,20.0
ugpB,5.0,1.0,5.0
ugpC,0.0,0.0,0.0
ugpE,0.0,0.0,0.0
ugpQ,14.0,14.0,14.0
uhpA,17.0,11.0,15.0
uhpB,0.0,3.0,1.0
uhpC,23.0,24.0,19.0
uhpT,50.0,51.0,44.0
uidB,32.0,23.0,26.0
uidC,89.0,86.0,76.0
uidR,21.0,22.0,22.0
ulaA,14.0,20.0,21.0
ulaB,1.0,1.0,2.0
ulaC,0.0,0.0,1.0
ulaD,0.0,0.0,0.0
ulaE,121.0,105.0,95.0
ulaF,29.0,34.0,54.0
ulaG,51.0,61.0,48.0
ulaR,55.0,71.0,59.0
umuC,80.0,69.0,83.0
umuD,28.0,29.0,30.0
ung,0.0,1.0,0.0
upp,2.0,2.0,6.0
uraA,66.0,61.0,62.0
usg,1.0,7.0,2.0
ushA,55.0,49.0,53.0
uspA,24.0,20.0,19.0
uspB,17.0,18.0,18.0
uspE,59.0,45.0,61.0
uspF,30.0,37.0,35.0
uspG,32.0,24.0,36.0
uup,145.0,130.0,141.0
uvrA,109.0,78.0,88.0
uvrB,64.0,74.0,75.0
uvrC,70.0,99.0,93.0
uvrD,4.0,4.0,5.0
uvrY,84.0,89.0,97.0
uxaA,2.0,0.0,2.0
uxaB,60.0,84.0,66.0
uxaC,135.0,174.0,152.0
uxuA,18.0,7.0,11.0
uxuB,6.0,1.0,0.0
uxuR,34.0,27.0,34.0
vacJ,9.0,8.0,10.0
valS,352.0,372.0,328.0
vapC,2096.0,2267.0,2191.0
viaA,17.0,15.0,20.0
visC,92.0,104.0,98.0
vsr,1.0,5.0,2.0
wbbH,100.0,90.0,103.0
wbbI,129.0,113.0,126.0
wbbJ,31.0,24.0,24.0
wbbK,72.0,91.0,82.0
wbbL,43.0,47.0,62.0
wcaA,11.0,8.0,4.0
wcaB,2.0,4.0,3.0
wcaC,14.0,4.0,7.0
wcaD,44.0,60.0,64.0
wcaE,116.0,96.0,101.0
wcaF,6.0,4.0,10.0
wcaI,58.0,50.0,49.0
wcaJ,108.0,95.0,112.0
wcaK,37.0,28.0,45.0
wcaL,15.0,13.0,14.0
wcaM,62.0,49.0,47.0
wrbA,1.0,0.0,0.0
wza,74.0,54.0,67.0
wzb,0.0,1.0,0.0
wzc,62.0,53.0,56.0
wzxC,49.0,39.0,48.0
wzxE,35.0,29.0,31.0
wzyE,5.0,9.0,3.0
wzzE,2.0,0.0,0.0
xapA,92.0,95.0,80.0
xapB,41.0,33.0,41.0
xapR,17.0,10.0,10.0
xdhA,131.0,163.0,145.0
xdhB,55.0,46.0,48.0
xdhC,7.0,4.0,8.0
xdhD,94.0,106.0,115.0
xerC,51.0,76.0,57.0
xerD,89.0,88.0,85.0
xni,113.0,90.0,88.0
xseA,41.0,40.0,34.0
xseB,1.0,0.0,0.0
xthA,28.0,31.0,26.0
xylA,83.0,109.0,98.0
xylB,70.0,52.0,66.0
xylE,53.0,53.0,69.0
xylF,83.0,70.0,85.0
xylG,119.0,128.0,113.0
xylH,27.0,26.0,27.0
xylR,91.0,104.0,78.0
yaaA,117.0,120.0,108.0
yaaH,84.0,82.0,94.0
yaaI,28.0,27.0,36.0
yaaJ,114.0,88.0,92.0
yaaU,74.0,70.0,61.0
yaaW,50.0,38.0,42.0
yaaX,3.0,0.0,0.0
yaaY,0.0,0.0,0.0
yabI,86.0,95.0,122.0
yabP,227.0,261.0,262.0
yacC,0.0,0.0,0.0
yacF,77.0,64.0,59.0
yacG,0.0,0.0,1.0
yacH,23.0,22.0,20.0
yacL,1.0,0.0,0.0
yadB,17.0,20.0,21.0
yadC,106.0,110.0,136.0
yadD,73.0,64.0,99.0
yadE,30.0,29.0,26.0
yadG,83.0,68.0,83.0
yadH,91.0,75.0,102.0
yadI,13.0,18.0,17.0
yadK,172.0,210.0,207.0
yadL,148.0,149.0,133.0
yadM,146.0,145.0,161.0
yadN,113.0,106.0,119.0
yadR,79.0,62.0,77.0
yadS,25.0,24.0,29.0
yaeB,0.0,0.0,1.0
yaeF,234.0,201.0,232.0
yaeH,18.0,21.0,19.0
yaeI,85.0,91.0,91.0
yaeJ,0.0,3.0,4.0
yaeP,2.0,0.0,0.0
yaeQ,29.0,32.0,21.0
yaeR,12.0,17.0,32.0
yafC,81.0,68.0,86.0
yafD,23.0,54.0,27.0
yafE,82.0,73.0,74.0
yafF,43.0,49.0,51.0
yafJ,0.0,1.0,2.0
yafK,138.0,122.0,94.0
yafL,88.0,82.0,67.0
yafM,49.0,36.0,51.0
yafN,22.0,15.0,16.0
yafO,164.0,137.0,153.0
yafP,21.0,17.0,18.0
yafQ,40.0,44.0,43.0
yafS,62.0,64.0,72.0
yafT,116.0,116.0,139.0
yafU,58.0,38.0,63.0
yafV,14.0,9.0,15.0
yafW,24.0,26.0,26.0
yafX,19.0,9.0,18.0
yafY,2.0,6.0,3.0
yafZ,8.0,5.0,2.0
yagA,0.0,0.0,1.0
yagB,13.0,26.0,24.0
yagE,5.0,0.0,0.0
yagF,1.0,0.0,0.0
yagG,0.0,0.0,0.0
yagH,8.0,29.0,25.0
yagI,0.0,1.0,4.0
yagJ,205.0,206.0,203.0
yagK,171.0,181.0,195.0
yagL,206.0,191.0,212.0
yagM,91.0,85.0,100.0
yagN,34.0,38.0,39.0
yagP,29.0,22.0,24.0
yagQ,1.0,3.0,0.0
yagR,7.0,4.0,1.0
yagS,3.0,5.0,3.0
yagT,2.0,2.0,9.0
yagU,77.0,86.0,85.0
yagV,154.0,140.0,159.0
yagW,27.0,24.0,23.0
yagX,89.0,101.0,80.0
yagY,22.0,20.0,26.0
yagZ,19.0,30.0,20.0
yahA,123.0,144.0,134.0
yahB,73.0,87.0,81.0
yahC,79.0,69.0,65.0
yahD,135.0,136.0,150.0
yahE,94.0,89.0,113.0
yahF,19.0,14.0,15.0
yahG,16.0,14.0,12.0
yahH,23.0,21.0,18.0
yahI,38.0,60.0,38.0
yahJ,3.0,0.0,0.0
yahK,65.0,76.0,88.0
yahL,96.0,113.0,93.0
yahM,47.0,55.0,63.0
yahN,45.0,40.0,42.0
yahO,19.0,15.0,9.0
yaiA,6.0,0.0,0.0
yaiC,34.0,32.0,46.0
yaiE,21.0,16.0,19.0
yaiI,0.0,0.0,0.0
yaiL,113.0,114.0,124.0
yaiO,78.0,52.0,64.0
yaiP,37.0,42.0,31.0
yaiS,45.0,52.0,38.0
yaiT,428.0,368.0,404.0
yaiV,49.0,43.0,42.0
yaiW,78.0,62.0,43.0
yaiX,116.0,81.0,119.0
yaiY,0.0,0.0,0.0
yaiZ,10.0,10.0,8.0
yajC,173.0,190.0,191.0
yajD,85.0,79.0,105.0
yajG,0.0,1.0,0.0
yajI,10.0,11.0,8.0
yajL,14.0,14.0,7.0
yajO,6.0,6.0,8.0
yajQ,10.0,18.0,11.0
yajR,61.0,54.0,64.0
ybaA,46.0,53.0,43.0
ybaB,16.0,22.0,13.0
ybaE,77.0,82.0,82.0
ybaJ,27.0,25.0,21.0
ybaK,2.0,3.0,2.0
ybaL,6.0,8.0,3.0
ybaM,39.0,42.0,54.0
ybaN,3.0,7.0,3.0
ybaO,0.0,0.0,1.0
ybaP,12.0,14.0,10.0
ybaQ,358.0,398.0,399.0
ybaS,70.0,43.0,73.0
ybaT,19.0,25.0,34.0
ybaV,0.0,2.0,0.0
ybaW,19.0,33.0,26.0
ybaY,9.0,19.0,14.0
ybaZ,60.0,50.0,38.0
ybbA,1.0,0.0,1.0
ybbB,14.0,7.0,12.0
ybbC,34.0,40.0,38.0
ybbD,10.0,13.0,16.0
ybbJ,0.0,0.0,0.0
ybbK,105.0,92.0,102.0
ybbL,278.0,240.0,249.0
ybbM,28.0,36.0,44.0
ybbN,0.0,0.0,1.0
ybbO,24.0,32.0,41.0
ybbP,19.0,24.0,28.0
ybbS,42.0,36.0,41.0
ybbV,60.0,51.0,40.0
ybbW,17.0,12.0,11.0
ybbY,20.0,19.0,25.0
ybcF,0.0,3.0,3.0
ybcH,13.0,8.0,13.0
ybcI,2.0,8.0,3.0
ybcJ,1.0,0.0,0.0
ybcK,98.0,119.0,100.0
ybcL,108.0,79.0,85.0
ybcM,118.0,146.0,112.0
ybcN,13.0,18.0,15.0
ybcO,3.0,0.0,1.0
ybcQ,10.0,10.0,8.0
ybcS,129.0,116.0,123.0
ybcY,124.0,111.0,134.0
ybdA,2.0,4.0,9.0
ybdB,0.0,4.0,2.0
ybdD,30.0,27.0,30.0
ybdF,0.0,0.0,0.0
ybdG,170.0,133.0,140.0
ybdH,10.0,10.0,15.0
ybdJ,1.0,0.0,0.0
ybdK,15.0,18.0,16.0
ybdL,0.0,2.0,1.0
ybdM,57.0,41.0,48.0
ybdN,29.0,35.0,27.0
ybdO,53.0,62.0,62.0
ybdR,74.0,66.0,67.0
ybdZ,8.0,5.0,15.0
ybeA,0.0,0.0,0.0
ybeB,1.0,2.0,0.0
ybeD,153.0,148.0,164.0
ybeF,102.0,108.0,112.0
ybeL,1.0,0.0,0.0
ybeM,3.0,0.0,1.0
ybeQ,64.0,62.0,74.0
ybeR,37.0,40.0,46.0
ybeT,79.0,94.0,80.0
ybeU,94.0,82.0,101.0
ybeX,323.0,307.0,295.0
ybeY,83.0,89.0,87.0
ybeZ,51.0,53.0,48.0
ybfA,0.0,1.0,3.0
ybfB,36.0,29.0,30.0
ybfC,38.0,25.0,33.0
ybfD,125.0,134.0,131.0
ybfE,44.0,61.0,49.0
ybfF,45.0,38.0,24.0
ybfG,168.0,154.0,158.0
ybfL,118.0,109.0,115.0
ybfM,52.0,35.0,39.0
ybfN,14.0,10.0,8.0
ybfO,108.0,127.0,110.0
ybfP,88.0,102.0,110.0
ybfQ,51.0,31.0,51.0
ybgA,95.0,103.0,113.0
ybgC,25.0,12.0,26.0
ybgD,54.0,53.0,49.0
ybgE,0.0,0.0,0.0
ybgF,86.0,91.0,85.0
ybgH,95.0,87.0,84.0
ybgI,0.0,0.0,0.0
ybgJ,0.0,0.0,0.0
ybgK,1.0,0.0,2.0
ybgL,0.0,5.0,4.0
ybgO,103.0,78.0,104.0
ybgP,71.0,74.0,89.0
ybgQ,61.0,48.0,81.0
ybgS,16.0,15.0,16.0
ybgT,0.0,0.0,2.0
ybhA,101.0,110.0,96.0
ybhB,22.0,27.0,31.0
ybhC,4.0,10.0,14.0
ybhD,161.0,135.0,173.0
ybhF,8.0,11.0,8.0
ybhG,0.0,0.0,0.0
ybhH,40.0,49.0,59.0
ybhI,108.0,107.0,114.0
ybhJ,27.0,28.0,37.0
ybhK,59.0,62.0,65.0
ybhL,46.0,36.0,46.0
ybhM,95.0,67.0,67.0
ybhN,64.0,59.0,75.0
ybhO,107.0,95.0,98.0
ybhP,8.0,2.0,7.0
ybhQ,0.0,2.0,0.0
ybhR,5.0,8.0,11.0
ybhS,1.0,5.0,1.0
ybhT,37.0,32.0,42.0
ybiA,28.0,30.0,34.0
ybiB,1.0,0.0,1.0
ybiC,55.0,74.0,65.0
ybiH,1.0,1.0,1.0
ybiI,0.0,0.0,0.0
ybiJ,0.0,1.0,1.0
ybiM,0.0,0.0,0.0
ybiN,97.0,74.0,100.0
ybiO,53.0,76.0,61.0
ybiP,95.0,65.0,93.0
ybiR,76.0,67.0,60.0
ybiS,168.0,146.0,171.0
ybiT,36.0,36.0,37.0
ybiU,0.0,0.0,0.0
ybiV,132.0,121.0,116.0
ybiW,86.0,65.0,94.0
ybiX,32.0,28.0,22.0
ybiY,37.0,54.0,50.0
ybjC,22.0,9.0,16.0
ybjD,14.0,17.0,15.0
ybjE,37.0,40.0,34.0
ybjG,1.0,1.0,4.0
ybjH,13.0,25.0,21.0
ybjI,38.0,56.0,52.0
ybjJ,7.0,4.0,4.0
ybjK,24.0,7.0,22.0
ybjL,153.0,140.0,153.0
ybjM,1.0,1.0,3.0
ybjN,58.0,61.0,37.0
ybjO,61.0,68.0,63.0
ybjP,4.0,11.0,7.0
ybjQ,0.0,0.0,0.0
ybjR,0.0,0.0,1.0
ybjS,19.0,23.0,14.0
ybjT,9.0,8.0,18.0
ybjX,287.0,301.0,327.0
ycaC,58.0,59.0,57.0
ycaD,32.0,34.0,29.0
ycaI,67.0,67.0,62.0
ycaJ,99.0,91.0,103.0
ycaK,147.0,187.0,161.0
ycaL,138.0,154.0,132.0
ycaM,85.0,73.0,75.0
ycaN,131.0,148.0,143.0
ycaO,162.0,154.0,193.0
ycaP,239.0,221.0,242.0
ycaQ,52.0,50.0,59.0
ycaR,5.0,15.0,5.0
ycbB,37.0,54.0,56.0
ycbC,47.0,42.0,41.0
ycbF,53.0,64.0,58.0
ycbG,93.0,87.0,86.0
ycbJ,207.0,200.0,212.0
ycbK,216.0,205.0,213.0
ycbL,1.0,0.0,0.0
ycbQ,157.0,148.0,165.0
ycbR,85.0,77.0,89.0
ycbS,53.0,42.0,40.0
ycbT,164.0,153.0,130.0
ycbU,24.0,27.0,31.0
ycbV,35.0,44.0,24.0
ycbW,164.0,166.0,168.0
ycbX,14.0,30.0,23.0
ycbZ,142.0,134.0,112.0
yccA,36.0,31.0,42.0
yccE,193.0,188.0,201.0
yccF,106.0,81.0,97.0
yccJ,160.0,149.0,145.0
yccK,44.0,36.0,46.0
yccM,44.0,54.0,44.0
yccS,202.0,210.0,213.0
yccT,19.0,34.0,24.0
yccU,0.0,4.0,3.0
yccW,86.0,77.0,75.0
yccX,22.0,17.0,21.0
yccZ,99.0,126.0,110.0
ycdB,8.0,14.0,9.0
ycdC,19.0,17.0,22.0
ycdG,9.0,22.0,15.0
ycdI,9.0,20.0,17.0
ycdK,4.0,4.0,8.0
ycdL,0.0,0.0,2.0
ycdM,37.0,50.0,60.0
ycdO,51.0,58.0,45.0
ycdT,68.0,71.0,69.0
ycdU,67.0,51.0,62.0
ycdW,119.0,136.0,129.0
ycdX,30.0,24.0,36.0
ycdY,86.0,78.0,93.0
ycdZ,17.0,19.0,20.0
yceA,84.0,71.0,104.0
yceB,12.0,24.0,21.0
yceD,47.0,45.0,55.0
yceF,21.0,30.0,31.0
yceG,110.0,93.0,118.0
yceH,89.0,88.0,80.0
yceI,107.0,96.0,93.0
yceJ,1.0,0.0,1.0
yceK,1.0,0.0,0.0
yceN,2.0,9.0,5.0
yceO,39.0,54.0,46.0
yceQ,11.0,16.0,20.0
ycfD,105.0,118.0,108.0
ycfH,82.0,118.0,123.0
ycfJ,25.0,19.0,22.0
ycfK,18.0,23.0,23.0
ycfL,22.0,37.0,29.0
ycfM,11.0,13.0,19.0
ycfP,55.0,90.0,82.0
ycfQ,47.0,53.0,55.0
ycfS,126.0,117.0,112.0
ycfT,47.0,40.0,41.0
ycfZ,87.0,81.0,94.0
ycgB,120.0,110.0,83.0
ycgE,211.0,190.0,212.0
ycgF,94.0,97.0,78.0
ycgG,65.0,89.0,72.0
ycgH,207.0,212.0,236.0
ycgI,0.0,0.0,1.0
ycgJ,19.0,23.0,19.0
ycgK,8.0,10.0,8.0
ycgL,19.0,24.0,21.0
ycgM,7.0,1.0,2.0
ycgN,26.0,17.0,27.0
ycgR,4.0,2.0,2.0
ycgV,113.0,101.0,138.0
ycgX,13.0,17.0,18.0
ycgY,42.0,55.0,47.0
ycgZ,65.0,72.0,63.0
ychA,161.0,153.0,151.0
ychE,49.0,31.0,40.0
ychF,85.0,76.0,97.0
ychG,35.0,24.0,34.0
ychH,3.0,3.0,6.0
ychJ,67.0,75.0,93.0
ychM,0.0,1.0,0.0
ychN,0.0,0.0,0.0
ychO,64.0,71.0,67.0
ychQ,44.0,46.0,46.0
ychS,1.0,0.0,0.0
yciA,64.0,67.0,55.0
yciB,163.0,150.0,161.0
yciC,3.0,10.0,2.0
yciE,130.0,106.0,104.0
yciF,104.0,111.0,100.0
yciG,1.0,0.0,5.0
yciH,0.0,2.0,0.0
yciI,14.0,10.0,10.0
yciK,8.0,5.0,6.0
yciM,97.0,101.0,98.0
yciN,0.0,0.0,0.0
yciO,0.0,0.0,1.0
yciQ,51.0,51.0,63.0
yciS,3.0,4.0,0.0
yciT,41.0,36.0,29.0
yciU,3.0,5.0,4.0
yciW,67.0,75.0,80.0
yciX,322.0,301.0,277.0
ycjD,62.0,53.0,69.0
ycjF,44.0,42.0,50.0
ycjG,68.0,55.0,60.0
ycjM,104.0,81.0,86.0
ycjN,71.0,78.0,78.0
ycjO,12.0,9.0,9.0
ycjP,0.0,0.0,0.0
ycjQ,0.0,1.0,1.0
ycjR,32.0,64.0,47.0
ycjS,12.0,18.0,24.0
ycjT,161.0,138.0,160.0
ycjU,6.0,7.0,12.0
ycjV,67.0,89.0,69.0
ycjW,41.0,36.0,49.0
ycjX,92.0,102.0,91.0
ycjY,125.0,127.0,112.0
ycjZ,43.0,59.0,47.0
ydaC,29.0,22.0,21.0
ydaE,17.0,19.0,22.0
ydaF,1.0,0.0,5.0
ydaG,136.0,145.0,175.0
ydaL,2.0,0.0,1.0
ydaM,7.0,12.0,4.0
ydaN,57.0,61.0,55.0
ydaQ,19.0,14.0,24.0
ydaS,23.0,21.0,22.0
ydaT,30.0,17.0,26.0
ydaU,61.0,62.0,51.0
ydaV,1.0,0.0,0.0
ydaW,2.0,1.0,2.0
ydaY,132.0,140.0,121.0
ydbA,425.0,454.0,501.0
ydbC,103.0,104.0,120.0
ydbD,101.0,113.0,102.0
ydbH,100.0,110.0,100.0
ydbJ,30.0,15.0,15.0
ydbK,111.0,99.0,120.0
ydbL,42.0,56.0,42.0
ydcA,11.0,7.0,9.0
ydcC,166.0,134.0,144.0
ydcD,88.0,83.0,90.0
ydcE,51.0,38.0,43.0
ydcF,44.0,31.0,32.0
ydcH,52.0,56.0,37.0
ydcI,41.0,43.0,28.0
ydcJ,72.0,70.0,89.0
ydcK,55.0,56.0,45.0
ydcL,67.0,62.0,68.0
ydcM,66.0,63.0,61.0
ydcN,23.0,22.0,31.0
ydcO,26.0,17.0,18.0
ydcP,96.0,94.0,88.0
ydcQ,110.0,113.0,101.0
ydcR,152.0,134.0,115.0
ydcS,10.0,3.0,8.0
ydcT,10.0,8.0,6.0
ydcU,38.0,39.0,36.0
ydcV,3.0,2.0,3.0
ydcW,163.0,156.0,158.0
ydcX,4.0,5.0,4.0
ydcY,1.0,0.0,3.0
ydcZ,8.0,11.0,14.0
yddA,73.0,81.0,92.0
yddB,67.0,51.0,54.0
yddE,0.0,1.0,1.0
yddG,53.0,67.0,65.0
yddH,14.0,16.0,6.0
yddJ,45.0,31.0,30.0
yddK,159.0,142.0,147.0
yddL,51.0,44.0,34.0
yddM,21.0,13.0,19.0
yddV,114.0,85.0,124.0
yddW,65.0,92.0,89.0
ydeA,68.0,60.0,76.0
ydeE,146.0,137.0,129.0
ydeH,104.0,85.0,132.0
ydeI,23.0,22.0,18.0
ydeJ,38.0,51.0,45.0
ydeK,66.0,57.0,74.0
ydeM,88.0,96.0,84.0
ydeN,69.0,87.0,75.0
ydeO,96.0,110.0,111.0
ydeP,90.0,96.0,109.0
ydeQ,79.0,55.0,90.0
ydeR,165.0,143.0,158.0
ydeS,131.0,133.0,129.0
ydeT,217.0,210.0,211.0
ydeU,51.0,54.0,61.0
ydfA,0.0,1.0,0.0
ydfB,4.0,8.0,5.0
ydfC,23.0,36.0,16.0
ydfD,1.0,5.0,4.0
ydfE,144.0,199.0,156.0
ydfG,35.0,38.0,56.0
ydfH,42.0,43.0,55.0
ydfI,107.0,83.0,73.0
ydfJ,124.0,110.0,134.0
ydfK,701.0,767.0,754.0
ydfO,49.0,43.0,43.0
ydfP,32.0,41.0,45.0
ydfQ,39.0,49.0,41.0
ydfR,3.0,8.0,5.0
ydfT,51.0,39.0,53.0
ydfU,35.0,28.0,40.0
ydfV,5.0,4.0,7.0
ydfW,21.0,25.0,28.0
ydfX,6.0,7.0,8.0
ydfZ,0.0,1.0,1.0
ydgA,57.0,41.0,47.0
ydgC,33.0,30.0,32.0
ydgD,71.0,81.0,66.0
ydgH,45.0,46.0,56.0
ydgI,0.0,0.0,0.0
ydgJ,15.0,20.0,12.0
ydgK,13.0,21.0,12.0
ydgT,0.0,1.0,0.0
ydhA,28.0,25.0,29.0
ydhB,75.0,53.0,66.0
ydhC,34.0,33.0,26.0
ydhF,43.0,34.0,53.0
ydhI,1.0,0.0,2.0
ydhJ,189.0,180.0,184.0
ydhK,41.0,44.0,36.0
ydhL,1.0,1.0,3.0
ydhM,0.0,0.0,1.0
ydhO,71.0,48.0,45.0
ydhP,9.0,16.0,13.0
ydhQ,92.0,85.0,108.0
ydhR,49.0,58.0,67.0
ydhS,97.0,94.0,89.0
ydhT,12.0,7.0,10.0
ydhU,24.0,24.0,24.0
ydhV,60.0,87.0,78.0
ydhW,58.0,54.0,43.0
ydhX,3.0,2.0,1.0
ydhY,60.0,55.0,50.0
ydhZ,77.0,78.0,95.0
ydiA,59.0,53.0,66.0
ydiB,90.0,79.0,80.0
ydiE,3.0,0.0,1.0
ydiF,35.0,26.0,29.0
ydiH,75.0,74.0,76.0
ydiI,94.0,81.0,121.0
ydiJ,31.0,46.0,48.0
ydiK,33.0,38.0,40.0
ydiL,57.0,67.0,55.0
ydiM,83.0,104.0,91.0
ydiN,112.0,102.0,102.0
ydiO,244.0,242.0,264.0
ydiP,96.0,79.0,102.0
ydiQ,247.0,230.0,218.0
ydiR,54.0,44.0,54.0
ydiS,60.0,42.0,65.0
ydiT,43.0,43.0,41.0
ydiU,60.0,63.0,68.0
ydiV,126.0,137.0,129.0
ydiY,112.0,104.0,100.0
ydiZ,7.0,16.0,7.0
ydjA,25.0,26.0,28.0
ydjE,101.0,108.0,112.0
ydjF,108.0,131.0,136.0
ydjG,79.0,95.0,96.0
ydjH,91.0,97.0,94.0
ydjI,122.0,121.0,125.0
ydjJ,63.0,47.0,56.0
ydjK,109.0,104.0,120.0
ydjL,63.0,51.0,76.0
ydjM,5.0,7.0,6.0
ydjN,1082.0,1097.0,1119.0
ydjO,133.0,129.0,130.0
ydjR,96.0,84.0,86.0
ydjX,31.0,28.0,31.0
ydjY,95.0,83.0,85.0
ydjZ,66.0,46.0,79.0
yeaB,2.0,3.0,3.0
yeaC,129.0,137.0,157.0
yeaD,139.0,141.0,170.0
yeaE,4.0,10.0,2.0
yeaG,168.0,169.0,138.0
yeaH,56.0,38.0,58.0
yeaI,77.0,58.0,88.0
yeaJ,84.0,81.0,85.0
yeaK,165.0,161.0,161.0
yeaL,13.0,8.0,10.0
yeaM,114.0,120.0,128.0
yeaN,19.0,20.0,23.0
yeaO,1.0,0.0,0.0
yeaP,79.0,92.0,79.0
yeaQ,17.0,18.0,20.0
yeaR,88.0,83.0,75.0
yeaS,115.0,131.0,119.0
yeaT,56.0,63.0,56.0
yeaU,0.0,1.0,0.0
yeaV,78.0,52.0,68.0
yeaW,2.0,3.0,1.0
yeaX,181.0,192.0,215.0
yeaY,148.0,121.0,140.0
yeaZ,2.0,2.0,9.0
yebA,112.0,156.0,128.0
yebB,77.0,80.0,54.0
yebC,60.0,52.0,54.0
yebE,1.0,4.0,6.0
yebF,4.0,7.0,6.0
yebG,43.0,32.0,43.0
yebK,68.0,82.0,89.0
yebN,73.0,79.0,70.0
yebO,45.0,45.0,39.0
yebQ,28.0,31.0,38.0
yebR,48.0,53.0,84.0
yebS,79.0,74.0,83.0
yebT,232.0,229.0,226.0
yebU,97.0,82.0,105.0
yebV,28.0,52.0,35.0
yebW,22.0,43.0,22.0
yebY,40.0,58.0,47.0
yebZ,0.0,2.0,0.0
yecA,1.0,8.0,8.0
yecC,116.0,102.0,90.0
yecD,38.0,22.0,31.0
yecE,0.0,0.0,0.0
yecF,33.0,29.0,25.0
yecG,285.0,252.0,305.0
yecH,2.0,3.0,4.0
yecI,218.0,186.0,204.0
yecJ,127.0,132.0,97.0
yecM,28.0,22.0,17.0
yecN,0.0,1.0,0.0
yecO,22.0,23.0,24.0
yecP,46.0,69.0,56.0
yecR,131.0,146.0,156.0
yecS,47.0,58.0,60.0
yecT,280.0,315.0,299.0
yedA,69.0,66.0,76.0
yedD,131.0,170.0,137.0
yedE,21.0,36.0,16.0
yedF,0.0,0.0,0.0
yedI,81.0,99.0,88.0
yedJ,6.0,11.0,4.0
yedK,8.0,11.0,4.0
yedL,33.0,34.0,32.0
yedM,25.0,12.0,16.0
yedN,102.0,98.0,96.0
yedP,28.0,36.0,30.0
yedQ,87.0,103.0,89.0
yedR,0.0,0.0,1.0
yedS,167.0,163.0,186.0
yedV,105.0,143.0,114.0
yedW,146.0,155.0,147.0
yedX,43.0,57.0,33.0
yedY,15.0,12.0,6.0
yedZ,78.0,64.0,59.0
yeeA,118.0,90.0,102.0
yeeD,122.0,103.0,80.0
yeeE,341.0,316.0,303.0
yeeF,114.0,137.0,113.0
yeeI,80.0,90.0,79.0
yeeJ,46.0,43.0,57.0
yeeL,145.0,172.0,161.0
yeeN,85.0,64.0,62.0
yeeO,59.0,40.0,41.0
yeeP,8.0,12.0,13.0
yeeR,51.0,50.0,44.0
yeeS,28.0,27.0,21.0
yeeT,0.0,0.0,0.0
yeeU,1.0,0.0,0.0
yeeV,21.0,9.0,14.0
yeeW,37.0,31.0,28.0
yeeX,45.0,26.0,45.0
yeeY,131.0,133.0,135.0
yeeZ,70.0,83.0,82.0
yefM,65.0,66.0,71.0
yegD,2.0,1.0,5.0
yegE,61.0,60.0,61.0
yegH,17.0,22.0,29.0
yegI,36.0,38.0,29.0
yegJ,59.0,69.0,59.0
yegK,28.0,49.0,48.0
yegL,49.0,56.0,41.0
yegP,18.0,20.0,39.0
yegQ,84.0,81.0,91.0
yegR,49.0,62.0,59.0
yegS,71.0,73.0,55.0
yegT,135.0,131.0,90.0
yegU,6.0,8.0,11.0
yegV,0.0,0.0,1.0
yegW,120.0,96.0,118.0
yegX,37.0,33.0,33.0
yegZ,20.0,38.0,41.0
yehA,92.0,91.0,100.0
yehB,82.0,77.0,79.0
yehC,136.0,118.0,116.0
yehD,95.0,114.0,106.0
yehE,44.0,29.0,31.0
yehI,88.0,84.0,95.0
yehK,11.0,17.0,24.0
yehL,12.0,10.0,7.0
yehM,43.0,50.0,62.0
yehP,32.0,40.0,31.0
yehQ,48.0,46.0,49.0
yehR,69.0,66.0,89.0
yehS,35.0,49.0,39.0
yehT,171.0,166.0,178.0
yehU,15.0,17.0,21.0
yehW,12.0,19.0,12.0
yehX,1.0,0.0,2.0
yehY,8.0,19.0,22.0
yehZ,52.0,43.0,59.0
yeiA,88.0,88.0,72.0
yeiB,4.0,3.0,6.0
yeiC,83.0,71.0,55.0
yeiE,0.0,1.0,1.0
yeiG,9.0,4.0,8.0
yeiH,40.0,45.0,39.0
yeiI,57.0,51.0,49.0
yeiJ,62.0,76.0,91.0
yeiL,48.0,48.0,44.0
yeiM,54.0,48.0,43.0
yeiN,71.0,84.0,80.0
yeiP,33.0,36.0,38.0
yeiQ,97.0,83.0,119.0
yeiR,2.0,2.0,4.0
yeiS,5.0,1.0,3.0
yeiT,42.0,55.0,61.0
yeiU,74.0,71.0,76.0
yeiW,0.0,0.0,0.0
yejA,67.0,61.0,61.0
yejB,85.0,88.0,85.0
yejE,59.0,60.0,79.0
yejF,20.0,12.0,9.0
yejG,2.0,4.0,2.0
yejH,54.0,35.0,35.0
yejK,66.0,84.0,67.0
yejL,1.0,1.0,1.0
yejM,34.0,18.0,30.0
yejO,113.0,96.0,110.0
yfaA,132.0,141.0,153.0
yfaD,156.0,155.0,156.0
yfaE,1.0,0.0,1.0
yfaH,74.0,67.0,76.0
yfaL,53.0,41.0,36.0
yfaP,57.0,88.0,83.0
yfaQ,33.0,38.0,38.0
yfaS,48.0,55.0,49.0
yfaT,54.0,83.0,103.0
yfaU,1.0,0.0,1.0
yfaV,19.0,20.0,30.0
yfaW,1.0,3.0,1.0
yfaX,71.0,83.0,82.0
yfaY,18.0,19.0,17.0
yfaZ,13.0,13.0,14.0
yfbB,21.0,23.0,15.0
yfbH,76.0,83.0,90.0
yfbJ,7.0,20.0,9.0
yfbK,88.0,73.0,90.0
yfbL,99.0,98.0,108.0
yfbM,109.0,83.0,100.0
yfbN,112.0,170.0,113.0
yfbO,13.0,9.0,8.0
yfbP,195.0,209.0,161.0
yfbQ,113.0,106.0,121.0
yfbR,8.0,9.0,8.0
yfbS,76.0,61.0,60.0
yfbT,31.0,27.0,43.0
yfbU,58.0,52.0,63.0
yfbV,17.0,11.0,8.0
yfbW,0.0,1.0,0.0
yfcA,1.0,3.0,1.0
yfcC,53.0,44.0,55.0
yfcD,1.0,3.0,4.0
yfcE,2.0,2.0,0.0
yfcF,58.0,49.0,41.0
yfcG,103.0,90.0,85.0
yfcH,17.0,22.0,15.0
yfcI,38.0,56.0,48.0
yfcJ,12.0,13.0,5.0
yfcL,12.0,18.0,28.0
yfcM,8.0,10.0,14.0
yfcN,0.0,1.0,0.0
yfcO,76.0,94.0,88.0
yfcP,49.0,30.0,23.0
yfcQ,14.0,15.0,20.0
yfcR,57.0,70.0,52.0
yfcS,49.0,38.0,51.0
yfcU,95.0,117.0,117.0
yfcV,263.0,311.0,279.0
yfcY,3.0,8.0,3.0
yfcZ,3.0,1.0,5.0
yfdC,21.0,11.0,18.0
yfdE,115.0,103.0,119.0
yfdF,65.0,77.0,76.0
yfdG,73.0,65.0,63.0
yfdH,187.0,176.0,191.0
yfdI,54.0,55.0,70.0
yfdK,62.0,57.0,52.0
yfdL,17.0,13.0,21.0
yfdM,5.0,5.0,3.0
yfdN,0.0,0.0,0.0
yfdO,26.0,15.0,23.0
yfdP,23.0,12.0,12.0
yfdQ,83.0,77.0,86.0
yfdR,118.0,137.0,137.0
yfdS,54.0,63.0,55.0
yfdT,10.0,11.0,13.0
yfdV,68.0,79.0,59.0
yfdX,70.0,103.0,78.0
yfdY,17.0,28.0,20.0
yfdZ,0.0,0.0,1.0
yfeA,124.0,143.0,124.0
yfeC,65.0,67.0,66.0
yfeD,2.0,3.0,6.0
yfeG,2.0,1.0,2.0
yfeH,31.0,24.0,38.0
yfeK,34.0,48.0,49.0
yfeN,84.0,60.0,83.0
yfeO,12.0,10.0,22.0
yfeR,1.0,0.0,3.0
yfeS,87.0,88.0,107.0
yfeT,166.0,191.0,184.0
yfeU,15.0,12.0,20.0
yfeW,14.0,26.0,23.0
yfeX,1.0,0.0,0.0
yfeY,51.0,58.0,66.0
yfeZ,8.0,7.0,8.0
yffB,2.0,7.0,5.0
yffI,4.0,10.0,6.0
yffL,35.0,44.0,32.0
yffM,1.0,0.0,0.0
yffN,29.0,27.0,37.0
yffO,59.0,57.0,49.0
yffP,19.0,32.0,32.0
yffQ,161.0,135.0,146.0
yffR,21.0,19.0,15.0
yffS,34.0,27.0,33.0
yfgA,31.0,27.0,30.0
yfgB,150.0,151.0,146.0
yfgC,12.0,19.0,20.0
yfgD,60.0,44.0,56.0
yfgF,48.0,43.0,52.0
yfgG,0.0,0.0,0.0
yfgH,37.0,34.0,42.0
yfgI,123.0,126.0,105.0
yfgJ,0.0,0.0,0.0
yfgL,61.0,67.0,69.0
yfgM,40.0,55.0,49.0
yfgO,1.0,1.0,0.0
yfhA,129.0,130.0,151.0
yfhB,1.0,1.0,1.0
yfhD,94.0,99.0,98.0
yfhG,7.0,6.0,5.0
yfhH,18.0,25.0,41.0
yfhJ,66.0,37.0,48.0
yfhK,23.0,23.0,25.0
yfhL,149.0,142.0,190.0
yfhM,141.0,137.0,140.0
yfhQ,16.0,26.0,25.0
yfhR,9.0,11.0,5.0
yfiB,78.0,76.0,104.0
yfiC,51.0,40.0,51.0
yfiD,33.0,40.0,32.0
yfiE,31.0,24.0,36.0
yfiF,46.0,23.0,32.0
yfiH,7.0,4.0,10.0
yfiK,24.0,18.0,16.0
yfiL,16.0,19.0,29.0
yfiM,0.0,0.0,1.0
yfiN,30.0,32.0,38.0
yfiO,28.0,33.0,26.0
yfiP,3.0,8.0,7.0
yfiQ,31.0,28.0,20.0
yfiR,59.0,50.0,53.0
yfjD,165.0,188.0,151.0
yfjF,6.0,4.0,16.0
yfjG,19.0,12.0,15.0
yfjH,194.0,201.0,202.0
yfjI,149.0,142.0,164.0
yfjJ,74.0,70.0,81.0
yfjK,70.0,50.0,57.0
yfjL,28.0,40.0,41.0
yfjM,37.0,37.0,49.0
yfjN,99.0,80.0,99.0
yfjO,237.0,240.0,235.0
yfjP,49.0,50.0,50.0
yfjQ,2.0,0.0,1.0
yfjR,3.0,6.0,5.0
yfjS,27.0,33.0,29.0
yfjT,3.0,9.0,3.0
yfjU,58.0,56.0,53.0
yfjV,29.0,24.0,29.0
yfjW,31.0,35.0,36.0
yfjX,60.0,43.0,62.0
yfjY,5.0,5.0,2.0
yfjZ,36.0,27.0,30.0
ygaC,33.0,41.0,45.0
ygaD,1.0,0.0,0.0
ygaF,0.0,0.0,0.0
ygaH,0.0,0.0,2.0
ygaM,99.0,110.0,98.0
ygaP,52.0,41.0,50.0
ygaQ,258.0,238.0,262.0
ygaT,79.0,75.0,73.0
ygaU,11.0,11.0,15.0
ygaV,5.0,5.0,3.0
ygaW,91.0,64.0,54.0
ygaY,77.0,67.0,80.0
ygaZ,2.0,1.0,2.0
ygbA,2.0,1.0,1.0
ygbE,0.0,1.0,3.0
ygbF,41.0,39.0,44.0
ygbI,213.0,183.0,181.0
ygbJ,43.0,32.0,27.0
ygbK,7.0,16.0,8.0
ygbL,5.0,7.0,14.0
ygbM,7.0,5.0,4.0
ygbN,69.0,78.0,69.0
ygbT,125.0,141.0,113.0
ygcB,58.0,68.0,56.0
ygcE,135.0,127.0,142.0
ygcF,27.0,35.0,21.0
ygcG,100.0,116.0,90.0
ygcH,73.0,72.0,94.0
ygcI,36.0,66.0,57.0
ygcJ,53.0,50.0,40.0
ygcK,123.0,105.0,116.0
ygcL,164.0,165.0,144.0
ygcN,7.0,10.0,10.0
ygcP,148.0,123.0,138.0
ygcQ,0.0,1.0,1.0
ygcR,30.0,31.0,26.0
ygcS,52.0,75.0,71.0
ygcU,78.0,89.0,80.0
ygcW,76.0,63.0,63.0
ygdB,1.0,0.0,2.0
ygdD,0.0,0.0,0.0
ygdE,98.0,87.0,85.0
ygdH,76.0,77.0,99.0
ygdI,98.0,87.0,91.0
ygdK,25.0,16.0,9.0
ygdL,4.0,5.0,1.0
ygdQ,7.0,5.0,12.0
ygdR,2.0,0.0,1.0
ygeA,1.0,0.0,2.0
ygeD,113.0,106.0,111.0
ygeF,2.0,1.0,0.0
ygeG,10.0,11.0,12.0
ygeH,52.0,51.0,79.0
ygeI,0.0,2.0,1.0
ygeK,100.0,82.0,110.0
ygeN,7.0,32.0,14.0
ygeO,2.0,6.0,2.0
ygeQ,332.0,317.0,297.0
ygeR,282.0,265.0,300.0
ygeV,59.0,82.0,70.0
ygeW,17.0,18.0,26.0
ygeX,59.0,52.0,54.0
ygeY,40.0,37.0,40.0
ygfA,5.0,5.0,7.0
ygfB,81.0,91.0,86.0
ygfF,2.0,1.0,2.0
ygfG,164.0,146.0,154.0
ygfH,46.0,53.0,59.0
ygfI,44.0,38.0,38.0
ygfJ,144.0,146.0,137.0
ygfK,121.0,98.0,100.0
ygfM,28.0,20.0,26.0
ygfO,59.0,44.0,75.0
ygfQ,38.0,46.0,38.0
ygfS,0.0,4.0,0.0
ygfT,88.0,61.0,84.0
ygfU,24.0,23.0,25.0
ygfX,0.0,0.0,0.0
ygfY,52.0,57.0,49.0
ygfZ,52.0,43.0,39.0
yggC,52.0,57.0,76.0
yggD,116.0,116.0,108.0
yggE,97.0,85.0,77.0
yggF,1.0,0.0,1.0
yggG,3.0,4.0,4.0
yggJ,76.0,60.0,71.0
yggL,19.0,24.0,39.0
yggM,35.0,35.0,60.0
yggN,14.0,13.0,12.0
yggP,52.0,41.0,56.0
yggR,69.0,59.0,59.0
yggS,36.0,30.0,30.0
yggT,36.0,46.0,40.0
yggU,2.0,0.0,0.0
yggV,28.0,17.0,18.0
yggW,48.0,54.0,49.0
yggX,6.0,8.0,9.0
yghA,6.0,2.0,14.0
yghB,121.0,108.0,116.0
yghD,47.0,40.0,36.0
yghE,0.0,2.0,2.0
yghF,98.0,100.0,107.0
yghG,1.0,6.0,1.0
yghJ,85.0,87.0,84.0
yghO,144.0,133.0,175.0
yghQ,16.0,16.0,17.0
yghR,33.0,33.0,37.0
yghS,30.0,36.0,35.0
yghT,28.0,15.0,37.0
yghU,10.0,6.0,4.0
yghW,90.0,58.0,66.0
yghX,28.0,28.0,25.0
yghY,33.0,42.0,38.0
yghZ,118.0,128.0,118.0
ygiA,1.0,0.0,0.0
ygiB,13.0,14.0,13.0
ygiC,152.0,141.0,131.0
ygiD,2.0,7.0,3.0
ygiF,66.0,49.0,40.0
ygiH,26.0,30.0,38.0
ygiL,68.0,70.0,87.0
ygiN,27.0,18.0,30.0
ygiP,15.0,24.0,18.0
ygiQ,25.0,18.0,16.0
ygiS,269.0,313.0,265.0
ygiT,26.0,39.0,29.0
ygiV,1.0,2.0,1.0
ygiW,31.0,26.0,26.0
ygiZ,13.0,5.0,12.0
ygjD,27.0,22.0,14.0
ygjE,3.0,1.0,0.0
ygjG,154.0,148.0,141.0
ygjH,19.0,35.0,32.0
ygjI,54.0,30.0,23.0
ygjJ,6.0,12.0,7.0
ygjK,69.0,60.0,55.0
ygjM,8.0,7.0,5.0
ygjN,35.0,56.0,36.0
ygjO,43.0,27.0,26.0
ygjP,60.0,61.0,43.0
ygjQ,8.0,13.0,9.0
ygjR,35.0,39.0,34.0
ygjV,38.0,33.0,24.0
yhaB,56.0,41.0,46.0
yhaC,46.0,30.0,53.0
yhaH,0.0,2.0,2.0
yhaI,28.0,34.0,33.0
yhaJ,25.0,26.0,28.0
yhaK,53.0,66.0,51.0
yhaL,0.0,2.0,1.0
yhaM,18.0,7.0,15.0
yhaO,72.0,68.0,86.0
yhaV,220.0,207.0,213.0
yhbC,54.0,49.0,57.0
yhbE,27.0,23.0,29.0
yhbG,1.0,4.0,1.0
yhbJ,6.0,8.0,4.0
yhbN,54.0,39.0,37.0
yhbO,7.0,16.0,6.0
yhbP,54.0,42.0,59.0
yhbQ,0.0,0.0,0.0
yhbS,38.0,28.0,37.0
yhbT,39.0,33.0,41.0
yhbU,0.0,3.0,3.0
yhbV,0.0,0.0,3.0
yhbW,17.0,13.0,15.0
yhbX,115.0,93.0,121.0
yhbY,1.0,1.0,0.0
yhcA,70.0,80.0,81.0
yhcB,78.0,75.0,86.0
yhcC,13.0,8.0,17.0
yhcD,49.0,61.0,45.0
yhcE,49.0,42.0,52.0
yhcF,156.0,133.0,119.0
yhcG,130.0,140.0,129.0
yhcH,41.0,51.0,38.0
yhcM,63.0,34.0,60.0
yhcN,0.0,1.0,1.0
yhcO,15.0,23.0,14.0
yhdA,62.0,74.0,78.0
yhdE,41.0,42.0,45.0
yhdH,85.0,67.0,89.0
yhdJ,79.0,91.0,86.0
yhdL,338.0,360.0,377.0
yhdN,124.0,152.0,118.0
yhdP,107.0,128.0,144.0
yhdT,0.0,2.0,0.0
yhdU,32.0,36.0,34.0
yhdV,31.0,27.0,24.0
yhdW,115.0,111.0,124.0
yhdX,32.0,33.0,43.0
yhdY,52.0,49.0,59.0
yhdZ,91.0,115.0,111.0
yheL,0.0,0.0,0.0
yheM,12.0,5.0,13.0
yheN,0.0,0.0,0.0
yheO,81.0,79.0,74.0
yheS,22.0,22.0,25.0
yheT,0.0,0.0,1.0
yheU,58.0,61.0,67.0
yheV,32.0,30.0,27.0
yhfA,0.0,2.0,1.0
yhfG,0.0,0.0,2.0
yhfK,43.0,51.0,46.0
yhfL,73.0,88.0,65.0
yhfS,1.0,0.0,0.0
yhfT,0.0,0.0,0.0
yhfU,5.0,6.0,4.0
yhfW,26.0,19.0,23.0
yhfX,58.0,50.0,42.0
yhfY,47.0,36.0,43.0
yhfZ,192.0,177.0,188.0
yhgA,129.0,113.0,148.0
yhgE,51.0,49.0,71.0
yhgF,22.0,11.0,15.0
yhgG,1.0,1.0,1.0
yhgN,2.0,0.0,1.0
yhhA,33.0,33.0,37.0
yhhF,19.0,13.0,23.0
yhhH,1.0,0.0,0.0
yhhI,64.0,58.0,74.0
yhhJ,36.0,31.0,30.0
yhhK,0.0,1.0,0.0
yhhL,3.0,2.0,3.0
yhhM,2.0,2.0,1.0
yhhN,9.0,9.0,3.0
yhhQ,103.0,106.0,112.0
yhhS,53.0,51.0,62.0
yhhT,66.0,71.0,74.0
yhhW,26.0,33.0,34.0
yhhX,46.0,60.0,55.0
yhhY,11.0,5.0,11.0
yhhZ,109.0,116.0,127.0
yhiD,113.0,107.0,81.0
yhiF,74.0,72.0,86.0
yhiI,0.0,0.0,0.0
yhiJ,72.0,90.0,101.0
yhiL,112.0,120.0,104.0
yhiM,61.0,68.0,86.0
yhiN,0.0,0.0,0.0
yhiP,57.0,53.0,34.0
yhiQ,0.0,0.0,0.0
yhiR,8.0,16.0,15.0
yhiS,77.0,109.0,100.0
yhjA,88.0,122.0,111.0
yhjB,128.0,114.0,134.0
yhjC,13.0,22.0,23.0
yhjD,10.0,5.0,8.0
yhjE,99.0,97.0,113.0
yhjG,274.0,296.0,328.0
yhjH,22.0,21.0,38.0
yhjJ,53.0,61.0,51.0
yhjK,143.0,150.0,144.0
yhjQ,41.0,40.0,36.0
yhjR,124.0,113.0,98.0
yhjV,65.0,69.0,54.0
yhjX,22.0,21.0,19.0
yhjY,33.0,36.0,33.0
yiaA,43.0,72.0,79.0
yiaB,97.0,97.0,71.0
yiaC,3.0,2.0,6.0
yiaD,56.0,51.0,58.0
yiaF,55.0,74.0,79.0
yiaG,26.0,22.0,29.0
yiaH,37.0,32.0,34.0
yiaJ,0.0,1.0,1.0
yiaK,0.0,2.0,4.0
yiaL,42.0,42.0,43.0
yiaM,2.0,0.0,0.0
yiaN,45.0,49.0,38.0
yiaO,14.0,12.0,18.0
yiaT,110.0,108.0,102.0
yiaU,47.0,45.0,73.0
yiaV,2.0,1.0,1.0
yiaW,11.0,14.0,15.0
yiaY,70.0,90.0,57.0
yibA,79.0,79.0,98.0
yibD,61.0,77.0,95.0
yibF,4.0,7.0,1.0
yibG,80.0,66.0,78.0
yibH,62.0,72.0,71.0
yibI,1.0,1.0,2.0
yibJ,49.0,48.0,51.0
yibK,9.0,6.0,3.0
yibL,7.0,3.0,4.0
yibN,69.0,77.0,78.0
yibQ,65.0,49.0,41.0
yibT,8.0,11.0,1.0
yicC,26.0,26.0,28.0
yicE,0.0,0.0,2.0
yicG,37.0,46.0,49.0
yicH,97.0,114.0,101.0
yicI,64.0,55.0,40.0
yicJ,66.0,52.0,64.0
yicL,42.0,35.0,39.0
yicN,89.0,95.0,79.0
yicO,64.0,58.0,50.0
yicR,8.0,8.0,15.0
yicS,6.0,11.0,14.0
yidA,28.0,38.0,27.0
yidB,1.0,0.0,0.0
yidC,36.0,48.0,49.0
yidD,2.0,4.0,6.0
yidE,12.0,9.0,9.0
yidF,41.0,15.0,16.0
yidG,0.0,1.0,1.0
yidH,26.0,23.0,37.0
yidI,43.0,62.0,50.0
yidJ,62.0,42.0,63.0
yidK,153.0,169.0,158.0
yidL,101.0,97.0,107.0
yidP,35.0,26.0,28.0
yidQ,5.0,4.0,0.0
yidR,97.0,93.0,105.0
yidX,40.0,43.0,52.0
yidZ,11.0,13.0,8.0
yieE,2.0,0.0,0.0
yieF,21.0,14.0,32.0
yieG,14.0,10.0,3.0
yieH,87.0,99.0,91.0
yieI,117.0,101.0,83.0
yieK,64.0,49.0,49.0
yieL,88.0,70.0,81.0
yieP,126.0,114.0,123.0
yifB,80.0,50.0,62.0
yifE,1.0,5.0,4.0
yifK,121.0,103.0,124.0
yifL,2.0,0.0,0.0
yifN,19.0,15.0,19.0
yifO,51.0,48.0,58.0
yigA,63.0,60.0,42.0
yigB,0.0,0.0,0.0
yigE,76.0,74.0,91.0
yigF,2.0,1.0,1.0
yigG,95.0,89.0,112.0
yigI,59.0,66.0,69.0
yigL,70.0,64.0,74.0
yigM,1.0,0.0,0.0
yigP,0.0,1.0,1.0
yigZ,81.0,74.0,86.0
yihA,28.0,20.0,21.0
yihD,0.0,1.0,0.0
yihE,115.0,132.0,123.0
yihF,35.0,34.0,37.0
yihG,124.0,108.0,118.0
yihI,83.0,81.0,63.0
yihL,6.0,6.0,1.0
yihM,113.0,95.0,129.0
yihN,54.0,58.0,40.0
yihO,65.0,60.0,81.0
yihP,50.0,52.0,60.0
yihQ,19.0,15.0,24.0
yihR,64.0,75.0,67.0
yihS,100.0,85.0,99.0
yihT,10.0,19.0,16.0
yihU,0.0,1.0,0.0
yihV,6.0,9.0,3.0
yihW,23.0,28.0,28.0
yihX,24.0,26.0,19.0
yiiD,58.0,86.0,66.0
yiiE,0.0,0.0,0.0
yiiF,58.0,51.0,58.0
yiiG,73.0,73.0,55.0
yiiM,0.0,0.0,0.0
yiiQ,2.0,1.0,2.0
yiiR,45.0,42.0,65.0
yiiS,28.0,32.0,29.0
yiiT,61.0,57.0,51.0
yiiU,46.0,50.0,46.0
yiiX,34.0,67.0,48.0
yijD,24.0,28.0,32.0
yijE,27.0,36.0,38.0
yijF,31.0,28.0,38.0
yijO,16.0,14.0,18.0
yijP,54.0,62.0,64.0
yjaA,31.0,32.0,25.0
yjaB,5.0,4.0,13.0
yjaG,46.0,73.0,59.0
yjaH,0.0,1.0,0.0
yjbB,12.0,10.0,14.0
yjbD,13.0,15.0,7.0
yjbE,0.0,0.0,0.0
yjbF,12.0,12.0,8.0
yjbG,5.0,7.0,1.0
yjbH,194.0,152.0,162.0
yjbI,65.0,71.0,65.0
yjbJ,77.0,107.0,104.0
yjbL,0.0,0.0,0.0
yjbM,57.0,76.0,76.0
yjbO,0.0,0.0,0.0
yjbQ,42.0,46.0,50.0
yjbR,1.0,0.0,1.0
yjcB,49.0,44.0,48.0
yjcC,44.0,42.0,59.0
yjcD,68.0,62.0,47.0
yjcE,2.0,9.0,7.0
yjcF,91.0,95.0,98.0
yjcH,23.0,22.0,20.0
yjcO,71.0,78.0,76.0
yjcP,257.0,275.0,272.0
yjcQ,43.0,47.0,53.0
yjcR,5.0,3.0,2.0
yjcS,115.0,95.0,107.0
yjcZ,2.0,0.0,0.0
yjdA,46.0,52.0,51.0
yjdC,26.0,20.0,29.0
yjdF,7.0,4.0,8.0
yjdI,0.0,1.0,0.0
yjdJ,69.0,72.0,63.0
yjdK,25.0,40.0,40.0
yjdL,55.0,65.0,68.0
yjdO,1.0,0.0,0.0
yjdP,32.0,26.0,34.0
yjeE,20.0,16.0,23.0
yjeF,11.0,19.0,4.0
yjeH,0.0,0.0,1.0
yjeI,1.0,0.0,0.0
yjeJ,48.0,66.0,59.0
yjeK,79.0,75.0,82.0
yjeM,58.0,84.0,95.0
yjeN,0.0,0.0,0.0
yjeO,41.0,56.0,41.0
yjeP,123.0,110.0,118.0
yjeS,24.0,25.0,35.0
yjeT,3.0,1.0,2.0
yjfC,7.0,10.0,1.0
yjfF,20.0,16.0,15.0
yjfI,74.0,62.0,78.0
yjfJ,76.0,64.0,88.0
yjfK,68.0,58.0,62.0
yjfL,10.0,6.0,6.0
yjfM,60.0,69.0,44.0
yjfN,1.0,0.0,1.0
yjfO,17.0,15.0,12.0
yjfP,29.0,26.0,32.0
yjfY,41.0,29.0,40.0
yjfZ,74.0,79.0,71.0
yjgA,91.0,72.0,75.0
yjgB,54.0,59.0,50.0
yjgF,39.0,30.0,39.0
yjgH,7.0,3.0,11.0
yjgI,21.0,15.0,13.0
yjgJ,28.0,33.0,32.0
yjgK,96.0,81.0,94.0
yjgL,54.0,52.0,61.0
yjgM,103.0,73.0,91.0
yjgN,122.0,101.0,126.0
yjgP,129.0,106.0,118.0
yjgQ,85.0,113.0,113.0
yjgR,136.0,134.0,146.0
yjgW,16.0,17.0,22.0
yjgX,82.0,46.0,70.0
yjgZ,0.0,2.0,0.0
yjhA,98.0,116.0,112.0
yjhB,25.0,26.0,25.0
yjhC,76.0,87.0,88.0
yjhD,54.0,49.0,72.0
yjhE,6.0,4.0,2.0
yjhF,41.0,36.0,38.0
yjhG,81.0,95.0,89.0
yjhH,4.0,14.0,12.0
yjhI,145.0,175.0,150.0
yjhP,7.0,5.0,1.0
yjhQ,0.0,0.0,0.0
yjhR,80.0,87.0,87.0
yjhS,69.0,88.0,77.0
yjhT,33.0,36.0,43.0
yjhU,26.0,31.0,28.0
yjhV,93.0,95.0,102.0
yjhW,8.0,7.0,14.0
yjhX,38.0,48.0,37.0
yjiA,70.0,59.0,82.0
yjiC,55.0,50.0,40.0
yjiD,12.0,9.0,7.0
yjiE,0.0,2.0,2.0
yjiG,12.0,6.0,3.0
yjiH,2.0,2.0,3.0
yjiJ,1.0,0.0,0.0
yjiK,46.0,54.0,40.0
yjiL,0.0,1.0,2.0
yjiM,112.0,105.0,91.0
yjiN,58.0,54.0,51.0
yjiO,33.0,18.0,26.0
yjiP,224.0,255.0,232.0
yjiR,33.0,54.0,35.0
yjiS,0.0,0.0,0.0
yjiT,92.0,95.0,80.0
yjiV,123.0,117.0,113.0
yjiW,1.0,0.0,0.0
yjiX,0.0,2.0,1.0
yjiY,11.0,11.0,8.0
yjiZ,51.0,40.0,39.0
yjjA,1.0,0.0,0.0
yjjB,20.0,15.0,24.0
yjjG,92.0,96.0,127.0
yjjI,63.0,72.0,94.0
yjjJ,0.0,0.0,0.0
yjjK,133.0,121.0,118.0
yjjM,83.0,92.0,77.0
yjjN,109.0,91.0,118.0
yjjP,106.0,98.0,102.0
yjjQ,147.0,157.0,156.0
yjjU,20.0,19.0,33.0
yjjV,22.0,31.0,22.0
yjjW,0.0,0.0,0.0
yjjX,5.0,1.0,10.0
yjjY,5.0,4.0,5.0
yjjZ,67.0,54.0,74.0
yjtD,50.0,46.0,54.0
ykfA,88.0,103.0,99.0
ykfB,14.0,10.0,18.0
ykfC,98.0,92.0,99.0
ykfF,2.0,4.0,5.0
ykfG,14.0,13.0,7.0
ykfH,0.0,0.0,0.0
ykfI,0.0,2.0,0.0
ykfJ,0.0,1.0,0.0
ykgA,101.0,81.0,93.0
ykgB,69.0,96.0,104.0
ykgC,68.0,50.0,65.0
ykgD,37.0,34.0,31.0
ykgE,23.0,23.0,18.0
ykgF,43.0,35.0,39.0
ykgG,15.0,7.0,18.0
ykgH,80.0,92.0,72.0
ykgI,48.0,54.0,42.0
ykgJ,12.0,3.0,7.0
ykgK,79.0,86.0,107.0
ykgL,43.0,61.0,57.0
ykgM,50.0,57.0,48.0
ykgN,133.0,156.0,167.0
ykgO,39.0,32.0,43.0
ykiA,2.0,1.0,3.0
ykiB,1.0,4.0,1.0
ylaB,54.0,55.0,44.0
ylaC,14.0,27.0,27.0
ylbA,32.0,23.0,28.0
ylbE,1.0,3.0,3.0
ylbF,0.0,1.0,0.0
ylbG,52.0,48.0,63.0
ylbH,131.0,139.0,149.0
ylcG,0.0,0.0,0.0
yliA,74.0,78.0,91.0
yliB,155.0,164.0,124.0
yliC,27.0,33.0,21.0
yliD,62.0,57.0,45.0
yliE,74.0,47.0,44.0
yliF,94.0,86.0,97.0
yliG,36.0,46.0,43.0
yliI,32.0,44.0,37.0
yliJ,53.0,48.0,47.0
yliK,16.0,31.0,19.0
yliL,53.0,39.0,49.0
ymbA,100.0,93.0,96.0
ymcB,21.0,13.0,18.0
ymcC,71.0,57.0,78.0
ymcD,0.0,0.0,0.0
ymcE,13.0,20.0,16.0
ymdA,7.0,10.0,3.0
ymdB,3.0,5.0,11.0
ymdC,57.0,68.0,60.0
ymdE,8.0,9.0,5.0
ymdF,8.0,7.0,6.0
ymfA,23.0,30.0,35.0
ymfD,12.0,8.0,17.0
ymfE,16.0,16.0,24.0
ymfG,58.0,70.0,64.0
ymfH,1.0,1.0,2.0
ymfI,149.0,161.0,173.0
ymfJ,2.0,0.0,2.0
ymfK,167.0,198.0,174.0
ymfL,20.0,13.0,19.0
ymfM,0.0,0.0,2.0
ymfN,2.0,7.0,10.0
ymfO,4.0,4.0,6.0
ymfP,18.0,17.0,21.0
ymfQ,0.0,0.0,0.0
ymfR,9.0,11.0,7.0
ymfS,157.0,145.0,173.0
ymfT,0.0,0.0,0.0
ymgA,62.0,38.0,69.0
ymgB,35.0,40.0,57.0
ymgC,13.0,18.0,26.0
ymgD,13.0,6.0,4.0
ymgE,0.0,0.0,0.0
ymgF,0.0,3.0,0.0
ymgG,2.0,0.0,9.0
ymgH,30.0,43.0,44.0
ymiA,1.0,0.0,0.0
ymjA,103.0,112.0,97.0
ymjC,11.0,29.0,17.0
ynaA,161.0,159.0,157.0
ynaI,59.0,74.0,81.0
ynaJ,123.0,137.0,144.0
ynaK,2.0,4.0,3.0
ynbA,113.0,101.0,125.0
ynbB,61.0,89.0,69.0
ynbC,106.0,107.0,107.0
ynbD,67.0,78.0,55.0
ynbE,10.0,9.0,6.0
yncA,35.0,40.0,38.0
yncB,88.0,68.0,112.0
yncC,89.0,96.0,81.0
yncD,39.0,52.0,55.0
yncE,93.0,82.0,84.0
yncG,54.0,54.0,71.0
yncH,36.0,36.0,46.0
yncI,235.0,253.0,269.0
yncJ,25.0,17.0,27.0
yncK,126.0,117.0,109.0
yncN,1.0,0.0,1.0
yneE,39.0,38.0,51.0
yneF,48.0,38.0,49.0
yneG,8.0,7.0,5.0
yneH,97.0,100.0,84.0
yneI,0.0,1.0,0.0
yneJ,42.0,40.0,42.0
yneK,54.0,52.0,46.0
yneL,44.0,41.0,47.0
ynfA,7.0,9.0,10.0
ynfB,0.0,0.0,0.0
ynfC,143.0,144.0,141.0
ynfD,4.0,4.0,3.0
ynfE,100.0,74.0,86.0
ynfF,101.0,102.0,95.0
ynfG,3.0,2.0,5.0
ynfH,0.0,0.0,0.0
ynfK,1.0,1.0,2.0
ynfL,3.0,2.0,2.0
ynfM,7.0,5.0,2.0
ynfN,23.0,29.0,15.0
ynfO,0.0,0.0,1.0
ynfP,1.0,1.0,0.0
ynhG,139.0,143.0,159.0
yniA,37.0,29.0,44.0
yniB,150.0,127.0,152.0
yniC,16.0,27.0,12.0
yniD,0.0,0.0,0.0
ynjA,3.0,6.0,7.0
ynjB,0.0,0.0,0.0
ynjC,41.0,32.0,35.0
ynjD,70.0,47.0,63.0
ynjE,6.0,4.0,5.0
ynjF,8.0,6.0,6.0
ynjH,47.0,44.0,46.0
ynjI,88.0,89.0,110.0
yoaA,0.0,0.0,0.0
yoaB,0.0,0.0,2.0
yoaC,7.0,3.0,4.0
yoaD,169.0,181.0,182.0
yoaE,6.0,2.0,15.0
yoaF,0.0,0.0,0.0
yoaG,84.0,66.0,91.0
yoaH,14.0,17.0,18.0
yoaI,4.0,3.0,0.0
yobA,96.0,85.0,90.0
yobB,0.0,0.0,0.0
yobD,103.0,90.0,95.0
yobF,50.0,59.0,56.0
yobG,23.0,35.0,36.0
yobH,86.0,96.0,93.0
yodA,62.0,55.0,54.0
yodB,91.0,95.0,79.0
yodC,0.0,0.0,0.0
yodD,86.0,90.0,66.0
yoeA,29.0,28.0,28.0
yoeB,4.0,5.0,3.0
yoeF,37.0,29.0,36.0
yohC,15.0,8.0,8.0
yohD,0.0,1.0,1.0
yohF,0.0,0.0,0.0
yohJ,0.0,0.0,0.0
yohK,3.0,8.0,7.0
yohL,80.0,71.0,84.0
yohM,62.0,54.0,77.0
yohN,19.0,8.0,16.0
yojI,200.0,201.0,182.0
yojL,90.0,78.0,77.0
ypaA,38.0,44.0,35.0
ypdA,182.0,178.0,195.0
ypdB,125.0,126.0,133.0
ypdC,29.0,28.0,28.0
ypdD,34.0,46.0,35.0
ypdE,19.0,12.0,15.0
ypdF,30.0,20.0,27.0
ypdG,1.0,4.0,7.0
ypdH,67.0,80.0,80.0
ypdI,20.0,32.0,24.0
ypdJ,17.0,12.0,10.0
ypeA,80.0,81.0,62.0
ypeB,22.0,18.0,22.0
ypeC,48.0,45.0,40.0
ypfE,59.0,59.0,46.0
ypfG,16.0,15.0,19.0
ypfH,11.0,14.0,21.0
ypfI,38.0,25.0,34.0
ypfJ,47.0,33.0,30.0
ypfN,3.0,0.0,0.0
yphA,22.0,20.0,14.0
yphB,13.0,8.0,12.0
yphC,0.0,0.0,1.0
yphD,15.0,30.0,23.0
yphE,0.0,0.0,0.0
yphF,86.0,104.0,81.0
yphG,61.0,81.0,67.0
yphH,130.0,137.0,139.0
ypjA,100.0,117.0,98.0
ypjC,239.0,237.0,257.0
ypjD,56.0,41.0,42.0
ypjF,98.0,102.0,94.0
ypjJ,0.0,0.0,0.0
ypjK,4.0,3.0,4.0
yqaA,12.0,10.0,13.0
yqaB,50.0,59.0,54.0
yqaE,26.0,17.0,15.0
yqcA,51.0,48.0,40.0
yqcC,0.0,2.0,3.0
yqcE,73.0,57.0,77.0
yqeA,133.0,123.0,126.0
yqeB,0.0,1.0,1.0
yqeC,46.0,45.0,44.0
yqeF,42.0,33.0,63.0
yqeG,104.0,109.0,97.0
yqeH,335.0,407.0,377.0
yqeI,39.0,58.0,54.0
yqeJ,18.0,4.0,9.0
yqeK,51.0,56.0,47.0
yqfA,69.0,72.0,65.0
yqfB,2.0,2.0,5.0
yqfE,47.0,50.0,47.0
yqgA,51.0,58.0,56.0
yqgB,2.0,0.0,2.0
yqgC,0.0,0.0,0.0
yqgD,47.0,43.0,58.0
yqgE,0.0,0.0,0.0
yqgF,15.0,8.0,1.0
yqhA,191.0,199.0,179.0
yqhC,99.0,103.0,100.0
yqhD,0.0,0.0,0.0
yqhG,98.0,97.0,96.0
yqhH,0.0,0.0,0.0
yqiA,0.0,0.0,0.0
yqiB,22.0,20.0,21.0
yqiC,4.0,6.0,7.0
yqiG,72.0,78.0,57.0
yqiH,128.0,141.0,158.0
yqiI,42.0,46.0,45.0
yqiJ,74.0,74.0,88.0
yqiK,112.0,111.0,124.0
yqjA,12.0,13.0,12.0
yqjB,21.0,11.0,14.0
yqjC,39.0,55.0,39.0
yqjD,3.0,10.0,10.0
yqjE,0.0,0.0,0.0
yqjF,1.0,1.0,1.0
yqjG,79.0,83.0,87.0
yqjH,17.0,26.0,21.0
yqjI,2.0,2.0,3.0
yqjK,27.0,25.0,19.0
yraH,80.0,99.0,93.0
yraI,65.0,52.0,55.0
yraJ,84.0,90.0,86.0
yraK,22.0,31.0,35.0
yraL,6.0,11.0,18.0
yraM,26.0,19.0,21.0
yraN,15.0,14.0,25.0
yraP,48.0,71.0,54.0
yraQ,8.0,5.0,10.0
yraR,18.0,30.0,16.0
yrbA,1.0,0.0,1.0
yrbB,43.0,37.0,36.0
yrbC,0.0,2.0,0.0
yrbD,107.0,101.0,121.0
yrbF,0.0,2.0,2.0
yrbG,64.0,65.0,68.0
yrbK,116.0,118.0,139.0
yrbL,66.0,69.0,55.0
yrdA,57.0,48.0,35.0
yrdB,30.0,25.0,24.0
yrdC,23.0,28.0,28.0
yrdD,40.0,29.0,33.0
yrfA,1.0,0.0,0.0
yrfB,0.0,0.0,0.0
yrfC,2.0,0.0,1.0
yrfD,2.0,4.0,5.0
yrfF,98.0,53.0,86.0
yrfG,48.0,60.0,88.0
yrhA,24.0,25.0,30.0
yrhB,89.0,83.0,102.0
yrhC,46.0,47.0,59.0
ysaA,0.0,0.0,0.0
ysaB,2.0,5.0,8.0
ysgA,29.0,23.0,39.0
ytfA,80.0,70.0,70.0
ytfB,0.0,0.0,0.0
ytfE,174.0,155.0,166.0
ytfF,0.0,0.0,0.0
ytfG,22.0,20.0,31.0
ytfH,0.0,0.0,1.0
ytfI,127.0,113.0,110.0
ytfJ,0.0,0.0,0.0
ytfK,37.0,29.0,40.0
ytfL,264.0,255.0,267.0
ytfM,145.0,129.0,174.0
ytfN,113.0,136.0,125.0
ytfP,2.0,3.0,0.0
ytfQ,63.0,73.0,62.0
ytfR,7.0,2.0,1.0
ytfT,1.0,3.0,1.0
ytjA,1.0,0.0,0.0
ytjB,1.0,0.0,0.0
ytjC,82.0,68.0,74.0
yzcX,104.0,104.0,101.0
yzfA,0.0,2.0,0.0
yzgL,20.0,22.0,20.0
zapA,445.0,445.0,436.0
zipA,286.0,310.0,310.0
zitB,5.0,10.0,15.0
zntA,23.0,21.0,23.0
zntR,187.0,170.0,175.0
znuA,163.0,153.0,171.0
znuB,43.0,42.0,29.0
znuC,61.0,61.0,47.0
zraP,30.0,35.0,46.0
zraR,2.0,3.0,5.0
zraS,17.0,16.0,11.0
zupT,121.0,116.0,112.0
zur,72.0,89.0,97.0
zwf,219.0,238.0,248.0
